id,first_name,last_name,email,password_hash,role,balance,birth_date,phone,address,city,province,cap,registration_date
1,Elena,Donatoni,varanobartolomeo@example.net,$2b$12$Z9AL4bCioA25RG1HmTqWqu6mIZ0qzh71Ll.rtHP8deYJPoQ230kj6,user,0,2001-04-28,+39 0165556461,"Rotonda Carli, 3 Appartamento 65",Vaglio,VC,54035,2025-06-19 15:13:50
2,Tiziana,Pucci,nicolettagarrone@example.org,$2b$12$t70shlC./MBWydjNxBLHCOm44vz7SM5AoIx01lmfT.5JMTOdin7Uq,user,0,1990-03-13,377301505,"Strada Fulvio, 617 Piano 2",Agosta,VR,58023,2025-07-29 11:52:37
3,Licia,Bernardini,donnamazzi@example.org,$2b$12$W8ct3hZZ9T1eKxR5ht5dDOV8.7aofxp1W1scbR46WO.LzwxW4xKWe,user,0,1994-09-10,03312112158,"Via Veltroni, 97",San Giuliano Vecchio,FC,28877,2025-04-22 14:54:42
4,Jacopo,Ferrara,badoglioberenice@example.com,$2b$12$CmhpcR6PC8B44dus9dvPHODzJA/ZzbKhq9VNWWnS0HQEmK3k06feC,user,0,1959-02-11,+39 3770810386,"Canale Nico, 8",Mongiana,RC,24051,2025-01-25 11:46:00
5,Ilaria,Fattori,munaripatrizia@example.com,$2b$12$.AhF.xhFZmDFOJIQ7MI58.xy19.wodf/QU5p5f0efBXhiMTXHhd0e,user,0,1987-05-10,+39 3491948652,"Stretto Lara, 4 Appartamento 83",Ascoli Piceno,AL,47862,2025-04-14 10:07:56
6,Serena,Toscani,qpanatta@example.net,$2b$12$qPVMaAylxKgnqjGA8mN3Qe9M8xGamLxRwwsIKIKM0eqaKiZqrq1mW,user,0,1946-02-04,+39 3715186780,"Contrada Faugno, 30 Piano 8",Fabbreria Di Cadriana,VI,83042,2025-03-11 19:30:57
7,Liana,Ferragni,adelasia32@example.net,$2b$12$ogUztjY5.1RbNiXSQ4BUQ.uwAMEdg6s1t0Deoc1YrrL4LJbQfRZ/i,user,0,1994-02-14,0865484878,"Incrocio Dario, 63",Gornate Superiore,SS,06061,2025-07-29 09:49:23
8,Telemaco,Storladi,neddascarpetta@example.org,$2b$12$Cka0Mwp1f5.7l3u0d55Ht.CDW9AV4xyomSe5TqgmqHO55FAZL2koO,user,0,1994-08-15,3621903807,"Canale Blasi, 6 Piano 5",Parola,UD,98137,2025-02-26 08:25:17
9,Cipriano,Pizziol,fernanda24@example.com,$2b$12$MCcQ1o65YwTgM2C0HEBs7eEtAjNMPJttXmm9EMEp1.3cLTJC02nzu,user,0,1954-05-02,35208655359,"Vicolo Valerio, 4 Appartamento 73",Marmirolo,LI,00192,2025-05-07 13:28:24
10,Giuliana,Cugia,cstefanelli@example.com,$2b$12$QwDwnVITPtlPKqY8ZlHtOeP.LxW4w8skowXWRFwy5ROsbunbAGREi,user,0,1997-04-24,32499603627,"Viale Alboni, 74 Piano 9",Foresto,VB,24031,2025-01-26 04:30:53
11,Sylvia,Turrini,fedele83@example.org,$2b$12$nTfRhcQRp80gKUUT3VfNZuK70Z7Jr2L32JUTQXVSHOnZTgYsIS1hG,user,0,1995-06-20,+39 07112542398,"Stretto Trotta, 21",Piano Vetrale,AV,38069,2025-05-22 08:28:47
12,Lolita,Boitani,ucanevascini@example.com,$2b$12$ejQ34Xxn7ftdSlQoShuGyeh.2cyBXl5i5qAGVeaqookLDz5MhvMk2,user,0,1981-03-29,+39 093302835,"Borgo Ruggero, 28 Appartamento 32",Torreorsina,CA,20845,2025-10-27 12:13:02
13,Flavio,Castellitto,pasqual77@example.net,$2b$12$Ur0WYuIyyA09jqaX9tikXuLs4zRh6AgkJ.uX5LJxd7WRBEynh066C,user,0,1965-10-11,+39 0881692530,"Stretto Paolucci, 57",Godo,AL,73017,2025-03-16 01:40:08
14,Rita,Merisi,torquato22@example.com,$2b$12$7uniaf0zCLItQKjAJZykyO9rROpDaLc5uD6oxUC1CRIMH5tfPeq/O,user,0,1979-09-17,+39 01964075601,"Borgo Farina, 7",Villaggio Busonera,FC,80063,2025-02-01 16:08:18
15,Graziano,Piccio,araimondi@example.net,$2b$12$R0Y0iEr2VoyfH5HgHWrv3O2XANQx8EnlaevSYgGrk3RV7XSeErHqC,user,0,1955-08-17,+39 376036429,"Viale Rastelli, 782",Cogna,CA,32046,2025-01-08 20:21:34
16,Aria,Ottino,renata88@example.com,$2b$12$pg74gw0S6QVnJ.6bqHKWiO4OWvAqiWDsZtY850MXOMRHRzqKJarUe,user,0,1974-09-20,0372338496,"Strada Armellini, 12",Sant'Angelo A Cupolo,CL,07017,2025-08-15 15:03:52
17,Gioachino,Argan,leopoldoboldu@example.com,$2b$12$pUeewCLtivlD37FAZ/0mZOY2tkNlJ4Z6DD2kZGgQUaYoPb7rkl/SG,user,0,1943-03-31,36041350809,"Strada Erika, 92 Piano 6",Passo Di Treia,OR,41048,2025-10-17 15:12:13
18,Massimiliano,Emanuelli,guidoscotto@example.com,$2b$12$0x28vEUkM5fPxXZcx3f6..4IvoxFvnbauBxWzXWXgmloS/E1u0uA.,user,0,1981-01-04,+39 0565329339,"Stretto Annamaria, 7 Appartamento 8",Bonavigo,TP,73048,2025-08-05 14:29:21
19,Flavio,Scalfaro,pedrazzinitemistocle@example.com,$2b$12$KsRzwUKx43mr4ZNN.gKcwuaHb.cn3lK6cWjeSLCr5rdPfvdxcAEpG,user,0,1985-04-07,+39 058727103,"Contrada Salandra, 2 Piano 7",Manera,RI,98066,2025-06-10 16:24:48
20,Elmo,Costalonga,wcammarata@example.org,$2b$12$F77hJiCNJ3CBVkNWai/nieZehzWiGzWm.8drASj2j/G1ciOjjo3xm,user,0,1977-08-23,+39 0881752841,"Stretto Martina, 130 Appartamento 64",Piedimonte San Germano,SV,07027,2025-01-20 08:12:25
21,Fausto,Fracci,jquasimodo@example.net,$2b$12$Aje1YUz.CfwokZ1ps4nlX.16QSsTwn8QlkW1BTF9byhoq44lsuj96,user,0,1942-08-23,080285037,"Piazza Borghese, 83 Piano 9",Strongoli,TP,22074,2025-10-23 16:54:01
22,Mariano,Paolucci,tanzinicalcedonio@example.net,$2b$12$lHZQYOlfk22tDiMAV3teh.LQyjzVeG4mUcs02YgBa/XY37oS8mfjO,user,0,1981-11-15,+39 0894010488,"Rotonda Amico, 6 Piano 5",Collio,AT,98054,2025-08-07 10:30:16
23,Gaetano,Camuccini,pnugnes@example.net,$2b$12$m8h31/.b7FIi5i4l987wJ.7UM/IiiUuwA8j12eq30bsDu3xivo812,user,0,1969-08-18,+39 3774384088,"Contrada Pina, 1",Migliano,ME,86075,2025-07-24 09:22:52
24,Maria,Nugnes,niccolo08@example.net,$2b$12$XIslMDkr1onnKhrTyhj/wuktaLxwE7j/yMz/WQ2W8cNGS4V/tDTUm,user,0,1978-07-10,+39 3231952496,"Rotonda Redi, 41 Appartamento 5",Padula Scalo,PT,73013,2025-08-23 09:38:22
25,Martina,Schiavone,luxardoalberto@example.org,$2b$12$hQdwAkEJJcWv6HNgh05jy.A6gtSsY/Gd5DNDw2EcYT/oA93t/JDhm,user,0,1948-05-24,0963054872,"Contrada Ariasso, 0 Piano 6",Maccagno Con Pino E Veddasca,SA,22045,2025-04-10 16:08:13
26,Giuseppina,Rocca,gioachinofoscari@example.com,$2b$12$hBkfuJBmhmKy/.z.enSrmuRycc.VrQUVIuu7EEricpjRYeOMyFpxO,user,0,2005-02-26,+39 35106350081,"Vicolo Monicelli, 0",Condofuri Marina,SA,84045,2025-08-31 23:05:44
27,Fabio,Renault,rosaria98@example.org,$2b$12$Tz4F4RoGkkBj0sOoPbWz5e9k2DqM7fJ2hTUaJawGHJVBU8lx9A0XG,user,0,1964-12-11,+39 3514525486,"Vicolo Alessia, 0 Appartamento 3",Ponzano,CS,50025,2025-05-10 01:56:00
28,Evangelista,Gatto,scilibrasi@example.net,$2b$12$.bNDBCr/aeyUiLRGb5i5quikfuHlU1vQvqegoHMDloOWHR4OnPnVC,user,0,1975-03-18,05326610638,"Via Tonino, 63 Piano 8",Levanto,RC,20044,2025-04-16 12:27:06
29,Pasquale,Marzorati,fernandagalvani@example.net,$2b$12$0ZleVpuDP9JjPxP4xmH68OKLjmR6xNkNaf1OOjVjSZEjQGJCsF5Qm,user,0,1991-11-19,+39 04107980523,"Borgo Alessia, 84 Piano 7",Pavone D'Alessandria,VB,56025,2025-04-17 23:18:22
30,Alfredo,Luzi,alessia37@example.net,$2b$12$dMP9Ll22aIsvF7/nqs8n4.aotYwaiec6kS.3iQ3zF.3fQjb4XZhm6,user,0,1958-01-28,+39 0890169076,"Borgo Campano, 44",Trana,BT,15121,2025-05-05 12:02:36
31,Bianca,Antonacci,qloredan@example.com,$2b$12$bA7k/F9WgV2wFsaaYvjh3enMte6smf4nxIo.XhB6df6arWrnmzCwK,user,0,2001-04-09,335825188,"Piazza Venancio, 8 Piano 5",Moncigoli,FI,24027,2025-01-26 05:19:39
32,Roberta,Moschino,marcomuti@example.com,$2b$12$rlq9EmINm4gwzE9TO49gYuxGxKBcwyv69C..mx0tiCBhOuDZRcYru,user,0,1944-06-24,052159630,"Viale Ossani, 14 Piano 8",Bagni Di Tabiano,BN,09016,2025-06-02 11:22:31
33,Jolanda,Gualandi,imalacarne@example.net,$2b$12$dFDVRRZK.EQkHGqerGB2iO82wlR88yLaqcXvT/0/iXF6dPGdDOVwq,user,0,1965-07-22,077619323,"Canale Cardano, 2",Porciano,LE,00161,2025-04-12 21:27:22
34,Fausto,Calbo,ogigli@example.net,$2b$12$pz46j5ExDmmXJtJKLzkRv.tPvnwKrQ2alY4XzVZ8nQDCAJibYfl/O,user,0,1974-09-22,+39 3776815080,"Incrocio Cutrufo, 40",Settecrociari,MN,90046,2025-01-19 09:31:13
35,Raffaella,Vidoni,alteraranieri@example.com,$2b$12$ylztBRnvQ/7u92hs4QBAueiy4yIWabDbpIVJJN0WPsH2CD8DOHeKW,user,0,2002-06-04,+39 0776094997,"Canale Elladio, 3",Nugola Nuova,VB,13035,2025-06-11 13:53:36
36,Griselda,Farnese,lorlando@example.org,$2b$12$GYdJHprNLQf7iD.0sczvGuSKKVpuISOZANEBYiRzBAyK4Pj43KrdK,user,0,1964-07-31,351143612,"Borgo Fagiani, 45",Giavera Del Montello,PC,11029,2025-04-03 04:59:43
37,Sophia,Boaga,mascheroniconcetta@example.com,$2b$12$.ORZiaozD5vMSvF1v.EIWOVjnO1i0TMYr5s6jiixuBeSe2IRo47Jy,user,0,1989-07-01,050432157,"Piazza Nadia, 22",Francavilla Al Mare Rione Foro,PN,38085,2025-06-24 18:37:01
38,Armando,Sandi,brancacciosilvia@example.net,$2b$12$cmu0S7IYxoqITdBH5wt/QucecfjkOEmaNaOg5ld7VHqEj6VPkjrhq,user,0,1977-01-25,+39 3446100825,"Viale Maggioli, 61 Appartamento 13",Colmata,MT,25088,2025-08-01 12:31:25
39,Geronimo,Tafuri,vincenzobenussi@example.com,$2b$12$nSj3ZT/RMYHAe/nmLyWFI.jIP7nI5mxck0tcNnTIDdD3PLrj9MX.S,user,0,1967-04-15,+39 078989314,"Viale Montanariello, 12 Piano 0",Ravosa,RM,02023,2025-11-17 19:26:01
40,Paloma,Gabba,rmaderno@example.com,$2b$12$5RtCu4EYYfxnXRZWY.6Qd.JksTcIMpq1959BlYRFmhgJ50UFGWfT6,user,0,1962-11-02,+39 0984728338,"Strada Trombetta, 10 Piano 2",Casola Valsenio,BI,89047,2025-01-08 04:48:08
41,Fiorenzo,Rossetti,giacomoemo@example.com,$2b$12$jW4p7rZJpX1Ptfw9YNE82uqsEYmZ01BkTzQI00HeSyTMHUhrRe7XO,user,0,1969-06-26,+39 0942751407,"Canale Geronimo, 4 Piano 8",Miasino,KR,74016,2025-11-26 14:03:32
42,Ubaldo,Flaiano,cherubiniveronica@example.net,$2b$12$6T/gAW7Y.PnBmStR/HwtoOqanBQuOerLzQQeUVJTs6i8PzID4GMIO,user,0,2007-01-09,+39 053679154,"Viale Tina, 7",Nave,AL,08045,2025-01-29 19:20:38
43,Pompeo,Faugno,cecimaura@example.org,$2b$12$2WdfJqbU.Mbyy3mwkQtpy.w9nkKxQwI6WQ5/3Nuwi1Ba47JwwghXu,user,0,1964-09-28,0432954207,"Strada Annibale, 2 Piano 6",Grottammare,PD,37016,2025-08-19 22:10:15
44,Annamaria,Toscanini,pcafarchia@example.net,$2b$12$plW9oIoUQ3bWHVRRJ51XxequD0q1LsplANNmfrxSrEKR0hVUo7Ue6,user,0,1954-09-20,08553991753,"Rotonda Faugno, 936 Appartamento 7",Catanzaro,RN,56023,2025-03-11 06:23:51
45,Gioele,Beccheria,bvitturi@example.com,$2b$12$bJ3IKCk/EHv3uwyFCnMjmO3MCZ4X6OSqaPVo3ETFO15FiT1Y4z/zW,user,0,1965-12-06,3458534867,"Incrocio Gioacchino, 54 Appartamento 74",Aradolo La Bruna,AV,44041,2025-05-03 15:08:43
46,Susanna,Chinnici,gianfrancesco62@example.org,$2b$12$9x/HuEe/HZfN6FhW5hfYAOtxigIAvIZH27CMTIEyErOGSVo8MPFg.,user,0,1956-09-05,3774619932,"Incrocio Cammarata, 870",Plataci,SU,76012,2025-09-13 08:29:30
47,Annetta,Bertoli,tiziano45@example.com,$2b$12$51dSawTX8d.cJdBVN1lc6uqgts9X0ZSqT0dXiqhQLwvNART/t2N4y,user,0,1991-12-10,0523617690,"Via Loredana, 1",Fizzonasco,OR,10083,2025-01-17 18:34:50
48,Ida,Badoer,aagostini@example.net,$2b$12$BRS6pvYTWAAv1V6rU6zav.3DlfYwdq/SgdvC5LhMUmwpnLsSeAjIm,user,0,1991-11-19,+39 04237387953,"Canale Donato, 0",Olmi Di Treviso,GE,32044,2025-11-17 17:44:31
49,Valeria,Mazzacurati,ippazio78@example.com,$2b$12$vEwhhJ.HAy1m6uaYkXMTCubk59GrFWESVo3CMCcnKL2wV1g4DFyoi,user,0,1996-04-22,+39 0353917138,"Incrocio Giorgio, 96",Tornareccio,VT,98166,2025-07-11 14:48:10
50,Isa,Papafava,amandaantonacci@example.net,$2b$12$fncJxHQlOFbOp4nbZfGj/OpLy8464413LnJhLDbDjI4OBmvlqkjMy,user,0,1949-07-30,327677063,"Via Fattori, 82",Capistrano,PG,00043,2025-09-20 17:23:05
51,Calogero,Zamorani,qpolizzi@example.org,$2b$12$L3ydSB.gsuPPKZOdVwuk2uTj5QXN7d5Mi/CabiVjYAFyPv96FAOnO,user,0,1977-09-19,3773886409,"Contrada Vasari, 5",Peschiera,TV,88040,2025-04-23 03:46:52
52,Vito,Lanfranchi,oreste84@example.com,$2b$12$9yABZuFTG4aT/VVKa4oInuYLbo5cCS3CQDkszaiesRRXPONBzA86G,user,0,1989-08-12,073265513,"Vicolo Maura, 433 Piano 8",Numana Lido,TN,13875,2025-09-05 16:25:34
53,Vittorio,Gucci,tiziano65@example.net,$2b$12$cSJg.nfvO399V/QitizZ7e2UjNkBj3YQJZ3Sht9Jfz0kAqlf25Jua,user,0,1959-05-08,07822203239,"Strada Antonello, 89 Appartamento 1",Borgo Ticino,BL,32031,2025-10-10 05:35:10
54,Ferdinando,Magnani,tatiana47@example.com,$2b$12$TxU5DeqckYxp65zlZ6B7XONPiGJPvMtQVibpzIUcScIAtYeFwInD2,user,0,1946-06-09,+39 058893903,"Vicolo Prati, 42",Quercia,LT,08030,2025-08-29 12:18:06
55,Gabriella,Squarcione,alfiopiccio@example.com,$2b$12$2XC.ReGzN.S3DXwkQpxjEevuM4fyqMttuRKV4wlxHZUosi5lVIjIy,user,0,1943-11-22,+39 05413210271,"Via Antonello, 2 Appartamento 29",Soverato Marina,FG,13843,2025-03-22 00:30:07
56,Ida,Manolesso,luciana30@example.org,$2b$12$dt0XxBFcejgSaYC97iNJmOIzEm2hMwoaaK/tPm.5MvHReMBh6AloC,user,0,1961-12-27,0933021039,"Viale Trentin, 8",Castelnovo Val Tidone,FG,31033,2025-07-20 19:11:21
57,Graziella,Bianchini,obova@example.org,$2b$12$IxhBm80dSCizTHeN6G568.PV3A6CgXcK0fFkPHe7ZWMMZlHitd5U.,user,0,1955-01-08,07733324197,"Stretto Flora, 95",Vestenanova,PE,60022,2025-07-17 18:22:55
58,Chiara,Valier,mercantinicecilia@example.net,$2b$12$CbdoWgNnESrYYygHRGX8RemXY6aRCy2Mw03x5XgHvgJvbriXzcbmm,user,0,1955-09-21,+39 050093346,"Borgo Vanvitelli, 891 Appartamento 19",Castiglion Fosco,CS,67050,2025-07-19 12:03:38
59,Ezio,Mazzacurati,giuseppe28@example.com,$2b$12$QXdBKClQa2vMhqT6Jx.xYOsl7SYg3fI48KpMjvkw1C4l1jx6/Ndli,user,0,1941-10-09,3520888760,"Contrada Alphons, 8",Montecorone,CH,00126,2025-10-24 06:49:55
60,Raffaellino,Iacobucci,guglielmomonduzzi@example.org,$2b$12$ZR28FuKtjuCGxwE6m3h6MujLeE8G2EBCedFHLy1kF8gVFDyVDxRGi,user,0,2000-09-16,+39 323259506,"Viale Cecilia, 651 Appartamento 6",Gummer,SO,12087,2025-01-03 19:44:51
61,Gaetano,Brunello,dcicala@example.com,$2b$12$YxelLNgmFXGT6ptkmono9.Av5e/lV7pe022m8e/LSKx8dLdWbPcRG,user,0,1990-02-14,+39 09425497386,"Canale Torquato, 11",Crosara,GO,53030,2025-02-03 11:14:10
62,Eraldo,Pucci,cutrufoubaldo@example.net,$2b$12$v5OFaBTNYBMIWHVwlydRcOSfW/ZGgdNRoc689ywAMT7fwwsaO4ymi,user,0,1943-03-22,070596259,"Viale Eliana, 52",Centenaro Castello,BZ,17025,2025-10-26 01:49:22
63,Adele,Alighieri,cecilia70@example.org,$2b$12$PbetRfBqSGZyohbz/gAU2u11vqRsx7KIJlevbGOvC8YhbDRXb1F.i,user,0,1945-05-31,+39 058388060,"Canale Renata, 731",Castelvecchio Subequo,CZ,57034,2025-01-10 19:01:44
64,Franco,Gabba,legnanteorlando@example.org,$2b$12$D13r8gNKw8BXouwk8wkJVOpij.2vJlj.4OhBh4FzSGT86bYHv6NIe,user,0,1956-11-25,+39 3791623419,"Strada Calarco, 13",Monteflavio,PU,98163,2025-08-30 15:05:35
65,Fiamma,Comisso,vschicchi@example.com,$2b$12$Snn3VJBS/8HkhVauQFqroeRWzvvgC029ByDHYJORBqoUwxtsGspeu,user,0,1987-06-18,33531222220,"Canale Severino, 5 Piano 7",Rosello,BG,72019,2025-02-18 10:58:34
66,Donna,Vidoni,mazziniviridiana@example.com,$2b$12$f3/4C4VLHjMOO1Y.I0itvOxjzr0pFZHGURd3rsr9cBmHM4czjhBve,user,0,1992-03-22,347638572,"Piazza Ludovico, 82",Segromigno In Piano,PN,83016,2025-09-27 15:10:13
67,Adamo,Marsili,imelda90@example.com,$2b$12$otIvP9k9vLQTJu1ejrIH2u/RuTjNoI8WQilydf0LbBu54oH9TSfY2,user,0,1958-10-25,+39 0434379699,"Strada Tron, 3",Camigliano,SR,72020,2025-03-20 04:00:55
68,Ottavio,Ferrabosco,badoglioetta@example.com,$2b$12$ACDpPSS3WOlvX0JG9Xe.dusHfpuMLzHgv0BqoP6KjcvSuYtxOrLn2,user,0,1962-11-04,+39 042352234,"Via Giampaolo, 1 Appartamento 16",Rigoni,AN,34079,2025-02-21 08:39:07
69,Romolo,Gori,taliercioruggero@example.org,$2b$12$HeKDw4WrI3iyiwerVw7mzOOiuRgdEq7AVR7/amJ5CKJpSBt.rxaPC,user,0,1946-08-03,+39 0523230759,"Vicolo Beffa, 485",Parete,FM,42022,2025-02-13 01:50:04
70,Mariano,Impastato,danilo22@example.com,$2b$12$Mn2iTN1drTrb8bjJ/KHdrexjMftCBKzPVNM.32ZvjPNZeS5gcMpn6,user,0,1991-09-14,05852739496,"Via Comboni, 859",San Benedetto Dei Marsi,PZ,91021,2025-10-05 00:43:08
71,Gustavo,Soprano,cignarolifabrizia@example.org,$2b$12$5ZmkRD2BDQHiW2rUspQk6.82ozPAcVtIV7gC4nsc1c3Fcp/mtNCym,user,0,1955-01-25,0916780892,"Piazza Nina, 52",San Lucido,TE,80057,2025-06-04 17:54:50
72,Puccio,Golino,hferrucci@example.com,$2b$12$doQYQhbLRANyENmS0o1vQeaTWvp4EWEEwnI8Cr8Vmpy0GDkX6Pee.,user,0,1953-08-04,05328270739,"Via Torlonia, 20",Umbriatico,CT,12066,2025-02-08 22:57:11
73,Danilo,Argento,faggianicalogero@example.com,$2b$12$xfyaxuuT9ZYBf2AzbfRdjuB0coNtkrbsTS632q.tNRFPHYYTK7ZCi,user,0,1947-12-20,+39 3311067973,"Canale Sandra, 26 Piano 5",Marano Di Napoli,FC,23827,2025-04-22 20:40:25
74,Maria,Castellitto,montecchitiziana@example.com,$2b$12$3fF.IKkf9VMptYjLMfNOlOmyAai/TdQ638CZ8u5WL6S3q9UPNmO3e,user,0,2006-08-19,+39 0942878532,"Vicolo Luna, 2 Piano 0",Santa Reparata,MS,09042,2025-07-29 14:51:50
75,Vanessa,Cagnotto,donatellovisintini@example.com,$2b$12$ORTdmFGW74E5DZJjoeRfwOtoSrwApyItK.OOvKj5gQ9gvljYyR/SS,user,0,1946-04-17,+39 3533157939,"Incrocio Matteotti, 79 Appartamento 30",Sant'Eufemia,PZ,07040,2025-04-24 06:29:12
76,Pierina,Costalonga,ignazio38@example.org,$2b$12$R2MigCejNUT0ArL3g2I8eeRzodSUWDNBn328qR6jdhjHzNDVkq3BK,user,0,1969-08-20,+39 375759296,"Canale Ottone, 7 Appartamento 80",Piazzolo,MB,54015,2025-05-26 19:13:58
77,Vittorio,Scarponi,ceciliabuonauro@example.org,$2b$12$.dOynHqjqLBv8KNgx1waf.wO.Az12ltV8kGxcVd1c0S4fsZU9vYQa,user,0,1949-03-09,041295749,"Stretto Interiano, 85 Appartamento 8",Mariglianella,NO,60048,2025-08-24 09:05:35
78,Sophia,Chiesa,pasquale16@example.com,$2b$12$Q9WS99TrPzjavtQsffD/Be1OkPOOkv8HGfdGVagrNqmxMSYuLZH8G,user,0,1984-10-14,+39 02690562950,"Incrocio Beatrice, 68",Villastanza,RO,06024,2025-09-09 04:06:52
79,Etta,Praga,luiginamontalcini@example.net,$2b$12$RXwCc3NNooUYmUTo5wTyjebsN.KwcdcFmcFa7PR5JZyZdpvTIvYV.,user,0,1975-07-19,3511326627,"Viale Tiziana, 20 Appartamento 40",Rovereto,PZ,50100,2025-05-10 20:41:51
80,Puccio,Ciani,aldojacuzzi@example.org,$2b$12$i2C7shrabO06XIqA2/fh3eO8ycgbGGF4panwU8qr9hoRcT2AqwMCK,user,0,1980-12-12,35003799981,"Incrocio Loredana, 69 Appartamento 18",Sparta',TA,56122,2025-01-03 13:35:49
81,Leonardo,Gioberti,nataliatorlonia@example.net,$2b$12$d842FEhMlud7fuZZJYgvcO8xhowFRZ.o6zU5wpLyqmSAnK1JPjhRO,user,0,2002-04-04,+39 01632363305,"Viale Luciana, 31 Appartamento 11",Legoli,SR,87012,2025-04-28 11:10:09
82,Clelia,Natta,ungarettiranieri@example.org,$2b$12$b9z2v5UURF4/Z1mPBFV4JuhjrctQ6xMmawiTjJPY19MVrAOUvLBWq,user,0,1960-09-06,+39 0564821570,"Vicolo Nadi, 774 Piano 0",Monticelli,AL,55035,2025-06-11 11:40:38
83,Fulvio,Bulzoni,tiziano76@example.com,$2b$12$zeiAy9iRs71JZsb.MBRpCOyjgZdUM4j1wk3ArNv1deK9xO0stcQvO,user,0,1967-10-17,0434504238,"Canale Laura, 89 Piano 6",Taino,PC,00174,2025-06-28 01:08:46
84,Costantino,Favata,xaldobrandi@example.net,$2b$12$xtQPgDJ/wG1fcYFiMDrKxug6EbeTkFz1Zu3Q5JZlggP3MO9g9khnW,user,0,1959-07-01,+39 05321176896,"Stretto Boaga, 156",Borgo San Pietro,TO,50141,2025-10-12 01:54:31
85,Gian,Farinelli,graziellabenedetti@example.net,$2b$12$8KI1ZuByN/lmOH5yqlW7U.4M0JJuffvzcttkvgGaQRuZIstTsQSNS,user,0,1995-11-15,+39 05734666573,"Piazza Caccianemico, 27",Marentino,PZ,50018,2025-08-16 11:30:18
86,Fedele,Camilleri,liberto22@example.org,$2b$12$B6GhOvY0kNqDi1uaRQgW2.8P0yZWz.CkhW.Ml848FuM9GT5XLEOfa,user,0,1984-05-18,+39 01859214051,"Rotonda Enrico, 743 Piano 5",Persano,PI,50021,2025-06-05 18:07:13
87,Valentina,Gianinazzi,agostino43@example.com,$2b$12$0EvUgFqgrG4bzkme0hvc6eLOijP4cfejHvLaXklh78NnWPaF.DLcW,user,0,1992-04-14,0541121495,"Vicolo Gulotta, 29 Appartamento 56",Verderio Superiore,RC,84032,2025-07-10 11:21:21
88,Fiorino,Bombieri,blasievangelista@example.com,$2b$12$s1inI9F9cFNVbjeSYgv37e7zs742SuFtQ1Ncx7.j/Tj.jJ5T4Irk6,user,0,1992-06-12,3509440859,"Strada Natalia, 5",Villa Sant'Antonio,BR,88062,2025-08-17 03:11:11
89,Enrico,Ginese,benedetto05@example.com,$2b$12$YhoFqHAihPq53zb43g3sJuiNDwoLTiwpFi7DfFXZhWCdmZhvxr2xS,user,0,1970-11-13,+39 375537881,"Borgo Eleanora, 23 Piano 7",Furtei,CR,86079,2025-08-26 19:17:35
90,Liana,Golgi,petrassivittoria@example.com,$2b$12$NBiyR/NhmKhHo9CSyKF6Z.uyfJhv0yG/XiLHm.GrMivU.qmNs4nr2,user,0,1941-02-17,037558416,"Stretto Gianfrancesco, 83 Piano 9",Madonna Delle Bozzole,LO,09020,2025-01-26 13:23:44
91,Michele,Gianinazzi,borghesesaverio@example.com,$2b$12$pwwHuoQUkYLo.7PqULk7ou2lKjSUx4ZrFgRui5iEiI1RYoPBMroBW,user,0,2001-09-20,+39 018743342,"Rotonda Fantini, 9",Letino,CS,63857,2025-03-23 16:16:28
92,Elvira,Navone,accardoolga@example.org,$2b$12$QDcXnF3XcBKP61FSF6EGG.X31IXjuU.dChPDJAuJNDn3xL4zf.8Va,user,0,1970-07-06,+39 375680657,"Rotonda Rodolfo, 139 Piano 8",Pancole,PC,38066,2025-10-07 02:10:41
93,Pierluigi,Gaggini,cassaraatenulf@example.org,$2b$12$u/oPz1m.pp9sHGeC2z9m0OcszzQlIiZxVlqAvYxYiFXWe0CDu/Qa2,user,0,2002-01-30,37707080637,"Via Valentina, 57",Torri,TV,66010,2025-01-23 12:14:21
94,Pier,Rusticucci,pellegrino78@example.org,$2b$12$UeZjxI1M1WcR0TdVP41HbuFA9oreRiV6fvIK3C4P.pG/3MxjGcQbC,user,0,1956-09-26,09626366516,"Vicolo Nino, 3 Piano 5",Crevacuore,FC,14048,2025-04-17 10:24:18
95,Annetta,Cristoforetti,pberlusconi@example.com,$2b$12$m2.VKgV./Tr5anSM2PF0detk0K8NMsglqjl.nRET5nyxtzpMkNtou,user,0,2002-09-24,097484997,"Borgo Gibilisco, 7 Appartamento 9",Rosignano Monferrato,AN,25074,2025-02-21 16:36:17
96,Lara,Abba,zaccardoannibale@example.com,$2b$12$faRVwkv2MRYYSWAR5mMTG..L5KY6e6t3nyjUN2WjbgMM826JtzEoW,user,0,1943-08-12,3901037082,"Canale Adele, 566",Monte Oliveto Maggiore,SP,21012,2025-04-15 11:49:00
97,Aldo,Tarantini,chiaragabba@example.net,$2b$12$0f3umuaUodLjJwhYT.nE2uRQId71CDF0MzkCmMQFm4jVl7.sQRGEG,user,0,2006-07-05,+39 0331134631,"Incrocio Gritti, 953 Appartamento 1",Loreggia,FM,06126,2025-10-02 04:20:32
98,Jacopo,Sansoni,uborzomi@example.org,$2b$12$AOAC7IT7hJUTnivj8Ot7pOgKqhIvsZ.U224CRdrt82BZFLeKqHTJ2,user,0,1953-06-01,377826449,"Piazza Dante, 68 Appartamento 23",Crocemosso,CR,08049,2025-06-30 18:39:53
99,Gioachino,Valguarnera,carlo76@example.net,$2b$12$F6z3tZWueC1cBb9OiwS1Ieo1uIRZ72NleZEW3Gz6Z9FBBOhf2UOeq,user,0,1964-01-29,+39 042244747,"Viale Delfino, 46 Appartamento 7",Fucine,TV,18023,2025-07-08 08:08:34
100,Raffaellino,Fracci,montanarifranco@example.org,$2b$12$0kSmZ1ZatfI3jq8R1qggwumWBlwKuhYjy49cY0XQCe7v9FJkm38ii,user,0,1961-02-22,34979978856,"Via Vincenzo, 9",Cilavegna,VT,35032,2025-10-17 13:10:12
101,Liliana,Mozart,abbagnalearmando@example.com,$2b$12$3l5ySp3zEiJai/U8wLvl1OaZKIH2UotzjsF31M12fjWlbfqshARyy,user,0,1969-06-04,+39 0892173113,"Rotonda Luciano, 70 Appartamento 8",Pozzecco,PU,34125,2025-06-12 23:28:47
102,Ornella,Coppola,pierpaolo82@example.com,$2b$12$ZipKTuwKVvzOR6R/.EWN1.p8SdRcw5FTJy0l.1BRSJQP9ni7H7/IC,user,0,2004-07-03,+39 3223428434,"Contrada Argan, 22 Appartamento 1",Canova,CH,12023,2025-01-05 07:53:26
103,Berenice,Catalano,viridiana74@example.net,$2b$12$a/YbFoKsrBXWz0AL6x2MDOjFcZski4j408PcpRNXlmu8f6qGr1qhi,user,0,1990-04-24,353459494,"Viale Satriani, 254 Appartamento 6",Miceno,AV,86084,2025-07-30 03:19:54
104,Bernardo,Bonomo,lussumaurilio@example.net,$2b$12$9Dx7/DR37TYZBZEaLip.Ue2PXbG/I9fShmovOGG2XrdP9dZtZmzCa,user,0,2003-01-10,+39 057550462,"Vicolo Alboni, 4",Casilli,MT,37139,2025-11-22 05:12:48
105,Imelda,Mennea,mauro59@example.org,$2b$12$byzzR.tRKQFynVvYOtGJHubCM/vPAfQdK7578TqY/nPe..Un/kRCi,user,0,2000-02-07,+39 377976749,"Viale Petralli, 92",Luicciana,CR,88813,2025-01-02 09:44:02
106,Geronimo,Corradi,jbeffa@example.com,$2b$12$1csi6RF5xzApvcD/v4v9weR9PpSydKZP0swGNpcOMS/pklix9WcDC,user,0,1981-11-26,+39 375626743,"Viale Nibali, 79",Pievescola,FC,50036,2025-02-08 19:38:13
107,Alfredo,Morlacchi,proietticesare@example.net,$2b$12$26sK8tw0XRwkLQaIqlJlc.cb2pcNUGn9bwyg0EGtm5BrG9ZgPjxda,user,0,1988-10-10,+39 0950739215,"Piazza Fantini, 58 Piano 3",Temu',CL,06040,2025-08-22 09:16:28
108,Germana,Pizziol,morenafinotto@example.com,$2b$12$btdnTMA2Ue1AcYmfCxGnJu5jHUc7XcJ07fg/eubazJqWqq1aBR3le,user,0,1963-04-04,3457877338,"Viale Cugia, 7",Martignano,PD,85030,2025-05-21 05:41:20
109,Carla,Polani,scamarcioserafina@example.com,$2b$12$0k4fgf.HqsB8OmcfbvCTD.FaHXNYdpkI/leX502.jKBly.atN0/6G,user,0,1945-10-19,+39 0373601857,"Rotonda Grossi, 235 Piano 3",Serra San Quirico,TA,07015,2025-02-16 03:42:11
110,Luisa,Lippomano,bettinaruggeri@example.net,$2b$12$V504lCbIrR8zMBck7BM8Je6MDbxNEUFfyK.IBy.1Xe3PUg.VXs3Ri,user,0,1995-04-28,+39 39157074981,"Viale Rizzoli, 5 Piano 4",Cerreto Laziale,FG,92028,2025-02-12 17:41:27
111,Tatiana,Mogherini,ceriguarino@example.net,$2b$12$yej/Xl41gWkvrGxZjOzpeO0FN2HDP9.KqAg5gZDbQHAryOA8eRaha,user,0,1943-05-20,+39 371370682,"Strada Giorgio, 46 Piano 1",Sperlonga,GR,75012,2025-11-14 05:33:51
112,Gianna,Trentin,pomponio90@example.net,$2b$12$S0AYw6hqQE/yKLo/kVJ4b.OvEzjuNiSVTqUshImU.QgC/55eY.8xK,user,0,1989-11-03,+39 0925690438,"Canale Eraldo, 43",Piancaldoli,OR,70127,2025-06-17 11:33:38
113,Angelo,Ruberto,amaldigemma@example.com,$2b$12$9YZUgtRkLSclNtd.b5oDEeh/fAxbfXIpfpDRBjtPtMx1CYNvIzTvu,user,0,1982-07-03,0547471815,"Viale Ida, 49",Collefontana,CZ,38013,2025-03-30 16:47:35
114,Ubaldo,Randazzo,papettiivo@example.com,$2b$12$/BxTSGsGM1io3GsXKSnpju1j6Z.HwQH3Ceem.wwxLns05hP8kM8wm,user,0,1988-05-09,+39 0422803072,"Contrada Toninelli, 83",Fiondi,RG,40014,2025-06-10 11:20:02
115,Raffaele,Manolesso,guarino02@example.com,$2b$12$mntqlB7wPDn0FM9uwVzGCOmueUtrC/.WMeUVfmZepkypMXXk3TnUa,user,0,1953-02-11,+39 3710883103,"Contrada Zeffirelli, 51",Airetta,RG,80063,2025-06-24 10:27:30
116,Olga,Zito,vincenzo44@example.org,$2b$12$wviNrtGKQ9w1IzRpK8KhV.s0Z5LW/qvP3aF4WcRwxENt.U/xvgEMq,user,0,1957-03-30,0735924749,"Vicolo Bellini, 0",Piana Di Monte Verna,NO,43030,2025-03-15 04:17:53
117,Baccio,Rastelli,wantonelli@example.org,$2b$12$qR3zXepSf3eUXZT65tVyCepltIz35xfi.TDEYvK6fahOLxky5EHHi,user,0,1968-02-24,3512084446,"Rotonda Paoletti, 70 Appartamento 2",Canizzano,TO,58014,2025-02-14 08:09:58
118,Maura,Bertoli,tulliopininfarina@example.com,$2b$12$nL61i3OTz/wiGcnGq6Bmp.FCgHewXr08QkDhsCzzm02IdGgF.yAHS,user,0,1964-12-27,+39 3732267042,"Rotonda Sagnelli, 8",Corica,BN,10020,2025-06-05 17:30:02
119,Marcantonio,Taccola,annamariapacelli@example.net,$2b$12$V8XZ/BMjOlCMWgKs.3TiIO2iYTN7a6kLh1zIl4bZeSgGVSTW.uIUG,user,0,1945-01-05,+39 0421929162,"Stretto Fabbri, 29 Appartamento 98",Salcito,SV,36075,2025-09-15 22:27:20
120,Dante,Rossini,luchino36@example.org,$2b$12$Kt3g/Frr8L62Y3qB5fy5lOzkn1c0XriOvH.Yh39U5xOG7ec0Kk8o.,user,0,1973-09-15,+39 057763567,"Vicolo Michele, 546",Scifelli,PO,38021,2025-07-24 19:23:52
121,Delfino,Volterra,mberlusconi@example.com,$2b$12$gjYckDN3gQ90ujyFpSqbGuUMqpCIlvDOIlLGi.TkW04sqcPpo2rA.,user,0,1965-04-25,35334787025,"Contrada Bianca, 7",Serra Pistoiese,BO,93011,2025-08-04 06:37:40
122,Ranieri,Volterra,albertiniermes@example.org,$2b$12$Q5A0.XcRkAZfFSe7KQATx.xc3TGy9HjCTH53j2uGii4EwWBXPW.MC,user,0,1994-02-23,+39 018339637,"Rotonda Cilea, 675",Salvaterra,CA,00136,2025-01-30 19:49:13
123,Piero,Casadei,dallafedele@example.net,$2b$12$TfsZYi8d1nJCQDJUYwwLe.otirQSRNKpLn3WEhlt.heWZCXhOlMUe,user,0,1999-08-10,08245076437,"Rotonda Domenico, 320 Appartamento 58",Carezzano,FE,56031,2025-01-20 21:42:57
124,Priscilla,Babati,ramona74@example.com,$2b$12$wenI/tr0fyUndOQdJVvz4eI5qc9T3kQV9RRHEN4PN/M3Z60593RrK,user,0,1958-12-31,0331315408,"Rotonda Faranda, 976",Burana,SI,16044,2025-11-02 19:10:06
125,Veronica,Niggli,righiparide@example.org,$2b$12$X7SGiTaQ02QIWNQ0NwAp7OlwllcDoDS8DIteUOAFsnGfTaTN5rIgG,user,0,1966-05-02,097586726,"Via Rizzoli, 96 Appartamento 22",Porto San Paolo,LC,27040,2025-03-24 06:54:07
126,Ippazio,Cimarosa,antonellagiovine@example.com,$2b$12$ipaB/vExP4yD12HU3aQ98./8mEa8wnVOwLAJDN1nPtryuItke29HC,user,0,1996-12-12,+39 077409658,"Rotonda Scamarcio, 835",Casignana,RN,55011,2025-04-24 19:27:26
127,Dolores,Maderna,iannottiagostino@example.net,$2b$12$ouHPRomJzj1oqJIlwL/PyuLpsxSRB6ofoQBbwat9rrU4/Zp6mXDDK,user,0,1988-08-05,0423584133,"Incrocio Stein, 51 Appartamento 1",Pedraces,SV,01100,2025-10-27 15:08:31
128,Alessia,Perozzo,martagottardi@example.com,$2b$12$dEyko07thKa5OgRBlr8l3OTU1hgPC8nVxEBe.iyV46JtEi0MMZQdG,user,0,1977-05-28,+39 04814657489,"Via Mezzetta, 0",Villaggio Del Pescatore,TV,28068,2025-05-12 16:26:25
129,Valeria,Briccialdi,lorenzo51@example.com,$2b$12$OGMAhyAwMf4oFYnSsRiWYOfBhNCEFkfP99KM8TOhQT8HuXu4YGWT2,user,0,2002-01-17,0321286040,"Contrada Severino, 597 Piano 0",Sant'Antonino Sciortino,SI,17100,2025-08-16 12:55:11
130,Ermenegildo,Notarbartolo,rembrandtpacomio@example.org,$2b$12$D3eLtBh2q4A.HEZ/NUZXBeUY.pnBXmEqpxfZMo87sVGEG7qcIC7v6,user,0,1955-10-30,350568045,"Canale Piergiorgio, 30 Piano 0",Arsego,FR,86048,2025-03-02 22:15:34
131,Iolanda,Bacosi,cecilia58@example.net,$2b$12$DkIkVhh4/tvUSmDfN9Y.JeBCm1MhVp.rYfvYWECnwV.hPugnhGjZO,user,0,1996-04-11,+39 35185926958,"Borgo Flavia, 7",Mormanno,BL,98042,2025-06-05 15:39:17
132,Federigo,Salvini,pbarese@example.com,$2b$12$cNwE2eBC3DMn9ddyGDJkBeWtR1n1jFlQ3WhKa02BfISdj0WnGk/Q.,user,0,1987-05-24,+39 07763175954,"Borgo Caterina, 54 Appartamento 0",Brandico,LC,27028,2025-02-18 11:17:37
133,Tiziana,Roncalli,pacepanfilo@example.net,$2b$12$I7/8lsc7P8gKaq8r2ZkHDOmnXa5sBWay9xtnRSMT7h.7Kd0tmOCTi,user,0,1959-03-01,0122297494,"Contrada Allegra, 1 Appartamento 31",Villa Carmine,FI,20149,2025-03-11 19:46:54
134,Maria,Garrone,ippazio55@example.com,$2b$12$Ca1Qz9vUbty3n6OR5PuTkelP6GSV.76WVyKJ2mRMT/XgPPR.DSuY2,user,0,1955-03-19,+39 0735133243,"Stretto Borsellino, 767",Arce,PN,41054,2025-01-20 21:55:31
135,Rita,Camilleri,faugnoannibale@example.org,$2b$12$zf8fGfygv/IfzIst3XSZp.8PxtZOOUiHF07GvnOyq.fHoT.VK3BV6,user,0,1995-05-21,057164285,"Rotonda Giammusso, 2",Carrosio,BZ,40043,2025-07-05 22:32:59
136,Gianpaolo,Antonelli,amorgagni@example.org,$2b$12$b55Yp9Rt/u2C0GCBBCfr3uHucGk8WX8b8UwBmoCkeB58DbVNeielm,user,0,1981-09-29,+39 0453025792,"Stretto Marissa, 6 Appartamento 64",Salerno,BS,64036,2025-05-23 06:54:31
137,Luca,Pagnotto,sagnellirosina@example.net,$2b$12$bBHrjGGzNPunNweHLOjdp.zzK2cjTABEyMcM13E52eQ11BNNmw1ai,user,0,2001-07-04,+39 0931064162,"Via Romana, 647",Montegrino Valtravaglia,RA,87060,2025-05-28 23:56:17
138,Lucrezia,Casadei,pierosquarcione@example.net,$2b$12$EoxJ1sRppUcmh1u1XgokbuCJLwylp3JvPUKLhhzw2B1sZ6Ljn/0cW,user,0,1980-08-12,+39 0761578680,"Incrocio Donato, 2 Piano 9",San Cosimo Alla Macchia,RA,96018,2025-04-17 00:22:07
139,Antonietta,Sommaruga,stefanelligiampaolo@example.com,$2b$12$zTh7ZKwFhOgN/eYF8n4q1O92lKbXxoWMx2r8QpZPZlMnIz94h8YXO,user,0,1976-02-20,0184957359,"Canale Sante, 3 Appartamento 4",Mollaro,CN,10133,2025-09-02 01:24:10
140,Giacinto,Venier,irma92@example.org,$2b$12$WHMlrJnJ6YNccKPGHxuOUu3Rj7kc/7uUwkEgZHYljjT.GYkWbuTTe,user,0,1941-09-17,35204042854,"Viale Micheletto, 84 Appartamento 11",Stevani,NU,50126,2025-02-18 12:18:32
141,Anita,Corbo,livio66@example.net,$2b$12$.ZC91xsrMhWcAp9nDj0ZieHa7z6WcsNntAKR/.4JvLXnrMvaW4Kv.,user,0,1950-01-05,3633288302,"Contrada Maria, 46 Appartamento 65",Ruinas,KR,25134,2025-08-20 14:11:46
142,Erika,Greco,canettarosario@example.net,$2b$12$.Zk40wv6VFVc3hD4U.Y0m.tTFNYaMZVzUef2n524q.UopveRsgrmu,user,0,1999-08-07,3300910931,"Contrada Marisa, 75 Piano 0",Campolungo,ME,37028,2025-03-31 20:53:52
143,Milo,Pagnotto,vvenditti@example.net,$2b$12$4O3KFZNXcvjQWa3qbi06I.EESxNg62rqV8LJX.g4z.uHIyNDztMFG,user,0,1965-01-15,3975093049,"Piazza Nadi, 90 Appartamento 82",Ofena,RO,89056,2025-09-20 10:27:56
144,Laura,Ceri,fagottosantino@example.org,$2b$12$JqsbmzCrxW9oy1wfSQ57EOaUy/qey1PCESUgmgaNGLxhxKHAGncMS,user,0,1986-04-14,+39 07329851421,"Borgo Bonaventura, 74 Piano 5",Pedalino,SI,40123,2025-08-02 05:58:48
145,Fedele,Spadafora,ybaggio@example.org,$2b$12$rlstd8mKZh16P5/x218kC.EGuvhPGU1or.we8jMFqVKSNo0tyUIo2,user,0,1986-03-31,3792367193,"Piazza Oscuro, 69",Ruffano,RA,00194,2025-05-09 16:42:51
146,Lolita,Tresoldi,raimondo13@example.org,$2b$12$Mm.Yzby.ppHBNOzsNfX87Oz447twcEjQ2PkpEjo8Pay0./b7nhgBy,user,0,2003-10-25,3918176427,"Borgo Michele, 57",Montefelcino,FM,34142,2025-10-01 20:57:08
147,Gioele,Innocenti,niccolo36@example.com,$2b$12$9KrzaaAsQRJ4giHWAhYcBucwhCcqf6bbNztvSOFSmb5n2gO/y4myy,user,0,2006-09-28,+39 37336109537,"Contrada Curci, 577 Appartamento 84",Giano Vetusto,PD,13856,2025-05-12 12:22:31
148,Dante,Gonzaga,bpedroni@example.com,$2b$12$wQbwCrrlZq8w17.8AKZ6T.sYwi.bnFV67D3L/GmWOWbjbR9Hgmu26,user,0,1982-05-22,0963858047,"Incrocio Daniele, 683 Piano 2",Sonnino Scalo,SS,58025,2025-05-26 03:15:06
149,Giorgio,Barsanti,pierinasollima@example.com,$2b$12$aVWrDbp0Lf.PWpKkGGm2ueoNUROiF3sA1lFLWEuaDQNbS7pPFhvG.,user,0,1981-10-16,+39 0376242489,"Incrocio Marrone, 36 Appartamento 6",Civitaretenga,CB,38077,2025-07-01 06:13:43
150,Silvia,Paganini,gremesealderano@example.org,$2b$12$ktnE4DQBVamN/RGkbeaPFeju1PrM0ekZQ/UJF8cam1y8cxW1GjN5C,user,0,1969-11-24,+39 371510964,"Rotonda Padovano, 27",Farnese,MN,09088,2025-11-22 14:32:18
151,Aria,Morosini,xcamiscione@example.org,$2b$12$zPaUZs7kwkmr2wc65QKFTuo.ARG74IJANj9wvidwK2zXBupsuhRWe,user,0,1992-10-07,379150519,"Borgo Hugo, 24 Appartamento 1",Azzano,VV,47121,2025-11-22 18:53:17
152,Alderano,Zabarella,stefaniaiannucci@example.net,$2b$12$Z1rBNff4Ol5AxJB5dOwKAuU44uj.st9I2JZ/RDu0umchyBgzDrWdW,user,0,1991-11-17,+39 0445952746,"Vicolo Leonardo, 73 Piano 7",Castiglione Olona,PE,60012,2025-07-15 19:24:13
153,Evangelista,Galuppi,ufarnese@example.com,$2b$12$azllQzJOzqKZ3EmAdD7xdOaI.8LRluVpdfglqo.GmVYfGaIRNqkue,user,0,1985-10-04,+39 361197849,"Stretto Romina, 3",St.Andr,MS,42041,2025-05-19 08:05:54
154,Ciro,Duodo,bsorrentino@example.org,$2b$12$SITjvYtSK9x1rPmJt0I/Ru3yUzxbzu03u2lAaHd.l1tx4LYceeOL6,user,0,1999-01-06,+39 09614378907,"Viale Dibiasi, 913",Castelvecchio Pascoli,IS,98147,2025-06-15 20:44:13
155,Elvira,Surian,isabellapellegrini@example.org,$2b$12$TfMvM5KHvd3CbhLE/OMvhOOTwxKcXTM7aiTdU84z.4lnlC0qaMUMi,user,0,1961-03-10,37348241347,"Rotonda Martino, 9 Piano 2",Badia Calavena,AL,52044,2025-03-11 22:47:22
156,Achille,Cassarà,bramantepasquale@example.net,$2b$12$R95w46iwjH4wiQSsSwPMZe5kokDIcrQ4rhLbc9nNg8du6Lv0aOSau,user,0,1991-07-23,03319727908,"Rotonda Pietro, 3",Olevano Di Lomellina,BT,25019,2025-07-03 00:55:10
157,Niccolò,Mennea,brunomirco@example.net,$2b$12$786hOT4TJddCpL34WXF7N.IKkAJ5Eie0pa7UXH5ut48cATqDvdkY.,user,0,2006-04-06,+39 3386747159,"Contrada Mario, 0",Sermoneta Scalo,AR,19037,2025-08-01 14:16:15
158,Martino,Casadei,sfoa@example.com,$2b$12$V6ON5X4WDla4cljYpMNk8u/M4qcpeSCt7DR.971QNDBv1AlsLrZ9O,user,0,1992-07-22,+39 0196521921,"Canale Carfagna, 7 Piano 8",Roverdicre',CE,63091,2025-09-28 00:49:42
159,Simonetta,Jovinelli,raffaella22@example.org,$2b$12$nSUEIcB8xx9dDujg9IzlhO3Yhg2UuGEI931T267HpZCpx6Mf2tAGG,user,0,1969-06-24,35105305936,"Stretto Carocci, 87 Piano 1",Vadi,FM,31015,2025-10-30 19:02:58
160,Sebastiano,Mondadori,petrucciamleto@example.org,$2b$12$UBeSUkdTbt3mjwpCuogo2OZ0MN1U3jz8bY48iap8rR5WzpxEFokf2,user,0,1944-02-15,0107172990,"Stretto Mazzacurati, 70",Bellizzi Irpino,BO,43039,2025-03-08 05:50:47
161,Micheletto,Zamorani,orlandosatriani@example.net,$2b$12$3gBzMSc7U44OQ1g3OY15x.IsCJRnnY7TZ6Y0AKeT7vgbZgCz3B472,user,0,1980-02-01,0775252780,"Rotonda Patrizia, 6 Piano 3",Cazzano Sant'Andrea,TS,20076,2025-04-21 13:48:36
162,Filippa,Muratori,elisaalmagia@example.org,$2b$12$21NUKP8/mDw7qSogU35NNe.igDAO5fzSh9w7hYPZKoHUbK3OpT6Yq,user,0,1951-10-16,05491820206,"Strada Filippa, 41",Bivio San Polo,BT,25051,2025-01-03 05:13:26
163,Annamaria,Malipiero,maria87@example.net,$2b$12$PWsz/MsmxzbT.7XW4zQUuO3ZdaWiJlJooxgd.DUhdTdIKNiw/O.VS,user,0,1950-10-29,+39 0424030624,"Canale Foletti, 97 Piano 5",Carsi,VE,47923,2025-03-21 13:11:01
164,Baldassare,Fantozzi,jgiacconi@example.com,$2b$12$7Qt6NUo0Vcz5gUYmjzlwSusZjUSwq/ijeG6mAgPwOs0sHWkWPFIEm,user,0,1949-12-21,3501515251,"Canale Giampiero, 73",Francavilla Angitola,FI,31037,2025-06-11 22:46:06
165,Matilda,Cundari,eva98@example.org,$2b$12$t3eV0OR/QVmtbK6nmjZ/iuQNXMKEGZaygn7cAk5B58rhKL8PP2Bz2,user,0,1998-05-03,381912295,"Contrada Diana, 1",Roncadelle,AV,01023,2025-09-15 06:00:12
166,Ignazio,Giulietti,oarmani@example.net,$2b$12$O8V.sMlvaQo5ZCrddzBJKu2j3t95Kt/PvStuoz5FATQGpO.wXlDkS,user,0,1967-03-07,09750404062,"Via Buscetta, 4",Cerreto D'Esi,CH,81056,2025-04-16 20:03:20
167,Cirillo,Jacuzzi,ugolinoaporti@example.net,$2b$12$jfqkndcs736kdc3gSIurt.3cpZfrZo/ZefPEy7tqH61H7cTVs06WC,user,0,2005-08-05,0358926423,"Piazza Carnera, 548",Cavuoti,VI,63845,2025-01-27 08:46:18
168,Mirko,Gianinazzi,damiano23@example.com,$2b$12$0lLmpRAILHBg1Bu7/Xx/xuizAyE/VKzO8Ulm0RX5HuNAALIOSaGda,user,0,2001-11-05,+39 376040482,"Strada Cusano, 14 Appartamento 1",Villa Favale,MN,20835,2025-08-11 13:15:58
169,Nadia,Romiti,loredanstefania@example.com,$2b$12$qd/7YrYWgwIhMrhivTVwBu8k98HgvsJ7ux0hhE4nhzk92GMRPKawW,user,0,1965-11-28,+39 0521271870,"Stretto Muti, 91 Piano 9",Suvero,GO,38030,2025-06-25 02:18:57
170,Manuel,Stein,ermesmarcacci@example.com,$2b$12$h2KLY61qzqyww6qGkkPg6uLhsDX9MYpQxQjIsX2XRgmKWAk4gPfV.,user,0,1974-03-14,+39 03219121959,"Viale Imelda, 2",Roncello,BA,72016,2025-08-09 22:52:54
171,Amadeo,Scamarcio,silvia57@example.net,$2b$12$jwvnn1jyXR0lRzmuRMBzleDMYgjHy8nwa1nOWIe6ghD6ggailuwAq,user,0,1941-09-03,077196546,"Strada Ponti, 5 Appartamento 37",Carceri,AR,67044,2025-06-11 19:52:06
172,Letizia,Pirelli,rolando07@example.net,$2b$12$Hj927lkL.7Y7MBraUx9m/.316H2PCGEeNnGAGFKOJVWej2fB0xnPi,user,0,1994-02-01,+39 3360090296,"Via Turchetta, 494 Piano 4",Selva Del Bocchetto,AQ,38100,2025-04-16 11:43:38
173,Ennio,Lucchesi,tamburifredo@example.com,$2b$12$74X6QckyKztq1yNplKIQrejtTlBZFTih1s9hQSkX/E43QxNiPNuGy,user,0,1987-02-14,09618792419,"Stretto Loretta, 56 Piano 1",Paggese,BS,25122,2025-07-29 11:39:18
174,Franco,Bresciani,sabatantuono@example.org,$2b$12$JGk54ABkD4CLi2lKAymI/OIupKwNOXDDx749HDHNvGU3qf5S7fEfy,user,0,1997-02-16,+39 3317308491,"Stretto Adriano, 22 Appartamento 7",Kortsch,AT,61045,2025-06-15 04:12:56
175,Angelina,Maglio,ipavanello@example.net,$2b$12$iJr95FTxl/EtZRtp8BB78.8Zw6Yqhcjeu3t6JYIdwoNPxdaxdPX7S,user,0,1958-04-04,3490956160,"Piazza Garobbio, 197 Piano 3",Nugola,IS,23020,2025-09-22 11:38:45
176,Maria,Gritti,vtomaselli@example.com,$2b$12$43uVOe4GEDHpGPmxgjnwIuVhjjDIaJRaOVWRQWsq45hcJoEkRM/T.,user,0,1972-12-15,3553435740,"Vicolo Bottigliero, 5 Appartamento 12",Moltrasio,PA,87053,2025-03-25 06:14:43
177,Ronaldo,Micca,bocellifulvio@example.org,$2b$12$wmujIS1OY2Cz0iqPG/R6Fu9dDPMF76ZpECOYc0oBWO4hJRHaTt0Ae,user,0,1977-10-08,+39 0931256928,"Via Persico, 83 Piano 9",Giurdignano,SS,12018,2025-07-03 18:40:58
178,Piermaria,Aldobrandi,efantini@example.com,$2b$12$Qj2JKvSByO48lU.payglHegF75yXPFieEeTgiOaO4YKTjZ78MxRgi,user,0,1975-09-19,3456743760,"Borgo Passalacqua, 195 Appartamento 66",Maranello,MB,31028,2025-07-17 16:01:12
179,Fortunata,Navarria,uberto12@example.org,$2b$12$QhQoHyaJxye4VN.VRgwgD.C5L7Y7/HApV2cevHvmZR6eXYboT8b7e,user,0,1972-12-21,+39 03424719603,"Piazza Ranieri, 0",Vilminore,SI,72023,2025-09-02 19:40:03
180,Niccolò,Pertile,rbianchi@example.org,$2b$12$x8SF2cBwlfT/irytz8HwVeopKDSno6x9fNyweVDQaQtIB5/0T.04W,user,0,1984-08-27,+39 0421458849,"Stretto Adelasia, 8",Nalles,TE,43047,2025-03-17 04:13:49
181,Lidia,Ughi,gianpaolo53@example.net,$2b$12$L4ms.iX18/Fw9I/uW.pNo.N7.v68QJFxFGts2igb0Ig9CxYlCi9QG,user,0,1995-01-27,+39 37146275963,"Strada Jolanda, 77",Bocchigliero,AG,34133,2025-02-06 22:44:05
182,Gianna,Mercalli,ronaldo07@example.com,$2b$12$Mfu77UxnR0qcuf/OY50FbexWNsZ5hXnwADtwqREgwKr7l/QBdtrY.,user,0,1989-12-07,0426470515,"Borgo Niccolò, 60 Piano 8",Casapinta,LT,28822,2025-06-01 22:09:01
183,Greco,Antelami,rembrandtperini@example.net,$2b$12$3/hMT/2WBmkWiq8EbGzx3.7dLcBs1rCGOzyftng1Th5njDyj7wh1.,user,0,1959-04-16,+39 3515745975,"Piazza Maderna, 70",Filecchio,BZ,15045,2025-02-26 00:24:23
184,Gioele,Cilea,enrico17@example.com,$2b$12$qWVitD5ge7bCY24bLaQy0.iyziXH8AkesgmsGeMy5v42OknSWt5cy,user,0,1949-11-01,32275197844,"Canale Severino, 27 Appartamento 4",St. Veit in Prags,VT,26817,2025-03-17 02:28:41
185,Leopoldo,Sagnelli,kmalenchini@example.net,$2b$12$wf7R.u3ee6pRfLy.Yq6Y6e2F7f21DgZ5XdNsFHA.yXZHkII16V7im,user,0,1969-10-19,0549577301,"Stretto Giacinto, 870 Piano 4",Peveragno,SA,38036,2025-01-08 18:00:37
186,Lodovico,Pergolesi,gabrielipatrizia@example.net,$2b$12$qyOfFML7088JRa.H90qONupJbXrK34FsAT9xtMbLmPKp8T4yNmIoO,user,0,1946-06-10,0166420497,"Vicolo Bettina, 36",Palau,RC,08046,2025-06-14 14:16:05
187,Atenulf,Puglisi,clelia71@example.com,$2b$12$Wrvh1bwlQ6ZNLOK58PaHhelFxaXtVxt2Q1CoCXdCT4.WBDlOv41Ma,user,0,1986-10-08,+39 082424615,"Piazza Santorio, 41 Piano 0",Casirate D'Adda,AG,00047,2025-06-04 22:38:11
188,Sergius,Sagnelli,tzecchini@example.com,$2b$12$J9L789ThpA7RJCB1Sey4IeLjrIBwEbtWHh5TNbQ8Id0MokdW9A6yu,user,0,1962-01-24,+39 3204039605,"Contrada Ruggeri, 71 Appartamento 1",Gosaldo,MO,64024,2025-01-21 13:16:57
189,Mario,Barozzi,kcasadei@example.com,$2b$12$xyAO2bhR9s7D6uEbWscRvOyLX8jmkpdcE.TQzjpMJTl7ZG2hFAc/m,user,0,1969-08-24,+39 3711855910,"Vicolo Adriana, 633",Manzi,CL,55047,2025-09-13 12:26:26
190,Sergius,Vigliotti,acoppola@example.org,$2b$12$PmTrioTDA0vrTAJme46pHOXKuKIpGf8CtSKtGlcr5lf0XxTsv11xS,user,0,2006-06-06,+39 0376413527,"Rotonda Osvaldo, 50 Appartamento 12",Forlì,AL,20811,2025-08-09 00:55:16
191,Ottavio,Petrocelli,ftamburello@example.net,$2b$12$x5Nlc.2BfMLUFFGxgQvADuG8TibljibU3t5M28mMo6Mdf2qiPL7Gm,user,0,1965-08-06,+39 3780579196,"Canale Tiepolo, 16 Piano 4",Grumes,BA,20834,2025-02-16 05:10:58
192,Donatello,Garobbio,elmo65@example.com,$2b$12$Kng8lA10EKFFxbYuPtmPI.Hjwp3Y7b27VflbxlazqEHCvL/CGj74O,user,0,1999-07-17,0536710940,"Stretto Musatti, 16",Terme Vigliatore,LO,16049,2025-07-06 19:30:41
193,Luisa,Paruta,fulviocalvo@example.com,$2b$12$hBnpv7LNd.EjDF5SSMAnE.HjFXPSTBQ8Hxh.t/57PWlZZJPrY04z6,user,0,1965-03-13,+39 075347944,"Strada Ciani, 3 Piano 4",Latina,AQ,10026,2025-01-16 12:01:21
194,Michela,Barberini,mpisacane@example.net,$2b$12$p/NEGYUu2EEZPdq36l5rZuocc.L6bRTZBGNF3RsUfoZsq9NLXq.iS,user,0,1958-05-06,0163706034,"Via Orazio, 36",Prignano Sulla Secchia,AQ,00146,2025-11-14 20:57:34
195,Fiorenzo,Tagliafierro,isaraceno@example.org,$2b$12$N4NcPNtvi1j8lj1DeUtGvOi4rQ3/Zuo17v2x35LmONhn.HUNe7Kp.,user,0,1941-12-12,0365390104,"Vicolo Elladio, 93 Appartamento 39",Canosa Sannita,SI,10029,2025-04-15 16:58:01
196,Gioachino,Asmundo,smastroianni@example.net,$2b$12$RvldFd2/BFxVNVzSHoKZteadYjtcCtLjTxOhrISzFSYUsr7yg6iby,user,0,1965-06-16,+39 0382133317,"Viale Alessandra, 88 Piano 1",Oste,SV,89126,2025-03-28 13:56:38
197,Enrico,Collodi,gianmarco84@example.net,$2b$12$3Kg1i9RYRaw7BW91u8DCmeueWrUyFC/paR.d/vfq/oQljSTWE9oy2,user,0,1988-04-12,05653142873,"Stretto Bazzi, 8",Cugnoli,LI,19132,2025-03-10 17:10:19
198,Baldassare,Serao,caterinaseddio@example.com,$2b$12$sOLP7NFWvOwSF0ZkkPrXh.O5q1M2h0OZjAiaeF2rwRqyABRAzjeTO,user,0,1940-07-24,+39 37104384375,"Stretto Franco, 532 Appartamento 4",Prazzo,BO,97100,2025-05-18 17:41:48
199,Gastone,Gemito,antoninocasalodi@example.org,$2b$12$zEU71pE9aECD2Ahw4OKY9.UiqGkDzAZ2xyzjQHgYkF1BGH.aM68Gq,user,0,1996-08-19,058341231,"Contrada Graziano, 66",Sellia Marina,VV,12083,2025-04-24 19:26:45
200,Mariano,Comeriato,vezzaliiolanda@example.com,$2b$12$CeOCuMneuUViiYi2M0rAb.RsAyFS3i5YoLZTYb1DNkHQpFqhU43gu,user,0,2000-10-21,09230358792,"Viale Ida, 6",Villafranca,TA,10081,2025-02-19 08:02:11
201,Carla,Pirandello,cirozacchia@example.net,$2b$12$XN0paNhfSqRnlhWBTCjVeuE5UdreczZ9EyfBzK9XsrH1QgcTnGZ6O,user,0,1996-05-13,+39 077570068,"Viale Silvia, 81 Appartamento 6",Bersezio,TN,25123,2025-10-28 14:58:36
202,Veronica,Barcella,zichichirosa@example.net,$2b$12$jISiJiRqpMsWyg//evpgZ.I3xVpqhBDB9PPqw0r8/Fc2reoC3dwkW,user,0,1950-06-20,3716526394,"Viale Domenico, 97",Poggio Morello,CE,46010,2025-02-25 08:24:18
203,Mattia,Cannizzaro,papettigiuseppina@example.com,$2b$12$5MX/sf.CD4ChOhJKWevD8OixMuK8/r20p7YFQ1UD5bkS4vRBjDM3q,user,0,1977-10-24,+39 08238807550,"Incrocio Nicolucci, 9",Schalders,FG,39024,2025-07-25 07:01:19
204,Gelsomina,Ritacca,carmelo32@example.org,$2b$12$urzwA6/xhN9h1No14uVIse1xhMMYvAPrLcZGWKfmjhnS4Sx9TcGb.,user,0,1971-08-13,0974949190,"Canale Sophia, 50 Appartamento 5",Risaro,EN,92024,2025-10-13 15:24:27
205,Fortunata,Marangoni,angeloturati@example.com,$2b$12$1VnyvFrlS7D0t6kzvETDCuY8EUcJXR4LSRxxVPfN4FQnA8VNuxAWi,user,0,1970-05-24,+39 3972848868,"Viale Sermonti, 9",Pontboset,CE,20825,2025-01-04 01:33:09
206,Gemma,Bignami,lunadelfino@example.com,$2b$12$gWTtryE5z18Cr4G0eIOk9uWZvM2ksBIHeO5fXN0a4/NzEwIwuUd1O,user,0,1978-05-27,+39 037286750,"Canale Flora, 45 Appartamento 8",Ari,BS,15079,2025-07-22 08:06:21
207,Morena,Guariento,pellegrinomerisi@example.net,$2b$12$DfF.gEnc2Btrpk5SH0ZpHuU8uAaCNHfwbE7opknEKCS7ZUwZT.y2e,user,0,1959-05-17,3916805238,"Strada Antelami, 49 Appartamento 55",Ossi,PV,03036,2025-02-01 20:40:53
208,Luchino,Praga,pederivarenata@example.org,$2b$12$52VVe5B3YJTNIvpQEFO0GefoLQJ9L1eYZuu9KXegcrqJvoU.7VDqe,user,0,1974-03-16,3711927260,"Strada Tagliafierro, 8",San Protaso,PC,95030,2025-08-19 18:25:23
209,Fiorenzo,Toso,guglielmo83@example.com,$2b$12$IDQumP.Th9kQKqQnmxHOK.QjjA0TOhQpyu5QPU0wuaEwUT.AsXaki,user,0,1994-05-14,+39 3609700812,"Stretto Salandra, 48 Piano 6",Roccaforzata,SS,84126,2025-10-27 02:50:04
210,Danilo,Colletti,loretta06@example.net,$2b$12$M1D6ATOnCUmKx/og0gXfTOmsz7tG828g5DUq8UmG/EbhW2.Oj4bL2,user,0,1991-06-09,083249567,"Canale Baccio, 540 Appartamento 27",Sant'Andrea Apostolo,NA,12029,2025-08-19 04:32:11
211,Gianfranco,Fornaciari,vleblanc@example.com,$2b$12$fHgJgdzhsJxiBj1QJBdJZOzO0Gy.QhKc6cgm6.l6XYis9aRyGGAzW,user,0,1940-03-27,0197546853,"Rotonda Mezzetta, 81",Il Casone,TV,10020,2025-03-05 23:29:49
212,Gianni,Angiolello,valerio44@example.org,$2b$12$LdJpaNr96fX67nxQd3kuP.HL5TV/htlo2nkKROklSTCVYS1uIy5W6,user,0,1988-01-15,01856106263,"Canale Brancaccio, 1",Vicari,PG,21045,2025-07-03 12:34:35
213,Luciana,Antonacci,nicolettapederiva@example.net,$2b$12$LCzAw7r3Mz6v12d0k1csKezlpfEAT9fQM0xkGeLyhkqMMv.lHW.TO,user,0,1978-01-28,0954746560,"Incrocio Michela, 592",Omignano Scalo,BN,52035,2025-06-15 12:04:30
214,Monica,Salvemini,marcantonio92@example.net,$2b$12$.9xHLtxd5WqJsoxPYeLfuOfQh0eBAgsmLRMwZUR5TZhEnq./5JXAK,user,0,1963-10-25,+39 020330332,"Borgo Polesel, 0 Appartamento 30",Bettole Sesia,MS,47867,2025-08-07 10:45:12
215,Eva,Chechi,hbertolucci@example.net,$2b$12$9Gs2nXlFz0CGOhFwb.dDPuUxOAEQP0FcoY/BNtq4q2FaBmbkBS9Ry,user,0,1943-02-17,+39 3755474936,"Rotonda Canova, 26",Vallo,VB,20838,2025-03-26 03:06:55
216,Maurizio,Mazzocchi,camuccinisalvatore@example.com,$2b$12$GaM.sCjcqo5WBKIVlVLozupjAx6GcF4aCMPrUMQhXcxUxERn2IW3u,user,0,2005-08-17,096599855,"Viale Ronaldo, 8",Valva,NA,18015,2025-08-05 05:43:07
217,Gino,Argentero,roncallicalcedonio@example.com,$2b$12$FXU/t9vGGj.5F5WTrpHBieWuzXJtyMg7SiddCyzVsUY6uAFcK2MBW,user,0,1972-07-21,+39 0166222162,"Viale Carolina, 191 Piano 2",Castello D'Argile,IM,33029,2025-11-16 06:33:33
218,Maurilio,Gaito,ruggero95@example.net,$2b$12$8ITwyLNv/QaakUa7S2OpY.R7LxOmVVj5xHfbxH.3rKdb0zLD6t9DK,user,0,2007-02-27,043458908,"Incrocio Chiara, 148 Piano 2",Rivadolmo,RC,89034,2025-03-20 22:25:45
219,Ignazio,Flaiano,mariapavanello@example.org,$2b$12$anc7v7ysRt.eOiDn7chC9upu5.zSbiD582xxXYME3oi.lU0WXxPVy,user,0,1969-01-29,0331640635,"Contrada Ramazzotti, 366 Piano 0",Unterplanken,VC,15060,2025-10-07 19:29:09
220,Aurora,Marino,spinelliuberto@example.com,$2b$12$CtBmMSqEGUtmZ7vOLMmwW.yJrJGBJiIU75U7Gnyun/bpGzsEjKHM2,user,0,2001-06-30,058656969,"Rotonda Aldobrandi, 570 Piano 9",Ca' Di Sola,VV,55040,2025-01-26 09:23:40
221,Luciano,Fogazzaro,zoppettocristina@example.org,$2b$12$Xmzf2i9EuGj8leU0O2R9duKK3OFzgge1cOIe.ff9zAlDJhuO5NozG,user,0,1997-11-20,+39 05869163527,"Canale Germano, 7 Piano 5",Chiusi Della Verna,GE,62012,2025-01-16 01:38:43
222,Pier,Palazzo,rruberto@example.com,$2b$12$3WfPLNUJYlerg/3i.2hqK.C8nYqTmpAAU9bHs65d3/C3ueDwxgLUC,user,0,1979-01-14,+39 3774473222,"Via Marco, 37",Avellino,PG,87100,2025-03-20 01:41:41
223,Alfredo,Beffa,elianagermano@example.org,$2b$12$praKaJ08Rx0fUlhqEbzUAe48UDWVcznSSc8xNwRg6kUplgsV6WaHC,user,0,1980-05-23,37167094117,"Viale Porcellato, 0",San Nicolo' Di Celle,AN,30033,2025-06-25 01:09:35
224,Gaspare,Sagnelli,montessorivictoria@example.com,$2b$12$FUkKjJhZiy93.iZiohZ6hO1aqPsZsamIlf22w4jzT6yz7MbxfdRTy,user,0,1964-07-29,0536155121,"Rotonda Mariano, 868",Casaleone,VE,62025,2025-08-10 15:16:11
225,Manuel,Camiscione,anosiglia@example.org,$2b$12$uLp7fyRrU2rS3.UTC3d3UOmM0csuffJjRi92Hd23XODdCHwzdDzyi,user,0,1977-05-08,3412959256,"Contrada Rapisardi, 154",Cerete,BR,27047,2025-01-19 07:04:41
226,Giuliana,Cerquiglini,gmercati@example.net,$2b$12$RiHB7wc.OxjahBlqPJ5rtuvmA14Wci4FUWrIBkeJtmHZXNc2Q/Vv2,user,0,1964-06-15,0883710232,"Stretto Greca, 88 Appartamento 65",Vignola,TR,84085,2025-06-25 01:58:10
227,Graziano,Giacometti,mquerini@example.com,$2b$12$s835GrLETzAaPx0IdekMquG0AzxlQeZa55HdWgfigxqGVZn5GN9iu,user,0,1975-10-14,+39 340269620,"Via Bonolis, 144",Stabe,MT,00159,2025-03-12 14:47:32
228,Pierangelo,Rusticucci,oraziotebaldi@example.org,$2b$12$mXSPoJDgGFe3/1VFNJzjfuCHlsPZJgxDrdietaPhHgU8hqaCVi/ki,user,0,1985-02-06,0371561165,"Incrocio Ciampi, 98 Appartamento 0",Rocchetta Sandri,FC,81051,2025-01-02 03:19:15
229,Ezio,Pavanello,emma93@example.com,$2b$12$X.vJ4L3svZAnO9Swa8Diu.N0FKY7qmxtwruij18jUQOEqbMG.SBu2,user,0,1957-02-07,01710877136,"Borgo Nico, 2 Piano 5",Montesano Scalo,LC,80049,2025-04-23 15:01:58
230,Riccardo,Merisi,gelsominatarantino@example.net,$2b$12$HLHpdrtqDaIESfb2WhuZ0uJiT.UbmAEwtw3WFHrzI9niBCsleqe4q,user,0,2000-02-24,3509536356,"Strada Valeria, 38",Matine,UD,59011,2025-10-07 13:06:10
231,Germana,Mennea,calcedoniotravaglia@example.com,$2b$12$bgJYjzTg29VFJ2xgMuEa.eNDO4IU0aL3SgjeyyG2DYSD/p4z5R9VW,user,0,1955-04-12,+39 0893370182,"Borgo Beppe, 2",Rottanova,VV,56126,2025-10-08 03:36:51
232,Imelda,Dallara,santinoverga@example.com,$2b$12$o5lBtor7igacYtK1jo4Mf.oSiZsxZiLBGDL/TqNOQraYSF0kxoWne,user,0,1954-05-21,+39 073187029,"Strada Giannini, 737",Cantoniera Della Presolana,NA,06132,2025-11-01 13:26:41
233,Rembrandt,Boldù,noliboni@example.org,$2b$12$Ceo.XKvd.6iSUzri4oeyuutNTg2NpqSneYu6yZ27CCuV2ysCObDHG,user,0,1980-11-14,03246054959,"Borgo Federici, 7 Piano 0",San Lazzaro Alberoni,PA,87067,2025-06-28 01:04:27
234,Paulina,Canetta,aldo64@example.com,$2b$12$V7mGDecOhn5dHZ1NWQJPP.ARZyxxrMMQpDNQ7oSFH7Fz3GEL40BuO,user,0,1999-05-20,07827263522,"Canale Farnese, 327 Appartamento 72",Ussel,IS,02046,2025-03-30 04:22:29
235,Morena,Porcellato,virginiacampano@example.net,$2b$12$DR7Qy7iEDS6XSS120gjpYu63bvCKx4SOKK0VG6Q2T9a.RzK57XWfy,user,0,1976-07-24,3756657499,"Incrocio Manacorda, 20",Velletri,BT,21033,2025-08-10 14:26:30
236,Aldo,Pinamonte,adelmoasmundo@example.com,$2b$12$1U86RPWlfbg0.sMkdWQ3ke52b4a7mOZuj5.5JLLv75YInAEdCZowi,user,0,1957-04-24,036349949,"Viale Ajello, 3 Appartamento 7",Santa Lucia,PE,63811,2025-05-09 13:58:21
237,Alfio,Togliatti,hdalla@example.net,$2b$12$YspDpNrNth9edOwKp/OkreIxgwWpCYB8uLSRCKCChzMCsZHg6imr2,user,0,2002-04-15,+39 09345312811,"Piazza Mauro, 975",Cirigliano,MC,33028,2025-05-05 00:44:34
238,Anita,Platini,kcundari@example.com,$2b$12$RYt8CJV/DGCRWD0Zyjn0EeVdIcyVVRwCv/kiecK/5o4RuaWII4lae,user,0,1941-10-21,+39 0818494907,"Viale Domenico, 60 Appartamento 11",Rebeccu,PG,87022,2025-09-14 17:03:04
239,Ottavio,Pizzamano,salvoilaria@example.com,$2b$12$ji/xABUYxuAMCuttczpj7OCRP.Tc36RtxoX.v4DU5bmSE8jYU55Vu,user,0,1945-09-18,0921691379,"Strada Marrone, 25 Piano 8",Policastro Bussentino,RE,16147,2025-02-01 01:48:13
240,Elena,Tresoldi,carolinabonolis@example.net,$2b$12$vuppPprxaGtJWRSa58VJDeg4bUvVoZttpB7tkpLjPfjHsMhhxrKk6,user,0,1948-03-26,3505374891,"Viale Bernardo, 10 Appartamento 51",Gaiarine,VV,21049,2025-01-12 07:28:26
241,Nanni,Costalonga,dossiantonio@example.org,$2b$12$D5XR7qyisNa9RofAmrAbS.dKvkycRfVmLmqrqkW8AEnTcPWHvIzci,user,0,1981-08-17,0502449270,"Incrocio Elladio, 529 Piano 6",Matino,MT,35027,2025-03-16 18:51:12
242,Venancio,Moschino,endrizzipompeo@example.net,$2b$12$zt/iYiOa3jOSGdwxE6qnVOuObnShn6/iwc.MJPo.KBVMwmsft7JvC,user,0,1996-03-18,+39 381831939,"Rotonda Piazzi, 826",Bioglio,NU,95129,2025-10-16 03:17:37
243,Bernardo,Trobbiani,alderano08@example.net,$2b$12$MZ9WnDQJfICvENpqHq/x1OZc4lowpgYITMa.Qz8oKOS2p4WJJf9JC,user,0,1942-09-02,03217971756,"Piazza Pierina, 12",Stellata,TO,06038,2025-01-31 10:39:54
244,Renata,Tremonti,sole16@example.net,$2b$12$q27h4pz0S.znZYrefyVfC.wy7G0bJCaVtdAC9F36W0LKnSthd7vE6,user,0,1947-04-01,+39 35150017861,"Borgo Lupo, 295",Zoccorino,NA,28819,2025-10-31 10:52:05
245,Enzo,Merisi,franco95@example.net,$2b$12$nBmHd8CQbNyTS5ad62Bh9eWG.WhcFB0JLwlYC5dt46fbddvimLC4q,user,0,1979-02-22,+39 041481343,"Rotonda Gioachino, 0 Piano 9",Niviano,SI,26823,2025-03-29 05:04:09
246,Gioele,Barsanti,musattivirgilio@example.org,$2b$12$ngGtfQuEeHjgDCitA26yfeI7Uzq3Rpa2PxFVuGd7Jcg.rbJXLzm0O,user,0,1991-05-07,019217004,"Contrada Gianna, 28 Piano 7",Buttrio,AT,61010,2025-06-21 12:48:41
247,Gilberto,Buscetta,ranieri57@example.org,$2b$12$BsSufPzq2ApqUURpWBjaJeQf0oYWzk1ufb17lJSOB83h.QlMYzXvW,user,0,1992-03-23,+39 3505733631,"Vicolo Jacopo, 22",Odalengo Grande,EN,89018,2025-07-17 19:55:07
248,Ricciotti,Cannizzaro,gabbanaangelo@example.com,$2b$12$4yAWifseaFWR02FY9zPeyOMObbLjpGCkXIqCcZEG4iQ7KLDQDXS1C,user,0,1972-01-26,01859119371,"Vicolo Serafina, 5 Appartamento 1",Onzo,AL,39058,2025-05-14 14:15:23
249,Flavio,Troisi,veronica78@example.com,$2b$12$omTZWY5iVKcDVcHQjCoTrO4X5pkwzi8jVkrkQmzxr9Pgx9Ui.zD3q,user,0,1968-02-28,33915026787,"Viale Argurio, 58 Appartamento 62",Sant'Agata Di Militello,TS,65123,2025-10-12 09:11:18
250,Ivan,Dossi,camillatedesco@example.com,$2b$12$sWWDiNpxyTz9fM40Bn1tVeqIlrCbAjEo063I7wJSecuraUWIzDMa.,user,0,1977-05-13,07735417729,"Strada Bernetti, 38 Piano 1",Torre Lapillo,GR,05023,2025-07-24 10:15:45
251,Silvia,Inzaghi,renatafibonacci@example.com,$2b$12$ak/G.27Y2XhCyul3ZbsW4OjQdKitwkUhFERWsuFWfp30qktgUyXae,user,0,1955-07-24,+39 32959551907,"Stretto Carlo, 475",Frascineto,BI,41059,2025-09-19 17:20:58
252,Giosuè,Ludovisi,gianmarcotommaseo@example.net,$2b$12$3WNbXpjo5JKWMseazXXmkuVkpAh1DV6a2FP9wG/Huuq4RpImh.GwK,user,0,2003-07-14,3516247894,"Strada Canil, 11",San Pietro Del Gallo,BG,72025,2025-06-02 19:03:52
253,Nina,Platini,demanuelli@example.com,$2b$12$qI49q2wb.ncgRFegDDgXPu99/Dli8zxkA5vlXPQn715SCJqu9qdSe,user,0,1978-05-10,+39 34612865176,"Incrocio Scarponi, 377",Gaggio Di Piano,CH,89056,2025-06-21 22:29:32
254,Arturo,Barozzi,calogero14@example.com,$2b$12$TyBQvWF3F7MlXuSvF5wIAeSBFCv4cREASDx3/7146NlxpGLLVcerW,user,0,1977-10-11,+39 036455330,"Borgo Paloma, 696 Appartamento 0",Quarantoli,AV,98049,2025-01-21 12:36:33
255,Atenulf,Moccia,dino71@example.com,$2b$12$VceDlqmeF3rrsvC2jxQYA.KH/lXXh9NCx8isQ58v1PiMbqLvTez3y,user,0,2001-05-31,+39 0565583605,"Viale Gianfrancesco, 85 Appartamento 93",Gaglianico,VI,56019,2025-09-25 06:42:43
256,Alessio,Nitti,zianiluisa@example.net,$2b$12$GCONtvJv6k9tCodLa..g6.OgiPZVaGhzdYgYH0Ler6ZGeOZ0AOLza,user,0,1991-05-27,097426132,"Borgo Paruta, 0",Ghisalba,RG,27045,2025-09-05 04:27:24
257,Renata,Guinizzelli,severinovanvitelli@example.net,$2b$12$t/UlqLYEar4od0KKstU3IeY5smqAfxqXdBUD5cUyAGFC/g8/75l4q,user,0,1975-09-12,087471558,"Rotonda Tullio, 910 Appartamento 4",Borrello Di San Mauro Castelverde,VC,26811,2025-05-04 16:21:57
258,Stefani,Adinolfi,zanazzonanni@example.org,$2b$12$PI/qseuQA3GxgX/1QdoiPe/E3TgVJdr7bSHTZKLC3/sEPZbW4kZP6,user,0,1950-10-05,0874075815,"Vicolo Ludovica, 50 Piano 5",Usmate Velate,SU,27045,2025-02-24 19:03:32
259,Piergiorgio,Gremese,collodilando@example.net,$2b$12$3mVXM.CEgxNKUCIpKBWeie9vDwzEEjZNvV9zalCdI6fSpe2le33di,user,0,1987-10-26,+39 3348140223,"Piazza Matteotti, 80 Appartamento 3",Nughedu San Nicolo',AG,25011,2025-11-25 13:15:25
260,Enzio,Lovato,carulloantonino@example.org,$2b$12$esynQvqH2jZDDjuGgP9m1u0Y89efVK1NA5JOlvQkjeHKIAnC1whK2,user,0,1975-07-25,37347778355,"Strada Maspero, 48 Appartamento 6",Rhemes Saint Georges,UD,95049,2025-06-09 13:11:00
261,Diana,Onio,chiesagianpaolo@example.org,$2b$12$sFei1G9EM9rEwQyfBalsU.duD25bCoCAOvxd2VTThPjnMrP0UhiEK,user,0,1948-07-17,+39 057236720,"Canale Puccio, 27 Appartamento 22",Monticelli Pavese,VB,12072,2025-04-17 03:58:48
262,Gianpaolo,Barsanti,lombardopaoletta@example.net,$2b$12$J9EoFCVU09SSq7wmaxJP/uB4dJbIUdqN5NnwanXDY7457RFYrpCpu,user,0,1974-02-08,+39 0376522689,"Viale Mattarella, 9",Stevena',GE,63076,2025-06-26 00:36:37
263,Angelica,Fioravanti,gianfrancominiati@example.org,$2b$12$TGX9TIfZwnmIst1lEDUJZOa//iwQk6Lr96x7HmBbA3PuxQ67OHvBC,user,0,1994-03-15,+39 3505288195,"Rotonda Gianpietro, 38 Piano 2",Langhirano,LC,57122,2025-08-30 23:37:50
264,Pompeo,Loredan,gianfrancescomalacarne@example.net,$2b$12$ZqBi8.DBCx82U2smPpV8PeqQ9r7CC9yWVjFaK6SmqGnX8XRbI3P7.,user,0,1984-08-17,+39 019820516,"Viale Malacarne, 124 Appartamento 1",Bossico,SO,26016,2025-08-20 10:13:08
265,Victoria,Fornaciari,eraimondi@example.com,$2b$12$wyYc95tc.30xnixWExdvqOFjtq/dRLaUgAQE9se0BFJv9LPQgh666,user,0,1969-11-07,+39 082478542,"Stretto Milo, 99 Piano 1",Piobbico,BN,15052,2025-07-02 13:58:03
266,Maura,Faggiani,pignattigiacobbe@example.net,$2b$12$ULYUJ.q8NmmDkdK22LNujenZjTJvH8Af06CfOw1LHOUw5O2BdExjC,user,0,1987-07-07,+39 0185831167,"Vicolo Pasolini, 0",Ortolano,OR,60035,2025-07-30 01:26:56
267,Piermaria,Anguissola,massimogreggio@example.com,$2b$12$pUicSlkuCLmOfgLAVTpocunRjpnuHTfnU2NDLGIlw3mYKu8Ecoru.,user,0,1942-02-11,37939502777,"Contrada Pedersoli, 45 Appartamento 6",Arlate,NA,84028,2025-03-25 05:04:38
268,Gianfranco,Marrone,sordicarla@example.net,$2b$12$5IZArKUNMrxfoXJcXy1Gwuld02FJHOIjnRyzp5x22MybZULXPizAy,user,0,2006-02-22,+39 088302048,"Borgo Mazzacurati, 76",Malcesine,PN,89816,2025-03-19 18:09:45
269,Alessandra,Cantimori,casaleantonino@example.org,$2b$12$ZemUiHzh7lILJ8Myck2KFeVoL2h2vUgc/TS4eNmJmCGC.z4YWMFee,user,0,2006-12-20,+39 35095398851,"Rotonda Renier, 18",Capo Miseno,PZ,40038,2025-05-03 23:19:39
270,Panfilo,Orsini,delluccitorquato@example.org,$2b$12$bPYn.dO9UcIlL/rmsr8QHuki8Oi8lFlrwOz/.eif5WYtQXgiVKCg2,user,0,1947-05-20,0584507075,"Vicolo Aporti, 913 Piano 5",Decimoputzu,GR,33087,2025-06-13 23:17:38
271,Amadeo,Vittadello,cristinarapisardi@example.net,$2b$12$pcC.twCk0hjbQZeEuOKfC.l63OX3yBgz6K9azKAO8FblcMmsCb.z6,user,0,2001-07-30,01656683068,"Vicolo Mascheroni, 894",Vigevano,PV,40016,2025-03-06 04:46:29
272,Benvenuto,Giannotti,laureano41@example.org,$2b$12$7DYMbOdq1z48BPxx0HHpSeG80BxqUpTEjXnAujK6ovld3gcasTBRC,user,0,1974-05-06,0942511596,"Strada Temistocle, 84 Appartamento 2",Oltrona Al Lago,AV,20162,2025-09-24 01:15:22
273,Fabrizia,Botticelli,annalisaalfieri@example.org,$2b$12$OMxE9RYu3w8OGusbLcRVy.Wdc1GhUjq4mX7m3G3nNIZzZw5JfiH6.,user,0,1986-11-11,+39 03315442741,"Stretto Leopoldo, 8",Santuario Di Savona,AR,55012,2025-02-22 08:52:27
274,Ezio,Vasari,michelettimorena@example.org,$2b$12$GOnR4N8CLFGEhuXIE8o1n.h1EcvITc5/aYGSRSHzy0IFeWvMyPDRS,user,0,2001-02-14,0445324671,"Stretto Traetta, 54",Varago,LC,53035,2025-04-10 11:56:26
275,Melissa,Germano,giulianabaggio@example.com,$2b$12$isIgbbGP1fU.Cbj8ctUPtu/gKQeV4EsLNKRjZ/SxCU99WNq12UfVG,user,0,1962-12-25,3519891098,"Vicolo Ferrari, 92 Piano 2",Campestrin,MB,00017,2025-03-25 12:56:28
276,Eraldo,Opizzi,tassoumberto@example.org,$2b$12$Fv0rdSKiSvbxvO080vF0W.SqkdmSzc7RkdmDbVv.D3IXBIC2qb/ai,user,0,1992-01-11,+39 3886966993,"Contrada Beccheria, 26",Pero Dei Santi,CL,14058,2025-01-06 01:05:41
277,Micheletto,Ossola,annunziatarenault@example.org,$2b$12$77mPM6BvMlVC.92iLQWVDuw2QznrxyVAbx0qWUYGkuJkNCQuIGxBq,user,0,2003-08-09,05664013030,"Viale Mariano, 630 Appartamento 50",Spera,AG,56012,2025-04-20 07:55:32
278,Piermaria,Rizzoli,schicchiisabella@example.net,$2b$12$n/JfZ8u.fbalLLlhJtMOvOpJPsDG5DHb4Sux2TShiOLUoTpjk4bvW,user,0,1958-10-03,377441045,"Contrada Fredo, 4",Baiano Di Spoleto,PR,26013,2025-09-17 02:24:07
279,Fulvio,Satriani,icaccianemico@example.org,$2b$12$wNAu3qBUt8SZewkvYb91rOFRoQmgggee08xUGrxJZOz7EEO24lAxK,user,0,1941-04-08,0934878047,"Via Morgagni, 16",Siderno,SR,89026,2025-04-19 22:11:34
280,Alessandro,Carullo,albonigiuliana@example.net,$2b$12$bvwpJ6/lMeClUzKPpyA1QuF3/Hv1bhHX8eW9CWo436TG/rYvD/i.e,user,0,1961-08-31,04710510602,"Borgo Priscilla, 82",Tanca Marchese,AP,89868,2025-01-03 15:40:55
281,Rosaria,Geraci,napoleonericci@example.net,$2b$12$8ArGFclom4Xr.0X1DF928eWNn8cqr9/CrDZ.Uhf1szT67.hHpcLH2,user,0,1988-11-17,+39 371046962,"Borgo Vattimo, 80",Alberese,EN,09122,2025-07-18 11:05:21
282,Pierluigi,Valguarnera,aria61@example.net,$2b$12$7C8DztJ.Q9CSfk8XuSjKnem2VGDLAet1s4iAfMIw8ult1LFZ9238e,user,0,1943-10-14,+39 01418578007,"Strada Lercari, 694 Appartamento 68",Alfiano Natta,RN,35131,2025-08-18 19:58:36
283,Nadia,Roncalli,elenafoa@example.com,$2b$12$z3vZtEy/5/ZDUhBMRzW1Ue9ajZPOXRodhA0ZEcnv0KeJIvLG4tyaq,user,0,1964-11-24,+39 0592854945,"Rotonda Salvi, 20",Tinnura,NU,82031,2025-01-29 16:29:24
284,Giada,Ferrucci,isa01@example.org,$2b$12$mT031mS1jw6medzYeVFm3.n0SkM51MOh8w/eipYtk64OZa/OSQo1m,user,0,1945-04-26,0717728990,"Canale Dolores, 60",Cesinali,MI,29020,2025-02-09 17:11:53
285,Imelda,Fo,hcesarotti@example.com,$2b$12$4dpNMAa0TvsMiJmqzS5L9ertye/JGM.c0mZiU1AReZH2QONw2Q9J6,user,0,1942-02-13,+39 0426749779,"Contrada Spinelli, 6 Piano 2",Usmate Velate,CA,80137,2025-05-20 06:45:50
286,Ennio,Curatoli,flaviogatto@example.net,$2b$12$VAd2a.CIyay/ib6S0AN0sOCW0vTQW1n94x4fXlrgJtv9qQrBmBuHi,user,0,1980-03-09,0921009728,"Rotonda Ida, 980 Piano 9",Priolo Gargallo,FG,25057,2025-05-06 06:43:17
287,Gianpaolo,Rienzo,maglionino@example.org,$2b$12$JON4yX2FloN6chIKJcYBFeUx7l9CnpxgiMxNwE51bxgjlqZ7NP5m.,user,0,1997-07-02,0899947112,"Incrocio Contrafatto, 59 Piano 7",S'Iscala,SR,38050,2025-06-25 14:40:38
288,Coluccio,Comisso,xbettin@example.com,$2b$12$lEWfu5wJiBnU9L3N9gnLje//O8etufkCNHdUrpbzrtZ1a7iH02kG2,user,0,1990-03-14,+39 0736300975,"Strada Teresa, 6",Illasi,CZ,37062,2025-10-15 08:08:22
289,Tatiana,Morandini,marcantoniogreco@example.net,$2b$12$AEUWlbhWgcD1Xv7MkVgTI.VcsGcEJzwZJsPz6KJ1QF9TRTuOHWyse,user,0,1940-08-08,378077551,"Borgo Pucci, 480 Appartamento 8",Marciano,PT,40141,2025-03-08 11:58:16
290,Alberto,Bernini,olgagiannone@example.org,$2b$12$ahaaZHFZx58dEsyDrMtqUuDIpTyho6wFDyj3ifm8/sOXqZ5GMyD8O,user,0,1963-06-03,0322272206,"Incrocio Brancaccio, 29 Piano 4",Camigliatello,VI,28061,2025-05-04 11:20:27
291,Fausto,Gentilini,lucreziachiappetta@example.com,$2b$12$ZRTDSCiWOyMjwJQjMR6Qvush9Dbyi8oy46Fb/fduHSuwv69p.VAlC,user,0,1969-12-08,058447484,"Borgo Loredan, 94",Vologno Di Sotto,TE,73024,2025-01-13 09:07:23
292,Emma,Faggiani,dmastandrea@example.org,$2b$12$c0LT4kCYhF3dwst5Aefrj.Rx7bP8rC64pHRKXJ42vN7QwN.j0BpQy,user,0,1994-11-06,377380969,"Stretto Fabrizio, 9 Appartamento 31",Figline E Incisa Valdarno,RI,33045,2025-01-28 16:30:09
293,Elena,Sbarbaro,adamogotti@example.net,$2b$12$/0bYzArXV3NV0cNPEs1OyuqbLB/LOFomPrnG/RHlANpAy7WIw9KqO,user,0,1982-04-27,0586526524,"Canale Goffredo, 7",San Giuliano Del Sannio,SS,90044,2025-04-16 15:59:51
294,Rosario,Mondadori,lauretta89@example.com,$2b$12$0.I0zTP1H3hXbG6lTAQcA.fUljtYixaifsV1nOTTbcl92gr9l/H7C,user,0,1983-02-18,+39 0481418777,"Strada Panatta, 90 Piano 3",Torre Di Fine,SI,63834,2025-10-27 10:14:59
295,Gionata,Casaleggio,melinaabba@example.org,$2b$12$nCI3ncnRN9Y7C33mdKtqc.hEKgl.YhHiYh9As4BBCp5t1xtWTXwg2,user,0,1998-12-26,+39 0432682321,"Piazza Bernardini, 67",Manduria,KR,80147,2025-09-26 18:25:15
296,Massimiliano,Fuseli,iacobuccisole@example.net,$2b$12$umNYrxn4KBF6TXKrrzNkgOOB0K8fD623yJP77zCMMiOKmW6Sx08fe,user,0,1977-06-23,+39 07830949618,"Piazza Ottavio, 475",Rosasco,SR,28853,2025-01-07 08:20:16
297,Pierina,Sabatini,annibale89@example.org,$2b$12$kH1L08FXVdjV4uhtlyugVu7YIDMgs53Q.eOuCJ.jpTdVbuJbH3nDS,user,0,1992-01-03,+39 0536540368,"Piazza Benvenuto, 560",Passo Penice,SI,94100,2025-10-17 11:26:03
298,Leone,Nicolini,azeglio92@example.net,$2b$12$66P8/dw6uwPoEQXhj3cHLOJ1PGo8s7TUB8o819lbsnwdMHL58p9.W,user,0,2005-06-24,+39 3420075116,"Piazza Borromeo, 624 Appartamento 27",Poggio Murella,IS,28875,2025-05-03 01:51:26
299,Roberto,Volta,zabarellaenzio@example.org,$2b$12$GQnSBiuzyqmhNUMKImqfsewxXDnsLMQutjxiqvg/GUf1oGaagupzC,user,0,1951-12-13,38054591122,"Viale Camilla, 946 Appartamento 21",San Giorgio Extra,RN,20132,2025-02-18 11:41:39
300,Romeo,Vanvitelli,gioelerizzo@example.net,$2b$12$ElCfUNMPh9v7SpdolzH1Rea4n3/bPx8cUCvk7Vxz1X.j/Vh6IA5eO,user,0,1982-01-03,+39 0324811380,"Stretto Mazzanti, 97",Fornace Zarattini,SA,25061,2025-11-23 23:08:46
301,Margherita,Petrucci,dagostini@example.com,$2b$12$nGFjfGTruoI3WClWG03O/ur/Yu3BhfyqKVS72foUxhLYoq2ixvrRS,user,0,1993-08-05,09348528176,"Piazza Mondaini, 6",Kematen,LE,60020,2025-03-27 08:45:56
302,Rosalia,Brambilla,munaripierluigi@example.com,$2b$12$BMsEPY98JzUY/ZFIPi/80.uHs6lHWrX7rVSnJdyb3pS2cBYatkstO,user,0,1940-04-13,+39 057368785,"Borgo Rolando, 79 Piano 4",Sover,IS,88050,2025-07-25 08:38:04
303,Alfio,Borsellino,zgulotta@example.net,$2b$12$NPmhtaLe1hcWUKxPq40NoeowAW3Xxe8Ztmn9IQx0LlyXnUNpLjfOq,user,0,1998-10-07,086226583,"Borgo Filippelli, 48",Carpineto Della Nora,UD,12019,2025-07-26 03:49:08
304,Uberto,Tomaselli,giangolgi@example.com,$2b$12$PoRgpAxPSHoxMnHEywEpduzpTS9jQZpVuy87Lxabg5fOcW2yRNHqG,user,0,1972-03-06,+39 343626164,"Strada Elena, 82 Appartamento 99",Davagna,AO,86014,2025-03-21 17:16:50
305,Gionata,Altera,panzeraloredana@example.net,$2b$12$Sv6jSQygmDy8upxiFj.lYOBUMw566ZShGEAN9gSucNpC0ECxCWa6G,user,0,1964-01-15,+39 3776454925,"Vicolo Gianluca, 193 Appartamento 28",Mairago,TO,11013,2025-03-20 12:43:05
306,Gloria,Argento,paolettibernardo@example.net,$2b$12$YS22h5N6ysVD5R.u.TKIqeZ0WJX3ndE8XQT8zxW0BHwB6b.CRYk9K,user,0,1940-03-01,054199299,"Stretto Comisso, 58",Marsango,UD,41037,2025-08-21 07:19:35
307,Erika,Donarelli,marta89@example.net,$2b$12$ZPjJSXpp.9Ly/Pdbwu/UCuq5FuWRiA/hvXG51ihjVappUHFKs0542,user,0,1968-09-27,+39 032411383,"Canale Pacomio, 365 Appartamento 98",Mariconda,LI,20055,2025-03-05 04:46:03
308,Cristina,Prodi,fieramoscalicia@example.net,$2b$12$/xxvuKDhr9yPTyxRenWwUufqTlrNO.2buK5S9Y.qMorDkGZ5dKi96,user,0,2002-05-16,096278272,"Piazza Daria, 635",Barolo,FC,00050,2025-09-14 01:54:10
309,Monica,Garobbio,uroth@example.net,$2b$12$cy5Hru0waDIks6b0bwRxgeLn4eU4I5maubCW/lvXTto891AD5a9tC,user,0,1965-02-16,+39 01878854343,"Canale Nadia, 163",Orosei,TA,87046,2025-08-07 22:06:33
310,Emilio,Bompiani,tomaselliloretta@example.net,$2b$12$CWZMdvfxVICdBKdk5Kfp7e8bbCtysp3l4buTxjoOcREpwTU2IeBxS,user,0,1954-08-23,+39 3793678234,"Incrocio Capuana, 40 Piano 2",Falconara Alta,MN,58042,2025-08-16 04:51:22
311,Giada,Missoni,ptreves@example.net,$2b$12$IkBnf3wsMZbsHBKv.AEVxevPt4dltLHso9dt0DNpYVUeol.exReo.,user,0,2002-08-07,+39 054122531,"Via Solari, 2 Appartamento 6",Sorrento,PN,26040,2025-07-05 16:57:12
312,Rossana,Palladio,dbocelli@example.com,$2b$12$AHq8ztt.cvLEt75XwuiTReN092/SRCNNDSwxhCjza6WB/tCWocvjq,user,0,1965-06-26,+39 3757853498,"Viale Ferragamo, 52",Bortigali,PO,38060,2025-11-22 11:05:53
313,Germana,Fattori,giuseppecavanna@example.com,$2b$12$pMZGAMkqUFFEqSFp9VeU3.zF.ZDrBpRC5ueuf2tei1ZAD0bMBT9fy,user,0,1955-09-13,085677090,"Viale Passalacqua, 6",San Giacomo Del Martignone,VT,63900,2025-06-29 10:55:02
314,Massimo,Udinesi,ferdinandosonnino@example.com,$2b$12$TS50plI3gJYIdC0pMKOe1eiodLLi.Lj/qyhHikiEFaWlUr2O2KvvO,user,0,1945-09-17,+39 3895903869,"Contrada Sabatino, 495 Appartamento 34",Sersale,PD,65025,2025-04-12 12:56:15
315,Annetta,Cuomo,lazzaro28@example.com,$2b$12$zAfaBFszIk0nKSvUntSEPOSfaPWpUpb0V9q4dd2QpImAFCijvC2XC,user,0,1945-01-06,+39 3619374605,"Viale Maurizio, 6 Appartamento 79",Sant'Anastasia,PR,84125,2025-06-20 21:02:45
316,Leopoldo,Vigorelli,wughi@example.org,$2b$12$5Ap.RNgR4LtZ.ynr/.ZDX.K3/0.9TsKr32bECLb6FosGgHEF2sdL6,user,0,1949-04-07,080920798,"Incrocio Elladio, 79 Piano 6",Canneto Lipari,MT,25081,2025-03-13 19:31:25
317,Pasqual,Varano,pedrazzinidonatello@example.org,$2b$12$UwSb3edawT1EDvR1IbZZPO16mFyT5H.X4Hx0PM2fTUo36PIv5CDxy,user,0,1980-11-29,+39 33893170044,"Via Franscini, 237",Monticchio,PN,87050,2025-11-04 02:59:25
318,Gianpietro,Fabrizi,jacopocanova@example.net,$2b$12$VRnsvkVpJpD5adzKrok/jOBmFWuG2NOMJSZlhwsRp.98HNm82HojC,user,0,1970-12-17,038214954,"Piazza Barzini, 5",Ceresole Reale,LI,60012,2025-01-12 02:30:58
319,Donna,Montesano,paoletta57@example.net,$2b$12$bJWUCRtVAXz13aIT.i1qJ.VHmmYFA6CtTkFebf6aZoOjGzeH4sq8G,user,0,1948-09-19,0865437655,"Incrocio Adele, 38 Appartamento 2",San Giovanni Di Querciola,CS,26844,2025-06-16 11:47:08
320,Patrizia,Tornatore,mantegnaarmando@example.net,$2b$12$DmZosDexJ/sX5HuHg9gAcOZqhYGUIEGvB8khuzZiFx8rK00fXQqBS,user,0,1951-10-19,+39 0825388309,"Strada Sole, 0",St.Walburg Ulte,PG,25058,2025-09-13 08:23:40
321,Hugo,Juvara,qbellucci@example.com,$2b$12$hgzBFxLPPghuozwxHnH3rOlN/lHkU1iLrIGJ4TIpD7ZOb5EUDONi2,user,0,1982-06-05,347184203,"Canale Corrado, 73 Piano 9",Latzfons,LU,19123,2025-01-13 13:49:15
322,Lucio,Bajardi,ybuonauro@example.org,$2b$12$6Q5CD.XEhh8GAUQqZ3WOnOwHnw.6ayMXWFE5GRKPef958G65xph/2,user,0,1964-12-04,+39 0807245434,"Contrada Bettoni, 483",Torrazza Coste,PU,34135,2025-02-25 11:45:55
323,Amadeo,Colletti,tartinililiana@example.com,$2b$12$oTy1E0M4OqzU9DsL6K4pxeQVtXCZbLhb.3VzoklhxNsDroruKkHe6,user,0,1942-12-04,+39 3934650040,"Vicolo Udinese, 184",Vignate,GE,23898,2025-02-05 07:30:07
324,Cipriano,Condoleo,ettabixio@example.com,$2b$12$6PaTggegsy/nnX0zm/9yCeMLB6vaYO/9QAFVjSRCtcZ77QA7jSstO,user,0,2002-12-03,+39 0852678050,"Via Cossiga, 68",Sant'Agata Fossili,TP,63846,2025-06-25 20:46:39
325,Pierina,Viviani,tiziano00@example.com,$2b$12$K9IbvuO91PVw2wXs54ZM9e.wQsaXeTt4xnhZCSPZTJDzR0.2BlPO.,user,0,1949-04-03,+39 0498577092,"Via Monica, 7",Civitella Paganico,SO,63063,2025-05-08 15:20:59
326,Olga,Dossi,castelliludovico@example.com,$2b$12$wQspP5dRyyFhb43A8tKvjOP3xUMLqCMOWRKzl2I5YV.poGQ1zUvD.,user,0,1948-08-28,092557294,"Incrocio Sophia, 4",Montegrosso Pian Latte,SP,20036,2025-01-28 23:49:02
327,Morena,Toldo,emontalti@example.com,$2b$12$tVFsXrXh07MV99gNA7KY9e0th4Ure66QmfqWNYZvtCB87yghSCsnK,user,0,1981-09-26,0733904852,"Viale Etta, 31",Campeglio,LO,84052,2025-11-22 12:11:01
328,Agnolo,Lippomano,corlando@example.org,$2b$12$SFBHf/TOHAEjbM3ynJTb.O4P217KS7bHTZUHPycUZ8zY14zuYpHuO,user,0,2005-01-21,3812903350,"Contrada Alessio, 2",Mareto,TN,16034,2025-11-23 00:09:33
329,Rosa,Almagià,grazianospinelli@example.com,$2b$12$P9FPkct8EL3oYpHlTylIKO3NreU0aEzC95Yvo7VB2LIh4lqreUEdy,user,0,1978-12-17,+39 331140876,"Vicolo Verdi, 92 Appartamento 5",Pessina Cremonese,UD,63091,2025-06-29 17:31:14
330,Beppe,Totino,dariapistoletto@example.net,$2b$12$Khh/Ug8Jyn5GXpI9cjBR/eV/17HydwKWwPZXjnLnEZJcJNgNYn3Ey,user,0,1955-10-13,+39 3792285839,"Stretto Vito, 4",Melfi,BS,10098,2025-01-13 20:04:55
331,Giulio,Muti,ariostobenito@example.org,$2b$12$YrkhIF2I3xVGnA2mT168rO5E5YhxgReqDC/57MfpR97tcgmnE7oE2,user,0,1997-07-31,+39 3556063522,"Viale Mazzeo, 3",Cesa,LU,57027,2025-03-03 00:55:00
332,Chiara,Marini,flaviapalombi@example.com,$2b$12$Uv9Ohv5Y5uRaaD82gQ/Jme8a7LUEus1aRTXnBOwFBVBG9RspFQ7e6,user,0,2002-01-18,08822083617,"Canale Eraldo, 73 Appartamento 1",Sant'Anastasia,CN,84011,2025-11-19 17:08:47
333,Fedele,Boitani,hpiazzi@example.com,$2b$12$.ijix3QgeP2YWNcP6Ytp5e2h7gK2QPZOXkybCtjYB7rcjeoYqmOba,user,0,1948-05-23,+39 0851073208,"Incrocio Tiziana, 43",Daverio,LC,13822,2025-03-10 16:15:17
334,Leopoldo,Tebaldi,yviviani@example.com,$2b$12$Em4Qq9zE.rFtuUO8KM7X6eqX9qTCT6kLB6SbrBe2M7jwNQCC/995K,user,0,1961-01-10,+39 3713092691,"Contrada Sebastiano, 320",Suello,VI,40063,2025-10-20 05:32:12
335,Pierpaolo,Pometta,antoninazetticci@example.net,$2b$12$HIRtGNFTJmDbsyWQNa5/9uhjfTUdAakZHaVLcPAytkZgxxKi/.40C,user,0,1966-10-30,+39 07611068719,"Strada Amadeo, 39 Appartamento 2",Cropani Marina,IM,09017,2025-03-04 11:07:25
336,Damiano,Panatta,tatianavanvitelli@example.net,$2b$12$KCuSyp4MzW1W4hrQJ5nODO8olEecvlYkO2SJ1u9GH9d0nCw9oQ0FO,user,0,1940-11-01,+39 0733803870,"Piazza Matilda, 91 Appartamento 85",Maiorca,IM,83041,2025-01-06 20:06:35
337,Gioele,Tomaselli,giulia57@example.com,$2b$12$YD4Z0ITAjF/UwRzlBax0pu1ISmtZLOpz1.ThcgDtjlD/Lc3nJuriK,user,0,1950-10-22,+39 0363517750,"Incrocio Valentina, 490",Piragineti,TR,89039,2025-02-05 10:55:07
338,Ciro,Beffa,jmontesano@example.org,$2b$12$xIg7u.Gf7M7FZk6BPbjddutyLKi2jMD9znfhFJBk6sUAyb52KCUSy,user,0,1974-08-14,0426868436,"Canale Orazio, 51",Cuzzego,SS,55019,2025-07-14 05:02:05
339,Bettina,Pulci,ricciottirosiello@example.com,$2b$12$ruxVgLIvcL8d3473mLxh.u1z920dIfTFWFFQzflWKNRX/FtNa9r/S,user,0,1954-01-31,+39 375667339,"Stretto Valguarnera, 54 Appartamento 7",Segni,MB,13811,2025-04-01 09:09:14
340,Rosario,Curiel,abattelli@example.org,$2b$12$ndQJ5TLEMD/NpNhF.vfI5OflkKr/NhNBQBI6CHM12nmCsfQsvtInC,user,0,1964-02-01,+39 3501558602,"Contrada Milanesi, 9 Piano 0",Monte Marenzo,OR,14039,2025-05-12 06:31:35
341,Tiziano,Chiappetta,petrallirosalia@example.com,$2b$12$Y4ktzPiEqIvdeEopCD4Xpey5JWqqNMuFV6pC4Hy5vL1yfBX/2fZFC,user,0,1958-11-03,3701904608,"Piazza Donatello, 278",Tossignano,CH,12042,2025-07-17 06:04:12
342,Dionigi,Vattimo,flaianomario@example.net,$2b$12$6/uWtikot0SLv4ajduHEEeky35AanJs9/HdMfEfTqeMcZEeNOOO7e,user,0,1956-01-13,012229683,"Contrada Gloria, 5",San Giorgio Di Mantova,AG,10087,2025-03-04 10:29:05
343,Isabella,Lucarelli,clussu@example.com,$2b$12$nOHBzWaE9AYLJnofJe9v6e8h.9Le39d5lFsHt/btZE5UH0YTJBEY.,user,0,1962-07-30,04264609379,"Via Manuel, 61",Campremoldo Sotto,IS,26836,2025-04-15 22:46:31
344,Milena,Jacuzzi,nina32@example.net,$2b$12$3oZfhbFXv6yvwKxNQbIeqOA1aEHEL/QEmwAek7S.XfJfpLn9L32Pa,user,0,1991-01-07,+39 058345396,"Canale Schicchi, 62",Cassinone,BG,28842,2025-05-31 21:31:27
345,Letizia,Taccola,alphons77@example.com,$2b$12$ZXLW1GJTPPqepN9pMsAyIe8MbJ/bkYQG4ApLn.T0wR8euxSLwWGzW,user,0,1992-10-18,09945539520,"Piazza Cagnotto, 94 Piano 9",Castilenti,TS,02033,2025-05-09 04:00:30
346,Stefania,Pertini,antonina41@example.net,$2b$12$NKaGR2reVHBJWifK9Fk/J.Y07Nfzf3HGn2ptETvYq9t6lGdxIErMC,user,0,1945-04-01,+39 0161974360,"Rotonda Cimarosa, 0",Kurtinig,RM,30021,2025-11-18 08:29:30
347,Griselda,Bocelli,giacomettidolores@example.com,$2b$12$.dw72WU.1G8VdIT/vPpSWOXQu6KOd8s3HqJZltKEseIuXWcss7PP2,user,0,1956-05-23,+39 0961483395,"Incrocio Tonia, 96 Appartamento 0",Cassolo,SR,09026,2025-08-28 05:45:27
348,Toni,Mazzocchi,udinesetiziano@example.com,$2b$12$m7.s5/c9y753llfjQGiTduFWt4/AOZgM.KhiiT9f/7dvZwIdCm14S,user,0,1974-07-24,+39 0422857138,"Strada Aria, 88 Appartamento 99",Granarolo Dell'Emilia,MS,16143,2025-07-08 23:03:35
349,Federica,Mantegazza,pellegrinivictoria@example.net,$2b$12$YgXU2kuOHxHA1cnBKk30AOnUPtgW/YFMXGjSddIS0NYAKL7ayI4U2,user,0,1958-12-22,+39 092344153,"Contrada Lorenzo, 325",Rive,SR,47010,2025-11-08 01:07:00
350,Renzo,Boaga,camillatraetta@example.org,$2b$12$fPGokahkp9HqjkZDhPq.z.9Pex/LjXZGMWA0eWIjTtkhPDVkOs3we,user,0,2005-11-10,+39 05749831650,"Stretto Collodi, 21",Torchione,SP,66032,2025-11-22 17:50:16
351,Nicoletta,Boccaccio,albericogiammusso@example.org,$2b$12$qy.9QD63jErGWSUwWcEiq.gtAmEjXa15AGx8JBFYODY6PGySfUFHy,user,0,1940-09-26,+39 0961979003,"Vicolo Moccia, 12",Bonifica Villa Literno,AT,06127,2025-01-29 13:30:55
352,Vittoria,Barese,gpavanello@example.com,$2b$12$QQI6JDouEY.6knguXKrHo.O.4hRpcbQZQYsyQdZDB0auoEcHCyhra,user,0,1956-12-01,+39 0884497844,"Borgo Ricci, 586",Villanova D'Asti Stazione,SR,15058,2025-07-05 15:09:35
353,Pina,Persico,brunogolgi@example.com,$2b$12$WcjFjCIuxsza.GMs/NjNsejXtk/N0BTDU4ORWJLKND9MlNQK7VRQm,user,0,1977-05-17,+39 3436691959,"Stretto Pennetta, 11",Fabiano,VT,48027,2025-03-14 09:22:48
354,Maria,Trebbi,gianettieleanora@example.net,$2b$12$IfK2sZcg1AFBonpzJfA/Yue/POx/6pkkyzzGFtiHMpUUIXPRYCZw.,user,0,1984-04-30,+39 3776189660,"Viale Alfonsi, 32 Appartamento 74",Velina,MO,09100,2025-07-16 17:44:57
355,Flavia,Cocci,pedrazziniantonello@example.net,$2b$12$.yxISYOlMwc6PtvJj941XOGYITgSz.K4U5dWrCbs.AuvV4/BGfUHq,user,0,1999-12-01,05354634471,"Canale Ossola, 53",Borgo Lupo,PD,41023,2025-04-13 11:10:49
356,Fausto,Manzoni,etta56@example.org,$2b$12$TdXIJ0wywbm1a1uTJHUaE.Z.paWBHMBdcJzWNMRrp6Pbk.6Gi0rYC,user,0,1979-11-16,+39 08655336339,"Canale Gaiatto, 7 Appartamento 85",Nerola,PZ,27028,2025-10-23 04:51:02
357,Sole,Rossellini,ignaziotomaselli@example.org,$2b$12$FwlXQseQQCg18PjbiRCAE.SjPJD3kE2OlqMtMwSCQgL1D.bMcHp62,user,0,1997-12-08,09654051530,"Via Albertini, 9",Arina,TV,24013,2025-04-27 09:48:39
358,Rossana,Ferrante,bartolomeo38@example.org,$2b$12$1SJ4onvoV/NMbZowS8SRMuv.oYtE9CE60g0nxSquqTr9uQvQUqFx6,user,0,1974-11-03,+39 03735979270,"Strada Trotta, 2 Appartamento 52",Monte Santa Maria,VA,15040,2025-05-28 17:35:22
359,Jolanda,Abbagnale,massimo87@example.net,$2b$12$6642V2pJnFHhMnMzOUfalO237UoOdYviAJOO8UDQ/aE4C8f/Uy5mm,user,0,1994-12-04,012450515,"Canale Fornaciari, 34",Masainas,BL,82028,2025-07-08 08:31:18
360,Atenulf,Satriani,giada62@example.com,$2b$12$qIeqFC0tHJWrIjq/pvcrY.JYnu/dW5IrzDd0qHAAYA4RGnnn5bGH6,user,0,2003-10-27,3311237824,"Rotonda Cristina, 65",Riva Di Pinerolo,LI,01015,2025-02-10 19:47:48
361,Rossana,Sibilia,omimun@example.com,$2b$12$9DPz5zzbkSpgcDI52H7fNOpupoJIIFoKXUgzfQbPiYpO0mUItbd7q,user,0,1970-06-07,0874128368,"Piazza Arsenio, 767",Castel Di Decima,CN,20816,2025-09-25 23:36:51
362,Griselda,Barbarigo,gustavobacosi@example.org,$2b$12$pFXdQ9fGyHQk/wxBsiRQ0eu8eJeL9r9cLJ25CaTP1/RYHZODJGkSS,user,0,1976-06-19,+39 0932388347,"Strada Santino, 43",Novalesa,CA,40122,2025-03-08 16:06:39
363,Biagio,Balbo,grossipatrizio@example.org,$2b$12$U0vQliDHaUAFM.G0YbHgeeCg6dtiilchTd9GYvGI38w5zt8VJwn96,user,0,1951-12-21,351770533,"Stretto Tron, 7 Piano 8",Scarlino Scalo,LC,38071,2025-05-22 05:02:08
364,Iolanda,Canil,gioacchinoredi@example.net,$2b$12$HIzeArwQ9qMOM1i/7U/Weu.OXLuocYZa5xxx9NPFOmCs58jFMdLZS,user,0,1957-11-27,37608917909,"Stretto Bandello, 42 Piano 3",Pera Di Fassa,VC,33025,2025-11-15 02:52:51
365,Ansaldo,Gagliano,itorricelli@example.net,$2b$12$m1xatt3DxRwC19ouE1VSS.TgtjQo4CjDMYUelwblPmeCxGyv64Vc.,user,0,1940-05-15,+39 018487486,"Incrocio Grifeo, 6 Appartamento 0",Gorino,LC,00045,2025-05-21 13:25:28
366,Eliana,Schiaparelli,qrespighi@example.com,$2b$12$t9ExyfhwPcHA7qaY.2mNEeBBahjsSfqQ.cDgQnQ7KfSkgpEbwIVTS,user,0,1969-04-03,0784423984,"Contrada Antonetti, 17",Mozzo,CR,36029,2025-07-05 12:36:42
367,Geronimo,Pincherle,giulialercari@example.net,$2b$12$oiK3Zy3bD78e9c2xDIIWsemZtxUdxAhT0JjgjR1hF62zb95Kyd5Pa,user,0,1947-07-03,058572241,"Stretto Durante, 930",Cassolo,FR,27022,2025-06-29 02:18:51
368,Simone,Polizzi,flavio10@example.net,$2b$12$3.y144VE5drgiD14mok5A.vpdr92.P5yi2CQwnV016RMeuTz9c6BC,user,0,1996-04-19,3778722926,"Borgo Ariasso, 577",Grauno,VB,47018,2025-03-26 21:14:31
369,Antonina,Boaga,majoranaannibale@example.org,$2b$12$PUhdNobeu04pT5K.aFGKh.XGHOCIUMr.obNJqNdRwTxOVfEgwiu6a,user,0,1983-08-12,05780331651,"Piazza Licia, 12",Petrignano,TS,06023,2025-04-05 16:03:02
370,Orazio,Bassi,jquerini@example.org,$2b$12$tNNum5wSo2srWJLaBB0PQeesC57vzjU8VS/zA0iIgWDQco0QCIxRu,user,0,1949-11-19,+39 057728380,"Borgo Nitto, 28",Ventotene,TN,18039,2025-03-13 00:16:26
371,Flavio,Borsellino,ruggieroviviani@example.net,$2b$12$heCAR6uBAt2jdj3.WWlkT.qDk0gz0wwzq6ONmGHtwSPxIGPDI8jqO,user,0,1967-02-08,+39 3378912328,"Incrocio Tatiana, 79",Kuens,LI,89022,2025-03-03 07:38:54
372,Romina,Bignami,fcolletti@example.org,$2b$12$XhiBBLNBlrV9bC9aXB.Zyu8iS5.bRBi8Xf.8Al.R6ioxUO/Ec1uz6,user,0,1961-05-25,+39 362156660,"Strada Mazzi, 772 Piano 9",Gorla Maggiore,SI,38100,2025-11-01 14:43:03
373,Cristina,Gualandi,paola10@example.com,$2b$12$drD4u.cqa78xgaVGCRlEKebYZu/PyZpaO9vt8556mEHfXKZB5K3iG,user,0,1993-04-28,093339302,"Contrada Impastato, 8 Piano 2",Borgo Vittoria,VC,28815,2025-06-02 20:48:24
374,Giuliana,Lombroso,anichinifiamma@example.net,$2b$12$DUkCxiA3TVmoIPtjHtHj9ulRmp/Uj7qoaYiLUQpixaRLRlWyItyaG,user,0,1999-10-06,3760570326,"Contrada Romina, 20 Appartamento 7",Canevara,BG,07033,2025-05-16 14:46:01
375,Maurilio,Mercati,rossanasaragat@example.com,$2b$12$R.xUdKCb8MW1qQ3kwaJ7humaVedn2yVmqLX/8pgwf93vSwKHalhYK,user,0,1987-08-15,035323798,"Strada Ammaniti, 965 Piano 0",Settimo Rottaro,OR,55010,2025-08-13 00:03:19
376,Lucrezia,Liguori,chiaramontefilippo@example.org,$2b$12$81vwleuT4HkxtkOY5lqZW.67IceKjfL3YXGLuN4QmGgVJT20XAm2y,user,0,1945-10-31,+39 0942025395,"Strada Antonietta, 6 Appartamento 28",Fonte Di Brescia,CO,32037,2025-04-10 07:57:49
377,Ferdinando,Rismondo,xdruso@example.org,$2b$12$unU/67t8Pohdk1UHh7HUF.lbS.SAwZHFD/wzev4Rqom6ukXsP8TTy,user,0,1964-04-05,0444831541,"Incrocio Temistocle, 46 Piano 1",Penango,AT,24024,2025-09-07 21:15:42
378,Serena,Contarini,bianca52@example.net,$2b$12$5Jp6knpIiFH6TW/6N9H.bu1BudkhO3/yj9FNyqNAXYOtz7BRydLz.,user,0,1957-04-13,3518201941,"Via Concetta, 370",Vicovaro,AP,22036,2025-06-08 03:11:02
379,Alina,Raurica,brogginigianmarco@example.com,$2b$12$YKkp37M0eH9tTfNWNhvYEePqvvVOKFmH7NxslUJcWcjhddEUocH2W,user,0,1951-01-19,+39 0481600639,"Borgo Veltroni, 85",Mauls,GO,50034,2025-02-02 05:44:04
380,Aria,Fittipaldi,lodovico81@example.net,$2b$12$U/D/h3Pp5D6s9dfD9Z.ap.nGBHE97UtD.iBGTLiJU4dQrxwkhfE6a,user,0,1999-09-09,3516062815,"Canale Antonino, 335 Piano 7",Sillavengo,TR,10138,2025-04-22 22:59:05
381,Rembrandt,Marino,tirabassivanessa@example.net,$2b$12$gPic.hHgE/s6GX9Ix1G3/OFsnqo/MrtEO75fz3idCX0mCggzuByYG,user,0,1980-08-20,+39 3516458820,"Contrada Elladio, 4",Sant'Oliva Di Pontecorvo,CH,13836,2025-09-02 15:48:24
382,Virgilio,Trillini,amatogastone@example.com,$2b$12$XdGu00PO0/Z1a6fyS/TREe8Mmkjo0TeSAWdAPCCEn74rPRGMfdxES,user,0,1988-09-14,0417534605,"Viale Temistocle, 543 Piano 8",Algund,LC,40013,2025-09-07 22:39:09
383,Paolo,Vasari,perandapanfilo@example.com,$2b$12$Oj98W0i8mJSU27X3B6u1OOnNPG6IxgB0XggPGDS/3xTFkxzvTQRF2,user,0,1999-06-03,37130715575,"Vicolo Pascarella, 67",Fratta Polesine,FG,38020,2025-11-19 13:54:12
384,Alderano,Rastelli,honisto@example.net,$2b$12$PJ6V9FEeCbKsavQPT4sDbOPWrLwEvaw8Ozt/SqZDfbiTbewAe3Zgi,user,0,1946-12-25,+39 059858183,"Incrocio Ubaldi, 15",Cassino,TS,72012,2025-05-07 23:24:06
385,Mattia,Peruzzi,pvalier@example.net,$2b$12$0lpHrDCh3eQ1MBy6fLQdRuXb1V97CnWr6z./pr8MorDp1EQABMb5.,user,0,1947-08-22,0733074827,"Rotonda Matteo, 65",Serranova Di Carovigno,CO,28815,2025-01-26 02:57:42
386,Imelda,Montecchi,mazzantiennio@example.net,$2b$12$FbgiT9Jo1wNy0dL9vkccz..40vTOLJ/JnkE7JPOQEuW2gw4urkyX.,user,0,1966-02-12,08836241626,"Borgo Boaga, 123",Vighizzolo Di Cantu',CL,85018,2025-02-27 16:31:56
387,Livia,Argentero,martinaviviani@example.com,$2b$12$Q29G5OC5mrT2ymUh7aIRoePde.sZsJ887Vxdk9D/pIqaAT85m7ecO,user,0,1967-07-29,+39 3349801147,"Strada Poerio, 88",San Marco La Catola,PD,00033,2025-10-15 02:39:57
388,Martina,Bulzoni,antonaccifilippa@example.org,$2b$12$YSdjJigqCETGr7lma12dk..aV6XnPbe9kGEhrgBwDYjEpRAo3/qAG,user,0,1996-04-07,082422694,"Incrocio Rapisardi, 42 Appartamento 1",Lodrino,AR,83018,2025-03-30 14:18:42
389,Fernanda,Sonnino,renzofinetti@example.com,$2b$12$ySMIgPnSkMnIUX.tCg.ZK.jJrctjwH.e1jkjpxqwtJuPxnippRt5e,user,0,1962-01-17,07748275890,"Stretto Rosalia, 91 Piano 6",Cosola Di Cabella,BN,16041,2025-01-27 23:31:15
390,Nedda,Salieri,bottariccardo@example.net,$2b$12$EGurnqY.fRVPKMhM2M3ElObKUkNXRRiXhvhxvL6YV9l2g9TCemVvq,user,0,1990-03-31,+39 35001978483,"Viale Totino, 0",Farra D'Alpago,CH,36065,2025-07-14 06:05:18
391,Dante,Chiaramonte,paloma64@example.net,$2b$12$ACBmEFcIHfsQmaEnoaS32./ZrTPQ6TtmrqrrL6kmtd3tzeeYv3.Su,user,0,1987-06-22,+39 350057205,"Borgo Antonucci, 25 Appartamento 6",Brunella,OR,86075,2025-11-01 02:30:20
392,Aurora,Guidone,morgagniangelo@example.org,$2b$12$ZU8j9eSejcjwYDM7f6TfEOi9Exq4coh9.JbxYU.FmXf.Xx3SOS/Lm,user,0,1957-01-29,+39 379117976,"Stretto Piergiorgio, 15",Corno Giovine,BI,86090,2025-06-27 13:08:09
393,Roman,Carullo,anita59@example.net,$2b$12$nOUScscH6sAtoAhJjZajOOmiLyvHba9nyBQvxdbcu9qA7fkkXS.YG,user,0,1963-09-18,+39 03654958622,"Contrada Paruta, 29 Appartamento 17",Ca' De' Stefani,BO,06126,2025-03-18 22:12:50
394,Fabrizio,Gussoni,lborsellino@example.org,$2b$12$tGU4gm5tpIC4BGIbPHPD2uvDAHSzMWi4O1/F9P9vjL0CJN2zPZolK,user,0,1994-09-19,0832259224,"Incrocio Guarino, 39 Piano 4",Fai Della Paganella,CN,86071,2025-01-09 23:11:51
395,Pasqual,Caironi,notarbartolomatilda@example.org,$2b$12$7pxiV/P.rHqkgWb14uOsnuiOAAvGetYCNjFxM/w26w9gnWC8r.YYC,user,0,1951-05-01,3512371176,"Canale Imelda, 77",Lavarone Cappella,MT,15019,2025-11-25 11:47:10
396,Griselda,Lattuada,adelasiavismara@example.com,$2b$12$qF9/Mo3XpFUkgzfBu7IG4.Ef3aQ0cvwV9ynEA6L56q.KmD8.PdLvq,user,0,1995-09-27,+39 355272211,"Stretto Marcella, 29 Piano 3",Cimego,PO,15044,2025-07-01 23:49:52
397,Martino,Antonello,zoppettorocco@example.org,$2b$12$aUa2TLJx4B7YymNswyLYluYOdNNmxrXhOBsGsm/VzR55b1AIy0mKS,user,0,1963-02-27,+39 33112395627,"Via Morosini, 2",Rivera,PC,60038,2025-05-02 00:38:26
398,Uberto,Gritti,ypace@example.net,$2b$12$cMK1YfU.fh6l5J3hG9YBkudY2/G0WPI7aXG7CFXT15NGjgOM91ZPq,user,0,1962-01-26,+39 3517798359,"Canale Tiziano, 7",Montebello,FG,83050,2025-10-20 15:46:20
399,Allegra,Vivaldi,nicoluccirosa@example.net,$2b$12$5ww.0q8WnVISmovfE1gJ9eT4O6Pw87.MFeFnnQY9ebU0wvkJdibyK,user,0,1943-07-26,353473743,"Canale Arnulfo, 9 Piano 8",Lu Ricciu,CB,98063,2025-08-24 19:56:28
400,Liberto,Rizzoli,mcagnotto@example.org,$2b$12$FU.pMfvjEUZby8NZ/dDnr.z7T16rmjSOhWDC6NUuzjGrDr09CUeDa,user,0,1960-10-05,+39 375579126,"Borgo Renzo, 316 Appartamento 3",Stange,TP,21013,2025-06-06 05:04:40
401,Licia,Tiepolo,rchindamo@example.net,$2b$12$cZKNAPY5IWCkxk/3nDSnO.d1hexoOCMRlDsvYbmJ9S9QwE9T3zk/K,user,0,1997-04-10,0874351165,"Via Camuccini, 82",Massicelle,MO,16133,2025-03-22 13:40:41
402,Concetta,Redi,lidia57@example.com,$2b$12$jMU9dzqhCmbDSVkfxynYWOhq1qCntU0qfWo6Yyr3zeoAN/O.C1je2,user,0,1988-11-03,042358176,"Via Flora, 294 Appartamento 16",Sillavengo,RM,55039,2025-10-08 23:16:18
403,Giosuè,Casini,mercedesvergerio@example.com,$2b$12$rGcS6dUOmY8.I7JY9gWcaO6ofQOqx/MUri/QDj.9w39hI0X0OIZke,user,0,1987-11-24,371645622,"Borgo Odescalchi, 44 Appartamento 6",Alanno,MS,80027,2025-08-22 16:29:16
404,Guido,Disdero,argentogianpaolo@example.org,$2b$12$X/cgCOJhGyrticCgw7wzAe3t1VrzUXaR8V2sSetCAO0LOlfHopkvi,user,0,1996-10-14,+39 363705059,"Piazza Giuliana, 34",La Croce,EN,73018,2025-05-07 01:01:15
405,Nicoletta,Alboni,rtomasetti@example.com,$2b$12$GEtbqE63w0gP9S9Sr4YAuuAU0pkSTMDSkmtp8DYkYOXIBGJiCcL12,user,0,1974-08-03,3354397229,"Vicolo Ossola, 85 Appartamento 6",Colognola Ai Colli,CO,81044,2025-01-18 02:39:13
406,Giulietta,Ferretti,pina39@example.com,$2b$12$odtqIge9iZo3Aft5icjIfOKEscJyygQp.FLbIqK50QqDrLN9yW1Ni,user,0,1965-01-18,+39 036219587,"Borgo Agostino, 313 Appartamento 8",Momigno,CS,00030,2025-11-08 01:17:44
407,Pina,Ciampi,xopizzi@example.net,$2b$12$YEqsH1juzhm8jg56l4IBGe1kto.4tPKE5vs/xMhXvivgbit92J1ce,user,0,1993-04-30,+39 0521932082,"Incrocio Giuliano, 29 Appartamento 16",Sant'Angelo Muxaro,AT,23802,2025-11-09 13:32:42
408,Rosaria,Manacorda,troisigiada@example.net,$2b$12$HvcO2C/HssCBQfqqaDHczuCfp2x9mefOGYYrmy6O3k4E/NUnrrZBa,user,0,1984-12-02,078320017,"Incrocio Bonaventura, 37",Ton,MB,38049,2025-11-18 14:58:52
409,Oreste,Boiardo,imeldaendrizzi@example.org,$2b$12$qL1MBueiDZT7Q6WpEfqpBO3jOgE3KfsxNrp75G3mf2VKUMBkkVYhG,user,0,1947-03-23,+39 040662532,"Via Santorio, 2",Sasso Marconi,TR,02013,2025-07-22 20:45:35
410,Mariana,Bernardi,gabriele58@example.org,$2b$12$U8lWOzrhjOvgA.AadoMiCe0FPRDZENhrIydU1eaKBrKVXLEWVcxwm,user,0,1995-08-05,07650703850,"Rotonda Trentin, 7 Piano 7",Mosnigo,RO,53048,2025-05-16 12:36:35
411,Luchino,Celentano,ciprianopuccini@example.net,$2b$12$6RVsL.8B9DU1wem4HFHrXOUutmZ22Jv6/9fB7M3Ew2lNGJIYuGpd2,user,0,1996-11-14,+39 373252500,"Borgo Garobbio, 329 Appartamento 5",Novate Milanese,SO,41058,2025-10-06 08:22:45
412,Filippo,Grimani,innocentipatrizio@example.net,$2b$12$Ym9P1YGqpZt8sCXZg.bIRe3qVrYO2p.T65D7odMUxvQ6WGDAVeb92,user,0,1965-12-04,05886538397,"Borgo Rastelli, 98 Appartamento 9",Villa Motta,NA,20822,2025-01-22 22:23:37
413,Serafina,Rosiello,cirillo49@example.com,$2b$12$ulnNzxAn.jj4OOV.NZ.AzugSmekmpVUbD4Xa5clyDNsXkbAiqvFme,user,0,1999-04-03,+39 0302221791,"Piazza Sraffa, 7 Piano 3",San Matteo Della Decima,TR,84057,2025-02-11 18:26:32
414,Fernanda,Mantegazza,ytrotta@example.org,$2b$12$zIJZPPh8EhFtdskGa0CPse5fU7I1y6aQfS.3SUxXB4qjSWfjewm0O,user,0,1968-10-15,+39 058892577,"Vicolo Filippa, 32 Piano 8",Anzio,LE,58045,2025-08-20 17:05:58
415,Paolo,Comolli,rcossiga@example.org,$2b$12$7qx.S73RlM32Z7N7y.ZxJ.Xzjnv3hyacFSwWaWPgBKuK/nYCL5anC,user,0,1943-06-29,+39 36127999200,"Stretto Seddio, 8",Vaiano,AN,53040,2025-06-20 09:27:01
416,Bianca,Samele,luciogiacometti@example.com,$2b$12$sL92CSBH6i9pdKLM8IIQquoQj2U4Q9Y7UgD1y0d1UZE7UPvLPZx6.,user,0,1975-06-04,049674327,"Strada Malenchini, 6",Serra Pistoiese,AT,38033,2025-01-27 18:46:45
417,Rolando,Tartini,tarantininina@example.com,$2b$12$uGnjNiShjiLHZtNaGsHTlOdTQrhVdhEkEFofoQaVbnMgx8kXR5Fyy,user,0,2005-01-03,+39 35190731433,"Borgo Fabrizio, 473 Appartamento 15",Curcuris,PN,54100,2025-04-20 03:33:45
418,Diana,Camanni,hzaguri@example.net,$2b$12$DELqJU62XDVOGZS6bgjRBONs2KRYvYINRjd9wQGNx2V2Hy6WhMwCe,user,0,1948-08-31,+39 0424186119,"Strada Parmitano, 5 Piano 0",Entiklar,VR,10129,2025-08-23 04:27:07
419,Piersanti,Mercati,ettore93@example.net,$2b$12$7OLNY5RJ25F5mM9dt/8f.uIit5GkYgR0lvbY6j/GrqEaXw/TaByiy,user,0,1956-12-24,37138892197,"Incrocio Nino, 769",Tufillo,TR,66034,2025-11-08 18:21:26
420,Filippa,Faugno,qbalotelli@example.org,$2b$12$IosiyDbi7n/fS3WUP.eR3OR/VTyGik0B0gQrahwEqyyTAeha0e6Rq,user,0,1964-11-27,+39 054904670,"Rotonda Giulietti, 97 Piano 1",Cuceglio,AR,21020,2025-09-02 23:03:08
421,Silvia,Visintini,alessiostucchi@example.org,$2b$12$OsrksOg1xA1wpOlHMjqrS.WY/MD8zyzHPiy7TTyI4lTKKKZDUzJea,user,0,1985-10-27,093279041,"Strada Mercantini, 251",Castelnuovo D'Assisi,RO,06027,2025-03-08 19:24:16
422,Ninetta,Pirandello,zpanatta@example.com,$2b$12$3ZEj/lB4iQVYpjGrSHKGHeX1wLNWGeg4dt9gM/yopwcKD3NZNOzZ.,user,0,1958-12-14,3500196345,"Contrada Sgarbi, 4",Assergi,BR,06031,2025-09-28 11:24:58
423,Silvio,Tacchini,roberta71@example.com,$2b$12$OpxC6LH8N9R0N7KkQlMNn.1mJ57rGjBuBIgXQOGGk5fWNJO3RV4Ey,user,0,1984-01-09,+39 3791624461,"Vicolo Gullotta, 343",Palazzo Adriano,MS,89861,2025-04-12 09:06:53
424,Angelo,Pacetti,ninoargenti@example.org,$2b$12$JE0NWFmZSO.gy1cuPz2/suzutXY/2V00DPFvLPvhXzTnZMAKYcmwG,user,0,1980-07-27,+39 0187830636,"Rotonda Liana, 76",San Lazzaro Di Agerola,FI,95014,2025-09-03 00:39:42
425,Paoletta,Emanuelli,scottopriscilla@example.org,$2b$12$cu.KvviAztas0Fc.Y/eADuYGVo5jMXJvaXHrlTq0hFIJzuQAQMk.S,user,0,1949-03-13,+39 0942079078,"Via Tina, 60 Appartamento 1",Torriano,FC,10069,2025-09-26 11:04:02
426,Gianpaolo,Fracci,pierina84@example.com,$2b$12$CzsjKSed3kFThwbxk4wpm.gP/SHRmGwTitLJKfiLwMmimrDrwybq2,user,0,1956-03-21,+39 086132287,"Viale Mercalli, 2",Camilleri,FC,72019,2025-04-22 02:19:00
427,Martina,Magrassi,marta79@example.org,$2b$12$T5ouH9DB5zrFPJTyXWoJ0uRLvkyTYqilDmiAfKsOZ8GVqFaMbFXpi,user,0,1987-12-21,+39 07842563907,"Via Ciro, 762 Appartamento 0",Dorzano,KR,80036,2025-02-07 07:29:15
428,Gianpietro,Alfieri,daniele17@example.org,$2b$12$igjDnV./kn85csdjW3VOjun2mDITtx58oHlSwsHrMvOq21BhKn8X.,user,0,1953-02-27,0789628627,"Piazza Corrado, 7 Piano 8",Locogrande,FI,35036,2025-07-01 17:18:58
429,Costantino,Liverotti,fponti@example.com,$2b$12$zIf6i61lf9f4iTkX4cVK9eTDh5DWyfgr4YFh.e1ZGc7i6sIBcWx/S,user,0,1985-03-15,+39 3505815158,"Rotonda Donatello, 99 Piano 4",Vobbia,VT,41039,2025-02-07 10:12:31
430,Sandro,Novaro,raffaellinofalier@example.org,$2b$12$TaWBc9PEDx86raIFVx/1OOCFi9sMPsoA2X9QuU8r4nMaXHge8T1r2,user,0,1947-06-13,03635249458,"Borgo Ricciardi, 8 Appartamento 7",Annone Veneto,FE,13887,2025-09-21 13:30:24
431,Orazio,Modigliani,mbartoli@example.net,$2b$12$fqoqu2On0Y0AE76jhMNjjejuR4NAOM2SeClDIHoienAkKaees8iD2,user,0,1952-07-05,3513523839,"Via Gigli, 56",Risaro,PG,84017,2025-07-05 06:23:24
432,Carmelo,Ferrara,antonellaseddio@example.org,$2b$12$jXmFbZUcT5ie9jZbYsbKXOLvCMO1EVPyO1WYYY3zSi7bcoaEjJaz2,user,0,1987-02-05,08981823270,"Via Aurora, 95",Turi,IS,17024,2025-09-13 14:31:05
433,Beatrice,Sabbatini,isabellacignaroli@example.com,$2b$12$qAifx8e9G6o4y0cMfEofleaOTEor.JVf6prXjI4Vp2ZZe3eW45MCu,user,0,1981-12-06,+39 382049831,"Vicolo Volterra, 86 Piano 0",Sant'Antimo,CR,20008,2025-01-05 14:23:14
434,Amalia,Capuana,margheritagrossi@example.com,$2b$12$hwYfcwxqAk62qcLIor4/yeKNVuvGJpCssbyfRXgt6Vz.EhWg1Bl22,user,0,1987-05-15,+39 015547239,"Stretto Eliana, 3",Torre De' Negri,BA,33095,2025-10-26 16:32:43
435,Greco,Tonisto,vittadelloliana@example.net,$2b$12$/46vIX8W/4sg4QoBQW2h/ezjE53NWDTXIEqj7/qBwryF6NobwRQbq,user,0,2000-08-08,+39 3604607339,"Piazza Vincentio, 5",Dizzasco,RO,27011,2025-08-26 05:28:34
436,Luigina,Falier,jmarini@example.com,$2b$12$8Ealn1QccDTAONnm.VA1QuXmby86/DSNsErXA63inUBTuSKJ6nPd2,user,0,1988-01-06,36217258579,"Via Gianmarco, 3 Appartamento 5",Cortandone,BT,55025,2025-10-12 21:22:50
437,Paloma,Rocca,msalata@example.org,$2b$12$tkFncc00231MBIYPdrxH7eVMLgogCt2UGOfsfjTgBSuPx4b/yhbm.,user,0,1960-09-14,+39 0119527813,"Rotonda Victoria, 69",Masi,CH,24124,2025-05-04 22:24:25
438,Diana,Carfagna,gabriele82@example.com,$2b$12$OF/iofqjQaDqnOJM.ymTrOWDOfGQiCHpU8lTmHIRV8n6QQftgbu0a,user,0,1955-06-13,+39 0919486454,"Canale Ravaglioli, 815 Piano 1",Camponogara,FC,16040,2025-09-23 04:58:35
439,Michela,Tosto,evitturi@example.net,$2b$12$WZOv8HnzIFOcQyAPSOuEouPcZrKsqxp3P6HMpUIWmFp1Xwva29I7m,user,0,1969-02-03,088264007,"Borgo Fracci, 160 Piano 5",Santuario Di Savona,SI,10064,2025-01-19 09:25:13
440,Leopoldo,Borrani,gelsominacutrufo@example.com,$2b$12$hIO3yazwDzSRVBzUvWnkuuj10lyNfbc7HzoWKAOyEpzO4dz3g4cRy,user,0,1970-05-20,3501325532,"Incrocio Bembo, 559",Siviano,VT,10040,2025-07-02 20:06:17
441,Pier,Calgari,balbomaria@example.org,$2b$12$UgPNrTYvqhuM55lvTfta2OPnGKCw.n92aOQ/pv66Eoyesq541THdG,user,0,1940-10-17,3890691731,"Contrada Bixio, 585 Piano 7",Colelli,BI,38078,2025-03-30 05:46:53
442,Berenice,Ceri,qfanucci@example.net,$2b$12$yXVja9ICS.x/z3v/Zzb/WewY9zZM1hc3ElC3eSxDpomZPCM6d5GGG,user,0,1977-02-20,034329752,"Rotonda Ligorio, 7",Bovolenta,AQ,46018,2025-06-22 21:38:57
443,Tatiana,Crispi,bzeffirelli@example.net,$2b$12$GembW3jrinyLxyUKOAJGa.iipthuoL4qR2PlFs99SziDCL.mJ7JMu,user,0,1951-11-14,+39 0191134127,"Strada Gonzaga, 87",Polverina,CH,23836,2025-02-19 00:34:42
444,Fiamma,Montecchi,gianluigi65@example.net,$2b$12$OL4bo7WL1CX7VrKBiqsNUuaBvBo6NsNJsAon..AwyTfVwzx/1I.p.,user,0,1989-03-09,3632132868,"Via Miniati, 0 Appartamento 84",Adami,VR,41013,2025-03-11 02:50:51
445,Paolo,Papetti,rgozzi@example.net,$2b$12$Hm3ktk4Xy6Ak.5geksIdRe5bwqw63JYgZjRu3ZR3HCp/u6KJWLDeK,user,0,1979-01-05,+39 33562860259,"Borgo Simeoni, 432 Piano 8",Tinnura,ME,55021,2025-07-10 12:33:08
446,Caterina,Antonioni,yguidotti@example.com,$2b$12$eUT2wmfAAr4FyJzBvrg1XeeU4vjK41FNsAj6t7M2tDTzp7mhCTS1m,user,0,1944-11-27,+39 37781602130,"Canale Tacchini, 49",Isolotto,BG,20844,2025-03-05 03:55:50
447,Lodovico,Badoglio,alessandranecci@example.org,$2b$12$kVeZkb5Z7k7uBjPHbvwYJONI7WU69vAlB3T14uGKdgFHCYbn6ITOe,user,0,2006-10-07,+39 0862115444,"Contrada Gualandi, 4",Pettineo,VC,90049,2025-07-30 14:22:42
448,Lidia,Tozzo,vtelesio@example.com,$2b$12$iPZw1bgHohzolw37csSrGeioBTTZm1OBYL6mHKaJATSkzUvbnkuC.,user,0,1984-08-09,0375411364,"Rotonda Amadeo, 3",Bagnolo Di Lonigo,AQ,73029,2025-03-09 22:21:06
449,Maria,Cicilia,giuseppetolentino@example.net,$2b$12$m2QhyxSz9oSOOF22scz1OuiFcqON042o1h/EvnDMU7fc4sdd1JHQy,user,0,1942-09-19,+39 350151120,"Vicolo Annamaria, 44",Sala Bolognese,BT,16155,2025-07-05 10:20:37
450,Tiziano,Gagliano,segniludovico@example.com,$2b$12$QTvJ2temrvVBw7uYSZ3WQ.ayRVMsVgmxsiYk4WOCq0M.UqZlEB3ry,user,0,1966-12-16,0566597983,"Piazza Asprucci, 462 Piano 1",Mezzojuso,CE,06100,2025-09-18 13:26:36
451,Giuseppina,Vitturi,ldallape@example.com,$2b$12$oE.vaGmB3kkA8lyAYRQvqOilSEDT1wrUPFTna1097s0ZILp9.lbBK,user,0,1960-08-22,08657532828,"Strada Vidoni, 46",Vintl,LC,23852,2025-09-05 14:01:39
452,Gianluca,Lucchesi,polanimarcella@example.com,$2b$12$QTKIyy5SjugF2ck3RRCf3uVkz9IfxkrAO2KTED0OL92gadIlLGLVa,user,0,1979-09-22,057268921,"Contrada Caterina, 123 Appartamento 6",Polverigi,TA,33086,2025-03-22 12:59:50
453,Licia,Ziani,luchino62@example.net,$2b$12$ZTbE42R9IVW.oLmdeZQtHuFWl.tqlOk2s9jm9k/Mf4qtLMvwS1TXy,user,0,1980-12-03,+39 012250449,"Piazza Stradivari, 94",Colleferro Stazione,MB,33085,2025-01-14 06:08:36
454,Milena,Fuseli,romitielmo@example.org,$2b$12$UpnjRVdaIl0g4lDFYBSULe80/FtysY1GOFna3N5WgpjsCcKMxdvj6,user,0,1999-10-04,+39 0731132802,"Borgo Cassandra, 43 Appartamento 4",Grotta Giusti,LO,28871,2025-08-07 01:04:59
455,Fabio,Antonioni,pietro60@example.net,$2b$12$jet/9exxUkwHxUBLupBGguqkcrXBphDL2yACfB7HnH08WRZnxinO6,user,0,1982-12-24,3505869692,"Contrada Sonia, 7 Piano 7",Cava D'Aliga,TS,87021,2025-02-26 13:39:55
456,Mariano,Ceci,eloredan@example.com,$2b$12$oIuJIWWOwpxD2SnqEpa.juK3vsF3o6PeRloGznUGk02b8TwTUcifO,user,0,1964-09-25,+39 014192987,"Vicolo Fornaciari, 495 Piano 8",Mugnano Del Cardinale,MB,00065,2025-06-25 01:16:52
457,Santino,Garobbio,tremontimichelotto@example.net,$2b$12$4WPLyqBD8F5FYUHp6GjeUuWT/0yYQxUdswo7QUWmHAJ6KDUDsx..u,user,0,1990-10-27,3487459785,"Vicolo Civaschi, 7 Appartamento 2",Comano,PC,34011,2025-11-07 09:18:46
458,Gemma,Iacovelli,smissoni@example.org,$2b$12$.mVkYXxUl4.6Pn7n/9vvpe8.nniSVKYHzyW20WZEEtPrIy1U.Zusq,user,0,2001-03-01,+39 090614561,"Rotonda Ciro, 2 Piano 8",Villa Serraglio,IS,35134,2025-11-23 15:47:35
459,Luchino,Morandi,giacomo05@example.org,$2b$12$GE4TGE5GQ1fpYWMSBdoOKuTiDVndvWvxg27ZXjOkP6n5hT5zRg9KC,user,0,1963-03-29,+39 350020110,"Via Carducci, 23",Torresina,CZ,67053,2025-08-21 02:51:36
460,Silvia,Cesarotti,anita22@example.com,$2b$12$XeO/zKfAWGEEQM1qmZLnCe8KzR1gbnFfMHqRtq7tla2eIdcw6JNWu,user,0,1992-04-29,3319512610,"Canale Mauro, 57",Fonteno,IM,30033,2025-03-15 14:20:42
461,Annunziata,Scalfaro,sromiti@example.org,$2b$12$EKwPUgm6ROXkGy.eCMc57OmNkGKU2DGJFEt4Zo8g4yIGjv34V079q,user,0,1946-04-07,+39 371068782,"Incrocio Germano, 41",Piano,RI,19010,2025-04-16 07:11:36
462,Giacinto,Buscetta,raffaellotognazzi@example.com,$2b$12$49FxA5WPxYpJY5MnB0nA6OseXkzHyueY.h0OcPCsLPKnEc8NKA8pG,user,0,1980-09-04,057105734,"Via Vincenzo, 712 Appartamento 95",San Giovanni Reatino,CE,45039,2025-06-21 21:02:47
463,Ivan,Bulzoni,coluccio86@example.org,$2b$12$H6L6Z1LWsfkZWOjKfDZ9cuek3j2IaGGlhqJfq1yHmk2SjTfVr4Mxi,user,0,2006-07-03,+39 058392425,"Rotonda Abbagnale, 59",Bagnoli Della Rosandra,AL,87074,2025-02-03 09:10:33
464,Salvatore,Ferrari,wfiorucci@example.org,$2b$12$Tep8vxyRHPlzviiuEzl8GuP3xPQ5fQEHw9B8CBP1u55v9/0fZzZ96,user,0,1963-07-30,+39 36265407284,"Canale Fedele, 22",Ponte Di Legno,GR,10075,2025-02-25 22:06:37
465,Livia,Biagi,sante44@example.org,$2b$12$z3klcVQQhAG5su0ubNA1FeQQrSbfgWUsoJ6skWw0R.kuMoM0opsPO,user,0,1981-11-10,377746545,"Strada Ranieri, 39",Dosson,PG,47035,2025-09-12 17:13:33
466,Serena,Gucci,palomabellini@example.net,$2b$12$OZc6Jmni1CtmpOUEXwJB2.01UneA/vYLxNREpJ30LsnuJcmWQaara,user,0,1975-11-15,0532645573,"Strada Tonino, 782 Appartamento 9",Bocenago,OR,50037,2025-11-10 09:10:58
467,Luciano,Bajamonti,ceciludovico@example.org,$2b$12$OeYdioV0WMGLl4lNAknc1.XoqE0/VcKMy4ZjfiDazfZxJKttuEIDK,user,0,2006-11-04,3346902516,"Rotonda Basso, 3 Piano 3",Strettoia,SO,28046,2025-01-09 02:53:15
468,Anita,Capuana,cesarerosselli@example.net,$2b$12$qWyytF7/Xi1br2zEKd0nwOrjzgYtz/XpRutjbXrezGV9LAh059ZlK,user,0,1996-11-19,0586692510,"Stretto Orazio, 852 Appartamento 82",Schilpario,LE,16039,2025-05-13 00:49:51
469,Simone,Valentino,dpapetti@example.org,$2b$12$jqjA0Jg6WQvyj2Jnukeidu3tuKmY66YAqTpKVNH5YdGwnsgmhYBc.,user,0,1984-07-26,3612410827,"Via Ennio, 36 Appartamento 49",Parolise,VE,17056,2025-05-22 13:56:05
470,Enzo,Verga,ecorradi@example.org,$2b$12$41m7le2GMB5ouODO6MjfEeU5dcY.G/gtljS34eai8YQMZ3QTI24DO,user,0,1951-09-25,376072004,"Piazza Bataglia, 16",San Biagio In Padule,MN,16020,2025-03-04 01:30:41
471,Piermaria,Schicchi,pergolesimarcantonio@example.net,$2b$12$QZeKlsyoPhIFzI.J3yG5yObEYYpMHmGHkTuAyVyCr0d6KwuhzSxoe,user,0,1949-10-03,3610646537,"Piazza Antonelli, 48",Riva Faraldi,VI,20884,2025-05-04 14:01:33
472,Maurizio,Ovadia,domenico17@example.org,$2b$12$wHoPKPhDRI922FfJ0LgKAegxFaLcUHgrdC8Kr8KGZzYZ/N6QD2ExG,user,0,1944-09-30,+39 0909638515,"Contrada Giorgio, 11",Castel Castagna,BZ,12087,2025-02-13 14:52:14
473,Vittorio,Montalcini,wcesarotti@example.com,$2b$12$7738e03Y5zql/ukrTA1qFOXhgpVmV05VH0tbpJdk0Pj10VkW9uV22,user,0,1950-09-02,+39 043166653,"Via Falloppio, 1",Cassio,NU,71040,2025-08-16 20:16:43
474,Giulietta,Marino,danilogrifeo@example.net,$2b$12$XeI8ucPgLEd7nMftc22PIu1N.0WmTSGnwmVAsN9e9slPr9IoWTBOe,user,0,1940-08-11,+39 3928366047,"Canale Gianni, 0",Ronco Campo Canneto,LI,45023,2025-07-30 17:54:31
475,Maria,Bellucci,agnolo64@example.com,$2b$12$tV0GLw2SYTn2B5X7PMgbM.hBCJftQj7gBnX3w6KU9iPRpJ22ZiYRe,user,0,1953-10-04,0923160560,"Contrada Sraffa, 435",Travesio,RM,12063,2025-03-07 14:45:07
476,Adele,Errigo,gilberto28@example.net,$2b$12$ExULe/XcI42wfWdQuE1z7uEMvE1IFRGEkXi0U.hqvD8onq7W/okWK,user,0,1950-10-09,+39 3928146014,"Stretto Mariano, 85",Castellaro Nel Frignano,BN,83030,2025-01-01 04:08:50
477,Ettore,Interiano,romeoferrara@example.com,$2b$12$.JtCz92AuWIZ/8XgPkOQDe3F3bsjJtAaVf.ij4zcqFNavSb4NVj1e,user,0,1997-09-23,+39 0426537803,"Via Vittoria, 37 Piano 5",Pie' Casavecchia,TE,20070,2025-08-09 17:00:26
478,Vincentio,Brenna,tiepoloamadeo@example.org,$2b$12$NulyvYHh7SgwBCympxArP.zoz02nYwltfFHlkOj.x7hy.kkX7oPJu,user,0,2005-12-02,096545555,"Stretto Galilei, 646 Piano 3",Campagnano Di Roma,NU,63091,2025-07-19 04:16:19
479,Dolores,Ariasso,beppe03@example.net,$2b$12$KeHK5OmeIf0mC2Y13v.uvOtqTPLUh2c0Q9uFYktDcdpilxrI4eO9O,user,0,1946-10-31,+39 0423511328,"Vicolo Eva, 2 Piano 2",Roselli,PR,24067,2025-07-19 14:47:35
480,Costantino,Berengario,pastinegiacomo@example.com,$2b$12$2./Uw6VvXLFimXzqd1F6nuhOuGGV0L8pE4VRPJnEJV0rZtAagexye,user,0,1984-07-17,0806962514,"Borgo Sonnino, 45",Caglio,PG,98051,2025-11-17 19:07:12
481,Stefano,Badoglio,gloriapignatti@example.org,$2b$12$Sk1F0Qbqpm94uUcMvxEYEOTC3JacpN0IC9Eg/6ZKLsRcukIXP67Ey,user,0,1954-10-14,018451881,"Stretto Gianna, 9",Landriano,RE,89043,2025-09-25 18:29:34
482,Tiziana,Bragaglia,barcacciaadamo@example.net,$2b$12$oDmM3ZrMJDNXITXvWAqTa.OLFtIhk6VPb6e6qzqJsaw8TeHhZW0M6,user,0,1977-04-01,0737199541,"Canale Aulenti, 15",Zinasco Vecchio,FG,47030,2025-05-25 16:53:04
483,Allegra,Ferrucci,zacchiaricciotti@example.net,$2b$12$qWcbT9d0XRmMgSWapVCW6uTRqcX0C9g8dusuo8mki62SIHGBzYEPW,user,0,1964-10-07,327599312,"Vicolo Impastato, 0 Appartamento 28",San Donato Di Tagliacozzo,VE,72021,2025-04-05 11:10:10
484,Biagio,Lussu,corradospadafora@example.net,$2b$12$HC.tDooTszRqeywbZHn2KeFzShXX.qo/7s7e6iCYJhUY57sK/E8di,user,0,1958-01-19,0583506081,"Incrocio Loredana, 52",Torrebelvicino,PA,55038,2025-05-28 14:49:00
485,Giulietta,Fischetti,ramona35@example.com,$2b$12$VlEqUmMYfwXMCFoYQFuQ1e6BguwV6TFTOvHSsItdGb.8i2fUeybw6,user,0,1988-12-26,+39 3778248505,"Strada Benito, 69 Piano 2",Gerfalco,PI,10070,2025-04-12 03:47:27
486,Tiziano,Vanvitelli,telemacobattisti@example.org,$2b$12$KVZBxDYDY9IIYXy/wQeaK.v8P6rswWIuZqEGn.zFW6IbdHSA/nRue,user,0,1940-07-13,+39 338752920,"Contrada Marcella, 46 Piano 4",Montecastello,VA,95017,2025-08-26 18:33:05
487,Giuliana,Antonetti,guaranavalerio@example.com,$2b$12$8Nx4Nr7NHnkCmxEqv9MRAO.s8GsogZpQjjSrpfR8Tq5B3r6Vto9C6,user,0,1962-12-22,09743967525,"Piazza Ruggiero, 96 Piano 5",Segromigno In Monte,VI,84074,2025-11-21 14:24:23
488,Romeo,Comolli,michele75@example.com,$2b$12$jihCEuC3Zc549moSA4ciBebQimXUH6INYIbImJU7fdCtz.DIGUS3u,user,0,1981-08-20,01231408100,"Rotonda Vincenza, 31",Conca D'Oro,SP,45011,2025-09-22 13:19:49
489,Ezio,Legnante,priscillafantoni@example.com,$2b$12$t0rfAbAZs/KE5affe8A35.cnQJF1uwHykYk5suEJLk1qMKyi0S6yy,user,0,1945-09-30,05844784500,"Via Anichini, 396 Piano 6",Villa Romagnoli,CH,26027,2025-10-24 13:31:27
490,Rembrandt,Cossiga,fossani@example.com,$2b$12$nIsV3tqTwkSIqQWQV7SPUuSAoGszvvxYcH0ZrhVHyj80Xm4mexfbW,user,0,1955-08-12,+39 0975542770,"Incrocio Romana, 95 Appartamento 9",Olba,PI,42012,2025-11-26 04:33:32
491,Pina,Filippelli,fbataglia@example.com,$2b$12$coUnyk2xE7jtXu3Is5vqseF/UU7DNXJAP30uaYblc8GTRoY8zBDSS,user,0,1954-06-11,+39 3813127171,"Incrocio Monaco, 67 Piano 9",Belvedere Langhe,TR,67015,2025-10-30 06:04:45
492,Dina,Natta,aleblanc@example.net,$2b$12$O1/n5CdCryxwEiYyDPqmeeEfL3cXMky..tJL14NsUL81jvkiJPsh.,user,0,1973-11-30,0150748490,"Strada Eleanora, 96",Vallese,GO,18018,2025-09-29 19:34:52
493,Costanzo,Soprano,zamengoettore@example.org,$2b$12$8putECAQJi7nub58qBtfF.maPn7Eq7iHbv9j59bEaW44C9dVwQR8i,user,0,1982-03-31,0776015697,"Borgo Galilei, 6 Appartamento 41",Borgaro Torinese,NU,52043,2025-05-03 01:34:25
494,Pierangelo,Udinese,tina37@example.org,$2b$12$AG64e7kUU55ZEvp8BingSOTpkTtIPwekrLzanhWFMoIDl42XUxlJG,user,0,1988-12-01,+39 0406695158,"Stretto Berengario, 34",Francavilla In Sinni,RC,36035,2025-08-15 22:24:28
495,Aldo,Frescobaldi,goffredo45@example.net,$2b$12$Y0yTOhy6Lz1inuzlGdc5bO8v6UIhVAFvvgLKULndC2KsbjgkY8rfW,user,0,1988-03-14,+39 0532846883,"Strada Bova, 8 Piano 7",Palau,FR,26020,2025-03-05 11:46:58
496,Piergiorgio,Fiorucci,bbiagi@example.org,$2b$12$GV7G.Wn5K2ka5ScN8WbN2eZf.sKbpzdHKEswIL0NlfJVSieIlZYOO,user,0,1942-04-14,+39 0835332254,"Vicolo Toni, 52",Ripe San Ginesio,BZ,50065,2025-06-13 03:54:43
497,Ugolino,Redi,hmazzeo@example.net,$2b$12$yUHHy.F5DKce171fTyaQa.MD6IKCJnbo9Y2t3iN30n33W3Aiptiba,user,0,1999-01-20,+39 035074556,"Vicolo Carla, 5",Alvignano,AQ,15019,2025-11-14 00:30:08
498,Sabatino,Valier,enziomastandrea@example.net,$2b$12$9B59FUUfF4wv1b9HsgW.A.SA6Ws7QxB2YnabExsyzOTZS3tzbwMZC,user,0,1985-01-27,37576556833,"Canale Disdero, 73 Piano 1",Bibbiano,CR,00141,2025-04-13 13:50:26
499,Leone,Piane,luxardomichelangelo@example.com,$2b$12$99lJdxNWu740.XI45zKcz.xhsj0PeqxZkByoro4tQzpzN6ZkeTb46,user,0,1978-01-10,+39 344746804,"Canale Niccolò, 54",Cassina Nuova,SV,63068,2025-01-13 22:27:35
500,Pietro,Mercalli,flaviomunari@example.com,$2b$12$0EDUzKqLrjDDIL0H0yKuZ.GY1U0a8En6E.wb78Zg4vLBwPf6dFqbe,user,0,1956-05-13,+39 073665186,"Vicolo Argurio, 81",Pomarico,PT,73027,2025-02-04 01:06:22
501,Lucia,Bellocchio,annetta23@example.com,$2b$12$M826kiIdS/KwOQrh6fgE5eUQN64QNHlQFbKTb5z7q7S/Zrw.fEJP2,user,0,1946-09-12,+39 0573131996,"Contrada Valeria, 71 Appartamento 44",San Lorenzo Di Vasto,RG,40038,2025-01-05 09:09:53
502,Veronica,Riccati,chiesapietro@example.com,$2b$12$3rncfraSETyVjKCjjtROp.oWZGkv2kkLcYO7bTkmJPibq3CNmGUYy,user,0,1976-06-04,0700682157,"Via Casalodi, 7 Appartamento 9",Gela,RM,86019,2025-10-28 02:04:26
503,Margherita,Randazzo,priuliluisa@example.net,$2b$12$7qKBd4Qaa9JaQoMmY.rYi.JnVioyP/IkFiZZyb.bN4W9VBK.SC.kG,user,0,1943-12-02,07599364873,"Vicolo Aurora, 6 Piano 5",Morsano Al Tagliamento,MN,52043,2025-07-07 15:58:18
504,Arturo,Bellucci,comissotina@example.net,$2b$12$fyCMYTe26knWmmjvcQVDqOMliUpt4ayWy9DO33Ifi35xjx6FDKqyW,user,0,1983-03-16,0774447576,"Via Tosi, 5 Piano 7",San Piero A Ponti,CL,34142,2025-03-10 21:28:23
505,Gianna,Ricci,cabibbodamiano@example.net,$2b$12$jtcNfGOTaVxNmkEJPW0GpObFAbDWFhAN9dEbbfjdHC/nUaTTuEtte,user,0,1967-10-08,+39 0735800249,"Strada Valmarana, 3 Piano 4",Foglizzo,AV,07021,2025-06-22 20:06:02
506,Paulina,Salandra,saverio04@example.com,$2b$12$PWdZVGiNeZzx81ZvGsnVMeGbVDrv6Tk.nhoHlbyKurGZWI2o7nXnu,user,0,1955-07-14,3500667836,"Canale Angiolello, 0 Piano 7",Istia D'Ombrone,PI,53047,2025-01-03 09:42:01
507,Enzio,Bellocchio,verdoneelisa@example.com,$2b$12$tik37PLoB/C5j0UN1eUF9eZ2Vr1fOvkK6UguVzOf20hdFMGM1iCxS,user,0,1943-07-01,+39 3518001289,"Canale Serena, 81 Piano 9",Coniale,TS,06124,2025-08-23 17:12:52
508,Fiamma,Tarantino,grittigianna@example.com,$2b$12$1Z8ltz1T0roq46x41Srl8OBQSNNvVhFYBzGMHzA28vBPfIYwZAq7y,user,0,1972-07-19,+39 095777313,"Strada Gianinazzi, 57",Zerba,PN,87048,2025-07-07 14:45:51
509,Lilla,Carriera,rcrispi@example.org,$2b$12$3o/XlYU.d33Iu4/BZwiF8.M2rQkXepBNsPB.8abRzCjOjKUg.erqy,user,0,2005-09-04,+39 073380980,"Piazza Franzese, 50 Piano 0",Sagron Mis,TA,98031,2025-01-14 02:36:45
510,Licia,Deledda,simone64@example.com,$2b$12$YL.7MneRw4b/XqV4R.nb4.TMmk/0YfXqdcMulzaoIjhjS8zm6HfKq,user,0,1984-07-28,+39 05848530146,"Strada Virginia, 11 Appartamento 71",Castiglione Tinella,SS,90017,2025-02-21 06:49:03
511,Alberto,Morellato,gioffre67@example.net,$2b$12$4B9RHwlHUToKl.bNlLlK2ufUtjXP5VKC9e7iHKFo2VYqA8LXwZrla,user,0,1958-10-06,+39 09913093182,"Rotonda Renzi, 428 Piano 1",Iselle,PO,19011,2025-02-06 00:26:27
512,Coriolano,Nosiglia,filippobenigni@example.net,$2b$12$We3Z.7986DP426vRLuUIHOGfBje3yrmCf2v1p56bVr4vkVZyvl4I.,user,0,2003-12-26,+39 096148907,"Vicolo Gianmarco, 27",Itala,NA,20131,2025-01-07 10:43:24
513,Marissa,Tafuri,jbignardi@example.org,$2b$12$jA0Wx9vp1YY70HCRfTfWxeUTOA9ENBHfXNGM7tOO0ydYPcxibzaY6,user,0,1953-08-21,0835942669,"Stretto Raffaele, 21",Montecassiano,MO,37123,2025-04-14 17:43:40
514,Venancio,Abate,bazziennio@example.com,$2b$12$3yOAx7ZHsAb5AgupMxZss.qy1k/ZUASKUt5haaCFgTBCJ2OZUm9t2,user,0,1945-06-03,+39 0125223866,"Via Romina, 4 Piano 1",Bomporto,CE,16139,2025-08-28 06:30:43
515,Giacinto,Ovadia,biagiottierika@example.net,$2b$12$IEp2z7o14PYT2CBAWaDS2e4fA4RhlcWivko9FbxllPInmmy6QUYyS,user,0,2007-08-29,37601518443,"Incrocio Ponti, 785 Piano 1",Lavino Di Mezzo,GO,58014,2025-05-06 23:06:18
516,Elvira,Barese,lpergolesi@example.com,$2b$12$FKqnzYsyiL/5IIcgxGF17.GONEYdnEFFV7DKMPn7kfW51y.rH6BuS,user,0,1966-01-21,+39 0765555219,"Canale Lancisi, 69 Piano 0",Fiorano Canavese,FI,07049,2025-04-07 11:18:06
517,Gloria,Gremese,bscarpa@example.net,$2b$12$BJ1LXniOW9m7PhIuwpqIK.WqPtOUtIiG.TBS3VFJdvVSxS7LtjcZm,user,0,1963-08-26,3386185365,"Piazza Maderno, 34",Montaldo Torinese,SO,37135,2025-09-12 18:34:02
518,Uberto,Legnante,sattabettina@example.net,$2b$12$j0jfTXMBvpAImQLQs7HC4OVwAD4od0YMEMi/24O4bE1gFQao1MTBm,user,0,1983-02-08,37706835694,"Borgo Marisa, 4 Piano 0",Vallemare Di Cepagatti,MN,10084,2025-05-07 13:19:55
519,Ennio,Interminei,cgagliano@example.org,$2b$12$tdmIjxncEi/dwi.1GbYIaekviYJI/NdL5y195M3hLrQwfQqJrAHpO,user,0,2002-02-09,088312667,"Vicolo Ciampi, 171",Marina San Nicola,VV,17020,2025-10-05 11:58:20
520,Martino,Mocenigo,xmazzini@example.net,$2b$12$HTWEYRlEGe9IEA4a..St2eDeHa/HrF9BkAHfAjvBtID5Yim2qv4Q6,user,0,1999-06-23,3519538360,"Borgo Giannotti, 2",Pontecchio Marconi,LT,38048,2025-10-01 16:16:08
521,Angelica,Proietti,liannotti@example.net,$2b$12$rXlQhmY9LY90yTE08X.QuOgKOInhWBwd9A0RjtBBb.w46voTwroR6,user,0,1973-02-18,+39 3606295953,"Via Niccolò, 739 Appartamento 5",Buriano,PG,84033,2025-05-23 04:16:26
522,Antonella,Polani,victoria07@example.net,$2b$12$jf3O8KK.G5RJ6NjBbSTh/uYL966XHIWlcWJKr7ZrAW.TdtzcM5l9y,user,0,1974-03-05,0874950634,"Via Padovano, 5",Pieve Di Controne,SI,24067,2025-11-04 21:09:18
523,Donato,Chindamo,lodovicogiolitti@example.com,$2b$12$VLver8P18XmCe5ls9k2o2OhTEBcGYG2emlMIYnPM4ZqSZEynzPmyW,user,0,1984-05-10,+39 078327984,"Stretto Hugo, 28",Tricerro,CT,07039,2025-04-13 17:53:52
524,Piergiuseppe,Busoni,gianfranco03@example.net,$2b$12$p6kQgrOpq5W.gZcMV3jsxu6chVw/ZmpHctMJtx8gwV2PLbZCGtuYK,user,0,1964-10-05,+39 3757534984,"Contrada Combi, 5 Appartamento 8",Salitto,PI,75017,2025-10-05 11:23:01
525,Geronimo,Buonauro,patrizia04@example.org,$2b$12$fyB9QSrBMJ8eoQdAIuMEwOwWuHPsAEHCUrBDwa7UVoqD1nS.WL7fO,user,0,1973-05-06,+39 0993879487,"Piazza Cerutti, 55",Massimeno,RO,23875,2025-09-08 15:38:22
526,Temistocle,Gigli,farinavirgilio@example.org,$2b$12$SHx4iPEu7Wuiud9.LTRr8ugD.HGWFPIr5el53/myW3NbUGBe7zAUC,user,0,1952-10-31,04193826525,"Contrada Ponti, 8",Fogliano,VA,12053,2025-01-07 06:10:43
527,Ermes,Monduzzi,pfagiani@example.com,$2b$12$8O4ZZlyRnIRbWHfCjESNjOLfRHdxo.MJ74QiOuqjJEP7j83Co0sd6,user,0,1947-06-25,+39 36124667329,"Canale Romiti, 7",Gaiole In Chianti,AN,53035,2025-02-24 15:25:36
528,Dolores,Tafuri,romeo67@example.com,$2b$12$KdVDQ/nAzmOtLVMeR5/u0eY1lIsne72.nKo9qA9DOcgEqA0F1OUhC,user,0,1965-03-31,0423726438,"Vicolo Pietro, 999",Marano Equo,RN,63083,2025-04-21 18:53:02
529,Dino,Odescalchi,tvalier@example.com,$2b$12$ZvewKXluk6y2R/l8.EnZ3eyZ/isZ1oxCbGhGEXw.rloCVRA05FMZe,user,0,1955-05-31,0509443294,"Incrocio Agnolo, 834 Piano 8",Bovezzo,RA,37024,2025-10-11 13:36:40
530,Sophia,Letta,giancarlo35@example.net,$2b$12$7OlAknp21V9SufvkP8nkCuJ6npdodUCK5/1n5DzkWD59PmfCARwj.,user,0,1962-03-14,+39 342158972,"Stretto Satta, 152",Santa Valburga,TO,25013,2025-02-17 18:13:30
531,Mirco,Oscuro,berenice92@example.net,$2b$12$0kwSnxO0o/JZXtwZf.NXEuziHf0VMGKrcj7gexmxat9zKUg6GzT76,user,0,1964-09-24,351060178,"Contrada Valentina, 288 Appartamento 97",Solarino,PI,48027,2025-04-28 13:40:20
532,Federico,Santoro,sspinelli@example.org,$2b$12$5xXhd1px2Faogp5qcYvQnODBOxLpGAcjd6ywYaednrTrtgLq.6IQe,user,0,1990-06-19,37740157123,"Incrocio Dionigi, 17",Blumau,MN,86085,2025-10-17 02:27:29
533,Giuseppe,Ferrante,xmagnani@example.org,$2b$12$ZEYPwnRifNIG1t42Tq6Iku0BSSYmvs4qLOQzzyR2DRmhvMLqH9mhC,user,0,1956-07-24,+39 04295184929,"Incrocio Baglioni, 86",Vairo Superiore,PE,36029,2025-02-10 01:33:18
534,Paulina,Bettin,toselliraffaele@example.org,$2b$12$qX5oIF.Vl/MKwcqTrCaq7.Mz7sb72E5pLyD7uYLdSlLYkqFkylH6C,user,0,1968-01-10,+39 351829176,"Piazza Randazzo, 79 Piano 0",Letojanni,BS,17044,2025-05-06 17:04:03
535,Adele,Murri,fbonomo@example.net,$2b$12$v7sC223gFqMutxObnCQqsO2QtzLVuEOyBOpdHKLyd7zQ8sYlcpsDq,user,0,1973-09-17,+39 057143712,"Viale Simone, 87 Piano 4",Carrone,UD,42026,2025-03-21 11:57:13
536,Angelo,Ruggieri,ebattaglia@example.com,$2b$12$jQV4kJx2WPEYHzs7Em3yieLMMq4YJ4WGpyHW4fQ6qmczLVf5VzlH.,user,0,1985-06-24,0541095277,"Incrocio Morlacchi, 0 Appartamento 87",Civitella Cesi,BO,23825,2025-06-30 07:13:19
537,Alfio,Botta,bianca84@example.com,$2b$12$guZuJmUYGs3bjutDWFjRgui0d6JfThEvXFIA4y.qhW5qcdXGKTZAm,user,0,1971-10-11,0166228789,"Incrocio Sante, 4 Piano 1",Sava,AN,25056,2025-09-18 05:37:16
538,Sandro,Franceschi,ogentili@example.com,$2b$12$hhwMvE8Ozr9Er38Wvu2lUeFMSn1d7TtJnxVBd71AtAfglYzRhohdO,user,0,2001-12-31,+39 34120135654,"Strada Campano, 73",Sala Al Barro,VV,84030,2025-03-31 07:00:52
539,Ugolino,Toninelli,iolandatrevisan@example.net,$2b$12$I4Ug7RCW.dnw7EH5smt22e1d.sNNrCYERRhjBKNol2mAH4vn20eEq,user,0,1952-06-12,+39 0861403516,"Piazza Fortunata, 42",Borgaro Torinese,TA,40014,2025-09-02 18:24:42
540,Paride,Antonini,dtanzini@example.com,$2b$12$R1tXdCe2xVjfs.3w.7OJYeAWwsw1nd9CJhtWOiyH7Jh1dFGpiP7tq,user,0,2004-04-17,056606881,"Viale Taliani, 99 Appartamento 85",Torbole,IS,09043,2025-05-10 07:58:08
541,Costanzo,Camiscione,lrossi@example.org,$2b$12$87tYg.KSj9B2dwJQly5oVO3YqOloChkLCnMykccpGDeqd7vLRH6y6,user,0,1989-09-28,361597605,"Rotonda Disdero, 366",Arborea,TP,95044,2025-05-27 18:18:26
542,Delfino,Bocelli,pellegrino90@example.net,$2b$12$BnPkl9KVp47LFsSsaSeaL.ash04e8l/l8G0ZBx.6jeRLLyBa94pjK,user,0,1971-02-26,0422314233,"Rotonda Passalacqua, 40",Castiglione Delle Stiviere,NA,73028,2025-10-24 09:54:16
543,Lodovico,Cesarotti,flavio01@example.net,$2b$12$b2Y3Mx8hhxAY/Bf56vPvaurgCAG4ET8dQHcGYOEUAojsRNytUywKe,user,0,2000-07-31,+39 05226879697,"Viale Chiaramonte, 80",Vigna Di Valle,BI,20832,2025-11-21 18:16:09
544,Benito,Cristoforetti,eferrabosco@example.net,$2b$12$pQ38pAuPPytAqHFDkzJNvun40yGYqvzXOK57wDlsPx2u5Wcpu8HSW,user,0,1997-08-25,+39 36223234773,"Piazza Graziano, 390 Appartamento 2",Lauria,CO,67025,2025-10-20 08:33:40
545,Coriolano,Ferrari,isabellavismara@example.net,$2b$12$dDTOEqqJQRhSBYkpc.31je/d2BuOGNloVSkgzuVDdW0aBtDnUVeaK,user,0,1976-07-24,+39 35181322607,"Via Ferrazzi, 642 Appartamento 0",Genola,PG,92029,2025-11-05 21:06:01
546,Tiziana,Foscari,zpignatti@example.com,$2b$12$mlK.fU5uYVUP1zw9RMpDlerSbqES7BJYruEuHVGz5FSXSVsd9nBvq,user,0,1968-09-19,330601052,"Vicolo Lombardi, 1 Piano 4",Cupa,TA,84059,2025-02-15 00:56:27
547,Eva,Nolcini,kguarneri@example.org,$2b$12$Vff.gBRf1sLWX9XSTjqzbefBljuKBi8SMUhKPvZ5WLlu5yJVr4uRe,user,0,1989-06-17,+39 076523418,"Viale Mascheroni, 627",Ruffia,PA,17052,2025-01-15 04:37:12
548,Ugo,Gentileschi,tina85@example.net,$2b$12$70mbcR9zuV/NvpkUPCPDGuACAlv6rd6hPBWsZYBU9uXsaw1Fqcvqm,user,0,1955-09-28,+39 073533707,"Piazza Bonolis, 51",Mellaun,FM,75012,2025-04-23 10:53:23
549,Virginia,Murialdo,ypezzali@example.org,$2b$12$0ijvrXXLVP2OruZDddIBvu8UWBfpOB7IOD/hK/O9mq2AD5m087NxC,user,0,1969-06-22,3665247228,"Incrocio Marenzio, 27 Piano 2",Sommariva Del Bosco,FG,43017,2025-03-06 02:02:30
550,Amico,Broschi,bianchigaspare@example.org,$2b$12$MTw/6vkIROo1svKMWX7rRukN/prKYGXczvyc4n53rijr4Pz.qZ8K.,user,0,1945-05-26,3791974834,"Via Pederiva, 798 Appartamento 91",Ponte Di Nava,NA,14034,2025-11-23 09:57:22
551,Uberto,Onisto,norbiatomartina@example.com,$2b$12$DYOD2D9UUGWkPZmsmc4TPeNTAUAye7c.twdypCbSVJ3c3TLkaAZt6,user,0,1951-07-23,+39 05727178887,"Via Piermaria, 57",Castelnuovo Di Farfa,RC,17044,2025-02-05 14:35:12
552,Isa,Rosiello,elenasalvini@example.net,$2b$12$bwz29uXXDdjk8Ageyobt1eKZe9p36diAn3ZfCRBzchtin2NOKcVpO,user,0,2001-06-06,+39 3713142420,"Viale Stefani, 26 Appartamento 7",San Pietro Di Berbenno,LC,08019,2025-07-14 18:48:32
553,Calogero,Fallaci,ngianinazzi@example.org,$2b$12$b3EaJuLSIfwGRBl4h0oY..fGq21wGE4fc9JMJi6QOb4FMQAIswNJC,user,0,1997-09-11,01652226733,"Borgo Loredan, 416 Appartamento 9",Fratte,RN,23889,2025-05-25 12:12:52
554,Piero,Federici,ccarpaccio@example.net,$2b$12$SGWsLXPHi2oCqscNoil/cuCQ1S2nwmevQaFsPQzQ7Gm0U7KnSySny,user,0,1958-12-14,05730906864,"Borgo Coluccio, 54",Montalbano Di Fasano,RA,90027,2025-10-03 03:50:00
555,Isabella,Bajamonti,laureano66@example.net,$2b$12$4UxwORL5dNNwt0xlpSmKNOqGXtGvW2vRXBPKqQUPHo3VZtY5ZyfY6,user,0,1969-02-18,+39 0421979771,"Contrada Ligorio, 2 Appartamento 34",La Serra,NO,17038,2025-09-03 18:30:28
556,Margherita,Renault,nicoloferrara@example.org,$2b$12$nQQq2iWqts53maMtn8wW7.1cgzRyRv1H9ocYba8fD5UH2gmNzzC.u,user,0,1990-03-12,073155429,"Stretto Lucia, 49",Amantea Marina,RI,28853,2025-01-19 13:13:48
557,Giulia,Necci,annettasordi@example.com,$2b$12$QVU0ocbMQR77R3Wp6Naci.iuv6NVHLdqJSAwcNI.iOHSCNL7UbzTe,user,0,2001-06-06,350051230,"Vicolo Puccio, 924",Dego,AN,10065,2025-04-19 03:31:56
558,Licia,Renier,amalianorbiato@example.com,$2b$12$SK/v1ARYwdT/h12FVWWpwOcK5DpqDIPCGu1f5S1nXSCVqTqZB/tna,user,0,1942-11-19,+39 03427801040,"Viale Goffredo, 5",Asinara Cala D'Oliva,TR,97015,2025-11-05 13:24:18
559,Maurilio,Samele,guaratomarco@example.net,$2b$12$nQ1vw.UlJXnbut3MfYm2NOSQzGYr.Fs7beD/TqmKfmiHG4qz3QrxW,user,0,1996-01-21,03187110688,"Incrocio Spinelli, 39",Vaglia,MS,70022,2025-09-17 09:12:05
560,Arturo,Catalano,izamorani@example.com,$2b$12$iaqIdXVh/4ls4YTd2kvK7eHfFzub.l1qVyNJof6QCjOrwuB0vDlqe,user,0,1957-09-28,+39 3715229609,"Contrada Gaspare, 78",Reggello,VE,33170,2025-09-28 22:41:50
561,Gloria,Manunta,renaultgianluigi@example.net,$2b$12$AS8UK.eVkJghLych3hc7lugIFGSbzDavPHcJkrfi4eH0fcE2tp9x6,user,0,1973-05-08,0543685688,"Strada Surian, 2 Appartamento 2",Morra De Sanctis,TS,28884,2025-02-23 13:07:05
562,Pierangelo,Carocci,olga58@example.net,$2b$12$8kmrv9SFyf3m8ZXNQ4UY4Op133aZfA/XPZ8kBTvuUXfvuBaf5/srS,user,0,1990-08-29,0407945438,"Incrocio Caterina, 882",Miraldo,RO,70042,2025-01-07 03:27:34
563,Greco,Fiorucci,goffredomezzetta@example.com,$2b$12$.LefnZzgBvjE6LTHN//mgec/lZ5uDwnLR/28Dax7a47lvLUz7e7hW,user,0,1984-03-21,3515655574,"Via Flavia, 442 Appartamento 6",Vico Canavese,LU,35132,2025-06-15 01:33:54
564,Pompeo,Bertoni,mercedes71@example.net,$2b$12$deFppQHG7evkDZG6LQ9GC.VIniLYFWCFOq9Zvjn7Ooc9YegzJqwA6,user,0,1976-03-18,+39 041289983,"Strada Rosalia, 9 Appartamento 53",Caprecano,CB,27049,2025-05-20 21:56:12
565,Napoleone,Babato,pasqualeserraglio@example.org,$2b$12$xzBaS2Ics90rUnrn.G4qKejsZy1d8sA/W/8XuFFsO1US7FmmVSh2m,user,0,1994-09-15,+39 3638356770,"Rotonda Sebastiano, 53 Appartamento 31",San Cipirello,PT,52018,2025-08-30 07:17:01
566,Rolando,Caccioppoli,pierluigi21@example.org,$2b$12$5Yk8fRK5wFSa9BkWtcqmrelyBiYmWU9je8WQJG0ajOmeNMQfDxPxO,user,0,1993-02-13,3755108314,"Viale Rosa, 4",Suviana,BS,18039,2025-07-24 12:52:08
567,Angelo,Taliani,pierinadellucci@example.net,$2b$12$BczxpCr1MUKh4UslhlhdlO4iyAUuoJ2gPVSuQxcu/BADVInKoELR2,user,0,1945-09-15,+39 3620372476,"Contrada Alessio, 6 Appartamento 7",Marina Di Camerota,BS,21048,2025-03-09 00:12:29
568,Pier,Aulenti,toni49@example.org,$2b$12$p8HSDCAkSzFDTZNKS8BzWevpWqYHyq.OGCYqDEjOyKPJqcydkwq6e,user,0,1968-11-08,371320297,"Strada Camillo, 33 Appartamento 4",Scano Al Brembo,AO,70056,2025-01-05 08:17:09
569,Antonella,Rosselli,filippellipierina@example.org,$2b$12$myKuLjq6J0Kc5GFHW1yeBefxpsKLh/TMBCZ0LEBmDAquD1jMZ0cfm,user,0,1965-04-26,054133211,"Canale Cerutti, 2",Sessa Cilento,VR,87017,2025-07-09 04:10:34
570,Lando,Manunta,giglinadia@example.com,$2b$12$XsyCeUY5nEjZxOYWQOHEDOTbRmd7mZVy9EghNmmrkFK.nMtAche7q,user,0,1957-01-21,371495982,"Via Barbara, 19",Quarto,TN,23823,2025-03-10 18:09:34
571,Alberto,Sommaruga,ciprianobianchi@example.net,$2b$12$oLbZyLylngYlPqdP9yaUMe9yR8n3y4lMctLrmwr/rLn6VcDIn5uLu,user,0,2000-06-16,0426874139,"Contrada Trentini, 5",Villabassa,AN,55031,2025-06-30 23:53:12
572,Alessandra,Giannetti,sebastiano43@example.org,$2b$12$T1RHfOj4UzlEzAogOMez8uNQuJ21YxJDMXusXKwWxvPBHXyKCbtxS,user,0,1965-04-18,+39 0588389544,"Piazza Olga, 620",Passo Del Bidollo,BL,23832,2025-05-21 05:29:18
573,Fredo,Montessori,lianapaoletti@example.net,$2b$12$jmZqQ/mE7LivhvUDNuw07eYI.lUfb/LNteEftqdblVQ2xINGeDk4y,user,0,1979-06-04,047113991,"Via Ubaldo, 645",Rettifilo,FE,04018,2025-05-08 10:36:06
574,Romana,Polani,kmalaparte@example.net,$2b$12$d7DfWY/guwwU2Ta8VbuK/.JkSScbKPmnRvCTShgB1l6LtmR4IU47a,user,0,1990-05-25,+39 3714097267,"Contrada Priuli, 9",Cornaredo,RA,05023,2025-04-09 04:31:44
575,Gilberto,Bellucci,ubertoioppi@example.net,$2b$12$.1lATe1pEI9ldpXpoI1feulpumt/Dag4jfmkfaCA.QCF1aaVywb3m,user,0,1962-08-12,+39 0564456226,"Canale Rosa, 31 Appartamento 4",Villaggio Del Sole,GE,84049,2025-08-19 02:59:42
576,Girolamo,Serraglio,ottavio58@example.org,$2b$12$aqBkVzgZ.VFQkhhQAAhWEuGaHMQ5wr8dmf4CwCHfvKCCw8T0wsKfu,user,0,1977-11-15,09619851132,"Canale Sandi, 94",San Lorenzo Isontino,PO,16047,2025-10-10 07:53:37
577,Vittoria,Malaparte,pizziolrosaria@example.org,$2b$12$BIWMwHPx1M9I8ff4eMiY4.lBSo4OVbYZRb8QhHGY4U.vmVTAnXhxu,user,0,1998-01-13,32806965883,"Stretto Mozart, 5",Mompantero,CZ,26027,2025-06-01 21:43:31
578,Gaetano,Forza,olombardo@example.com,$2b$12$WvVdiGUH0xkS1.1Ph7gTW.tFqe8WeXS0.Jsmukcanm6EAZcmkf/UC,user,0,1985-09-24,0653690742,"Borgo Pomponio, 290",San Filippo,FE,73045,2025-01-05 23:25:48
579,Oreste,Puccini,jzanichelli@example.net,$2b$12$M1AvF39eypCrkhrhWkOuYuPMwC5WvmcpBcHAK7A5VLGxIltchYOD6,user,0,1942-07-16,0321758753,"Contrada Greca, 4 Appartamento 6",Magazzino,BL,34135,2025-10-04 02:00:19
580,Marcantonio,Broggini,margan@example.com,$2b$12$siUpaFQF5UxkAEenZ8uAl.Ebab9OjXkxC1xFeXbqfP5SJxEZD9bBy,user,0,1999-12-06,+39 37139340775,"Contrada Burcardo, 810",Gardola,AP,09016,2025-03-14 15:29:44
581,Monica,Ferraris,yricciardi@example.com,$2b$12$4tDFgAlwYUblri45AXJwReyC4gQ6OSvWrBvFFUaiKNNLHk4hmkdoK,user,0,1950-09-05,+39 01611040558,"Contrada Borromeo, 49 Appartamento 5",San Rocco In Turrite,VE,25121,2025-05-30 04:24:54
582,Ida,Niscoromni,lilianaguinizzelli@example.com,$2b$12$U0DEOq/CdmGcFY0DZRZUaeTWMrkY6m/mM/QK1YAQnrqyZhKDlAoJ2,user,0,1954-12-21,0481462160,"Via Alessandra, 89 Appartamento 26",Verceia,MT,20058,2025-05-27 07:59:02
583,Sylvia,Bazzi,tizianaguidone@example.org,$2b$12$XryvYB98lmmfBkYH1pdI7uhmL8FG19i5ek3hV7wzcXTuZp9joQCYO,user,0,1995-10-05,0578999534,"Viale Cristina, 29",Molina Di Fiemme,PD,20032,2025-07-21 22:28:07
584,Claudia,Branciforte,delfino68@example.net,$2b$12$Why7/y0mv9DdEyKNFY4xgO4B8pDei9rspW6hdiVnTOjyZo/HAtiCW,user,0,1983-02-15,3516161515,"Piazza Emma, 266 Appartamento 84",Casanova Lerrone,BI,03033,2025-04-24 11:35:17
585,Martino,Polesel,ottonedeledda@example.org,$2b$12$vRSmN1ku4cMG6w4kPATq2.UAvxC95nGxGC.AaWf2B2fPw2hDM84ta,user,0,1960-01-21,07948675770,"Piazza Vercelloni, 49 Appartamento 58",Menaggio,SA,86045,2025-07-19 18:17:44
586,Rosario,Zichichi,bartolomeo29@example.org,$2b$12$CrqDJZM1wPbeA8LXSAsRQOwTfvwlvPSCanNFfQE4lrjZlTT70h/X6,user,0,1989-04-10,+39 0471897100,"Contrada Ranieri, 398",Poggiorsini,FI,02013,2025-04-26 04:51:58
587,Simonetta,Oliboni,romolobonanno@example.org,$2b$12$S1X7Dy9PipLMJlRX826GuOGTVool9m3fBoYDQ.3BBoaiKeMB1XmNe,user,0,2006-11-18,03318106755,"Strada Ferdinando, 80",Marchesa,GE,44034,2025-08-28 18:38:35
588,Ranieri,Calgari,gtrupiano@example.net,$2b$12$yBtZJTaT1mJb1GgN.ti/zOzJ1wMLsVFoJ2EqrL7VyQPAQWLeP.9yS,user,0,2004-11-18,+39 33557236138,"Borgo Mazzini, 47 Piano 5",Sezze Stazione,TN,46047,2025-07-13 01:56:29
589,Paulina,Sagnelli,nigglimarcella@example.net,$2b$12$loTE8cnbiS5bOv.u2Ftt/.mqurEdBwh5UshwVqPojJjLA426KbDza,user,0,1981-04-01,+39 03757042428,"Stretto Riccardo, 15",Torvaianica,GE,28010,2025-09-13 07:26:27
590,Valerio,Lattuada,pompeoalmagia@example.org,$2b$12$n6DhdNMrl9AimEXs86kMDe.ft6CWZO.hb.m96DOmEvoSkzpFeyJdS,user,0,1950-02-08,0761395879,"Stretto Gadda, 2",Merine,FG,26842,2025-02-02 16:44:19
591,Ubaldo,Barsanti,hugo58@example.org,$2b$12$LsBUd8eRN/XOlYiPpCPZRu6C.5BC15IIBHzgU17rtfmuUVaCUI7TK,user,0,2001-01-09,3837864502,"Vicolo Mennea, 365",Soriso,PO,03045,2025-08-09 02:39:41
592,Pierpaolo,Giorgetti,zgussoni@example.com,$2b$12$WKtq9liJWv76kM7R6qB8UeQIdSftcQh/QaPnGuypbaLfny1vizaPS,user,0,1958-07-20,+39 08105734623,"Borgo Polizzi, 298 Appartamento 4",Petrosino,BO,03024,2025-09-07 09:51:35
593,Santino,Bataglia,evazoppetto@example.org,$2b$12$P5yf2CUUMgzfReiIAlKDTu2t7bjyx2qzoJrGytKYgpFJOwIH0v9Ie,user,0,1942-03-10,048171817,"Piazza Ligorio, 1 Appartamento 7",Castell'Alfero Stazione,PA,03033,2025-01-19 06:16:39
594,Tina,Spadafora,manuel74@example.org,$2b$12$.UQLhQH.HI6BdznJKMn7aOLCqPq9nrxLvZCQFz2RpYvDMiS/GzsUK,user,0,1987-03-17,05838750986,"Contrada Pompeo, 4",Castel Dell'Alpi,PN,33031,2025-04-08 01:57:41
595,Raffaellino,Giacconi,elmo75@example.net,$2b$12$OYjB/o/G17JbggsnnZg6Y.ibbGNFhDVaJFNvhaE197kFqCkRdfp5O,user,0,1958-03-29,+39 0583121066,"Strada Eugenia, 173 Appartamento 4",Lozzo Di Cadore,NU,15064,2025-02-10 18:34:40
596,Leone,Sauli,gianpietroferragni@example.com,$2b$12$6H.EmyE/haEeNkPvrf4we.IYpInfKvdX228E2AhRZlhHqrYPSU4GG,user,0,1942-04-28,+39 0587818974,"Borgo Coluccio, 49 Appartamento 5",La Vecchia,TA,12074,2025-11-15 17:24:27
597,Serafina,Abbagnale,lidia43@example.org,$2b$12$NrR2Mcs2HblYN6i76k152O8rwy.5z0urLNQcCaZ92GDbbJnn1TZrq,user,0,1946-11-02,3311379666,"Contrada Filogamo, 5",Vighizzolo,FC,08016,2025-07-08 02:02:15
598,Enzo,Scialpi,qmastroianni@example.net,$2b$12$5kTDv/G20Bl9fcAoHpV/oef53rkMFFJ9KRDW0bWPRZU0fZJ55etaG,user,0,1984-04-10,+39 0784809038,"Strada Mercedes, 79",Arqua' Petrarca,CE,80063,2025-03-07 00:51:29
599,Maurilio,Pedersoli,alina67@example.net,$2b$12$BZ8487D7DUMxZhZFtmyqvOHFNaRb9Nk/Z65G0wOHhC7SutubvF6na,user,0,1956-06-09,37746268356,"Borgo Bresciani, 78 Piano 1",Cavalcaselle,MI,83048,2025-01-22 03:44:11
600,Antonella,Peano,nina26@example.org,$2b$12$Igi/KMlChAqGNIzCNOITyerON3tLFdJVZlTWowmtlDineFTw6y6iq,user,0,1952-04-27,033293831,"Via Nitti, 2",Brignola,PE,07049,2025-03-09 03:27:11
601,Pierangelo,Nicolucci,corradocuda@example.net,$2b$12$cqlcbihTVD6KZXupz9TxEOA.odFHsrMRfh8B8MzuE0ilXryehL3B6,user,0,1993-11-06,+39 3716926732,"Incrocio Ricciardi, 39",Zambana,FR,53020,2025-09-12 23:51:41
602,Elena,Grasso,uruggeri@example.net,$2b$12$ZId0c4keYrA6kq3lNfTFdusMmnIT/7qX0oWgdD2t3zlLrEaujxCtW,user,0,1952-04-14,3776003494,"Contrada Innocenti, 98",San Valentino In Abruzzo Citeriore,BO,40013,2025-03-25 00:04:30
603,Damiano,Cimarosa,cafarchiatorquato@example.org,$2b$12$g.2C5D/sgKsml66Dh9nTr.3r6n2wqYYzX.CNooB.tKMxMPZUOjW6a,user,0,1967-04-30,+39 0773115159,"Strada Pomponio, 2 Piano 8",Vinzaglio,RI,58034,2025-09-16 18:01:14
604,Ferdinando,Russo,martinofranscini@example.org,$2b$12$ohOY6Z8AcGWyZxhX8583heHR4Dvf3cx4HORdzWl4wyFEtZ98EVaR.,user,0,1994-08-23,07335109021,"Strada Michelangelo, 37 Appartamento 8",Sesto Imolese,AP,51021,2025-05-26 19:32:22
605,Maura,Ossani,adriano05@example.com,$2b$12$bS72Civ/akDmCHuhxFYqL.3NguUtUEE5GneZEjg2c1m5/hz5KQtDe,user,0,1961-06-28,+39 0881577759,"Stretto Victoria, 21",Tufino,CH,53049,2025-11-05 09:03:49
606,Gloria,Andreozzi,iluciani@example.org,$2b$12$UlYd018kpD/.55WtgOSVfuEUdbVVUuaa0qAq9A6Deka9GOjdlFNkS,user,0,1976-05-23,07317704030,"Piazza Enzio, 76",Bagnara Calabra,VV,26813,2025-09-14 05:34:43
607,Elvira,Ravaglioli,micheletto92@example.net,$2b$12$CXT/nJtvJ9K6MAsLbZ1Nl.VGc8AEtPBwQA5Eo3pIsReBw1tDlHGtu,user,0,1972-03-09,+39 0765252852,"Stretto Curci, 830",Caulonia,PN,75014,2025-01-22 19:01:16
608,Carmelo,Viola,virgiliogentilini@example.org,$2b$12$.F7RPWXcTySWlkeVZ/ZiQehXk//WSKhxM30NcKvfyN2nCYhj6vSVi,user,0,1972-03-19,0823056991,"Strada Mengolo, 14 Piano 3",Vallonga,GR,55032,2025-11-22 20:13:19
609,Giada,Zito,rossimelina@example.com,$2b$12$fXLyfEJuZVMsOHRTG68C/.KMV04NYHYiUhCiTt5SL0pFMboIUG7jS,user,0,2004-06-02,+39 34353137214,"Canale Gioele, 5 Appartamento 27",Medelana,TP,90143,2025-09-07 09:44:47
610,Giampiero,Cutuli,calogero84@example.net,$2b$12$UoohIzTetL9qfgjccXBilewCaExQ0hhaGJeRU8fPJIQYndbu2qQ4K,user,0,1941-12-02,+39 0163331162,"Vicolo Ubaldi, 51",Mormorola,CZ,95044,2025-01-21 23:18:55
611,Dina,Tencalla,paltrinieritelemaco@example.net,$2b$12$rWXrDajPdEdNtIl6GIV2BeN8wLI//lEdufmHmxmP8WKY0wA/X7F7a,user,0,1948-06-16,3716120498,"Canale Aulenti, 8 Appartamento 7",Pavone Canavese,VV,61039,2025-07-16 04:27:30
612,Napoleone,Fabbri,medicisylvia@example.org,$2b$12$3bBsUaHMOMp52qfuIGFeo.sfukdsGcSUzRZUiXu6c5Sv4Wvu6uQ62,user,0,1973-08-25,+39 09225770366,"Stretto Lisa, 89",Piancaldoli,MI,61047,2025-03-09 11:55:51
613,Alphons,Santi,lorenzospallanzani@example.net,$2b$12$8MywvHYppL4woKcb3hjnwup4zkMiKq.TyiMYqftmAW3utwzJy.kTC,user,0,1972-12-06,39743259153,"Strada Antonello, 0 Piano 3",Osteria Del Gatto,IM,14048,2025-01-30 22:02:13
614,Marco,Angeli,durante38@example.org,$2b$12$j0qtJwePMncV8OHjZgsX/O0pxQwFrDFwaYMha7lBbIaZ5xkjQSUlO,user,0,1974-08-16,+39 0905412435,"Via Sole, 18",Valeriano,PN,23876,2025-04-28 01:20:47
615,Giorgia,Zanichelli,xbonolis@example.com,$2b$12$73Qy1NWEOlAQ9YqUQ1kb0ebg99L7wJJjhGmbgnbiJWM8J1Pe5dhv.,user,0,1990-11-21,3971451292,"Stretto Napolitano, 17",Faedo Valtellino,ME,23861,2025-09-08 10:43:46
616,Dolores,Sanguineti,moschinopellegrino@example.org,$2b$12$cI1IDoy.z9lGAO0scqiXdeMGLs8dRBh2lWar.m.IFqxZwtdhqKJAm,user,0,1992-04-04,3716935135,"Viale Chiara, 682 Piano 8",Rocca Di Cave,SS,87100,2025-01-12 16:57:58
617,Armando,Nugnes,saracenobaccio@example.com,$2b$12$unXN7O0VLW3T1scz0dDtDuzWNV1.WVOzwWeKyzWJxzbrhWSx81EPy,user,0,1993-02-26,+39 3519894490,"Via Orazio, 844",Drubiaglio,RN,67037,2025-05-10 14:57:27
618,Adelmo,Gemito,liguorifabrizia@example.org,$2b$12$X5DeENkp3SxJjyJDNwn5x.RJeyQ57GZhWLFFQFIVzqawPPunceSpC,user,0,1946-10-14,+39 0184202046,"Rotonda Cagnotto, 48 Appartamento 8",Torrepaduli,CN,23874,2025-11-09 23:03:56
619,Patrizio,Zaccardo,strangiodonato@example.com,$2b$12$HhpcCut4/SRSt8lfS9/.u.YQuZqVlJ27hiEg1RN95aYCpTSRuoXge,user,0,1968-09-27,+39 3714816692,"Stretto Amaldi, 0 Appartamento 56",Fordongianus,VE,17041,2025-07-27 00:12:43
620,Adelmo,Alighieri,matteomanolesso@example.net,$2b$12$xyW1FYfnxe/wn8bsnkS15eQJG1gOcpI7Q.kGViA.RvxE1/vUEYLQa,user,0,1944-05-10,+39 0922883183,"Canale Pasolini, 92",San Costantino Albanese,BS,98079,2025-10-09 08:34:45
621,Liberto,Pareto,margherita08@example.com,$2b$12$Ti0VAYwMcXszGb/mJ5KfZeVxKGLEUWXz8ZZQt1jd07gvwL3QgLTKa,user,0,1965-09-11,05836634146,"Rotonda Giacobbe, 79 Piano 2",Tarantasca,MB,82019,2025-03-03 15:52:24
622,Ernesto,Poerio,luchino54@example.com,$2b$12$3ttnntQHBhzOAteYn/PtsOUkTIZJdKSaain0XHSdczsdE5vz89qei,user,0,1966-09-15,+39 0445349726,"Vicolo Marcello, 79 Appartamento 9",Breolungi,SP,25134,2025-03-12 05:08:02
623,Nico,Lucciano,spanevellogianpietro@example.org,$2b$12$xR.llvR5SRMDy5CWoAnDOO/RwPu97ref.fV80LNZkZhgOPnbkp5Zu,user,0,1970-05-03,+39 3534611906,"Contrada Priscilla, 26",Castelraimondo,RG,80044,2025-02-07 15:59:40
624,Marina,Argenti,angelicaspinola@example.com,$2b$12$x90qhPOCbNvkA9GesNIW..7uCnAjkfMGc4CbIwNZoPq7Oq.kBwL2G,user,0,1977-12-01,32777165950,"Via Raffaello, 2",Gaudiano,TP,00062,2025-05-23 06:42:08
625,Valerio,Gianvecchio,ucurci@example.org,$2b$12$IbmNPRqs46ryJWBc.HxnUulyWCrcWBTLsKJxQaBoM4/UzbUinI0cC,user,0,1967-02-17,+39 391795551,"Canale Lando, 9 Piano 9",Sciara,FC,39043,2025-10-26 17:48:20
626,Sandra,Zeffirelli,zetticciliana@example.org,$2b$12$nG7geUsaVdpEJ1qGTTKvouhTY6jgq6BUOzTwlRgtcOQN3ls2BKOzW,user,0,1979-01-09,0541534276,"Viale Daria, 9",Lauro,AR,82028,2025-10-25 11:46:00
627,Venancio,Cilea,giuseppe97@example.org,$2b$12$KEMbwiyOlvhdrBLPk.LbReZuFmIuX7ztbc3qrUMQVpEzM9J.UJKJi,user,0,1983-09-23,+39 0541561480,"Borgo Argento, 62",Favria,PG,00121,2025-11-20 15:06:09
628,Claudia,Desio,salandrarita@example.net,$2b$12$swH7sSKFfPIBi/yCp2x0NeiNBR6hfOFtbJN3GWSvEptlJF00bxht2,user,0,1997-03-28,+39 0573070618,"Stretto Romina, 42 Appartamento 61",Sambuceto,CE,80051,2025-03-23 12:34:38
629,Lazzaro,Ottino,grecotaccola@example.net,$2b$12$tLYfhnvtGgpSthA41FpXoeG9NvNXDk2/P47RdWT4iIW2viZsbcxyS,user,0,1963-11-06,01180814625,"Via Mazzini, 512",Frassinello Monferrato,MI,56127,2025-07-11 13:53:23
630,Lamberto,Morpurgo,orlando38@example.net,$2b$12$j3m9iJK0m1J7Q0PMJujLQ.pp/r97OnHsAt2SUAZqolxeIWG46JHqO,user,0,1999-12-29,3474469912,"Via Romina, 47 Piano 2",Pisano,FI,38088,2025-01-20 23:00:06
631,Coluccio,Barillaro,eiannelli@example.com,$2b$12$uYpzLVCwd2gz8ZS2UzyjjuYFxayAGQgTE6Mp.srLSX/HqGuxh9dn6,user,0,1995-05-21,+39 0931704474,"Incrocio Marissa, 541 Piano 2",Alessano,BT,37063,2025-09-02 03:34:51
632,Dina,Ortese,solimenatonino@example.com,$2b$12$Elke9UUTdlhHG/CDHiEj0u0LFhDa9nmSSWvVdkcbsE2kXD/jDmMle,user,0,1992-03-26,042949144,"Viale Lara, 0",Bosia,AO,39039,2025-02-13 17:43:26
633,Gustavo,Procacci,milenabeffa@example.com,$2b$12$iTcjZyrLSUPGo.KQbDERCegT61JGikfF7k9aS0eI121foA75Xv0Ke,user,0,1963-10-22,05853138551,"Stretto Gonzaga, 89",Montecarotto,PC,26862,2025-01-16 13:00:14
634,Antonia,Fantozzi,napoleoneginesio@example.com,$2b$12$EX5cCd0RvILkMVQ2..RsyOKLOm7ZXhpnhrDyLr74z993MXEQ8f57a,user,0,1952-12-10,09316966215,"Via Vanessa, 94 Appartamento 72",Mühlen/Pfalzen,TP,50127,2025-04-10 13:41:14
635,Guglielmo,Tafuri,nguidotti@example.com,$2b$12$ErNnmmP9d/h0ZCN3Pr57nOKX/mOMSeXVxsPY6WQlXB1S13e5e5PQK,user,0,1974-12-17,+39 3714471257,"Canale Tatiana, 3",Cembra,FC,06126,2025-01-24 15:49:20
636,Tullio,Dellucci,giolittisilvio@example.org,$2b$12$9vJM3AA9coW2Dp0hkSG.YOi8oYBFp1/KGZ/jgxv3bqlz.nYB4R4FW,user,0,1949-05-13,3760246969,"Canale Abbagnale, 91",Pole,FE,90010,2025-06-20 00:33:03
637,Adriano,Angiolello,ugolinotamburi@example.org,$2b$12$ZpBLynBM6MQRablA7aAqaejqI/EdPxkr13/LMSgPTWVueXJTUxu1.,user,0,1971-09-08,3606803301,"Piazza Iannucci, 18 Appartamento 6",Suno,UD,10030,2025-01-08 08:19:09
638,Fernanda,Bergoglio,emarzorati@example.org,$2b$12$lQLwS6r3ruK14PwBso.d..QnPuEkIX6suDbxShIqB9Xgi7KnUA05W,user,0,1940-07-22,+39 3515962744,"Canale Donà, 65",Pennisi,SP,30125,2025-01-13 14:54:25
639,Pierina,Rubbia,carolina01@example.net,$2b$12$wMx9BkmibvM7CFpQ/FMT1OlRlaYKHQoVgGqtiZERI0AOEQT8Jnc/y,user,0,1945-03-27,05666432604,"Canale Livia, 896",Madonna Del Monte,MC,55023,2025-08-17 18:24:48
640,Giorgio,Boldù,zmascagni@example.org,$2b$12$vwnlbE/8pMaBDoVyKKJfxeChXwL44ksejh5JN.YFbVBoYgrwZHUx6,user,0,1991-07-07,+39 3780514954,"Borgo Modiano, 5",Santa Maria Nuova,TP,56127,2025-11-06 02:08:20
641,Gianluigi,Lombardi,ntoso@example.net,$2b$12$5ErNXy7I6UIBKoD.jkUwiOaRp4029NgapOWeo9RLA900SDILniz62,user,0,1971-12-23,+39 0881144150,"Via Nugnes, 8 Appartamento 6",Siddi,SU,16145,2025-08-01 16:41:26
642,Tonia,Mantegazza,poleselromeo@example.net,$2b$12$waBc3pappHkgBqw0aPyC/OBM79KQKWtsvE0KphNXqHF7Oq20VxF8e,user,0,1947-12-20,385509991,"Rotonda Flavio, 222 Piano 9",Luco Dei Marsi,PT,08048,2025-02-25 20:05:40
643,Baldassare,Barcaccia,nnatta@example.org,$2b$12$svq9.0OJsX/9jwiVpmKVVe69094OUM5I0FygfGB6u76IaA4NbOu1u,user,0,1940-10-14,018731439,"Incrocio Sbarbaro, 96",Torre Boldone,RG,89843,2025-04-02 22:06:39
644,Severino,Bartoli,cilibrasieleanora@example.net,$2b$12$KuAB73wzsYjJEpVlaRErru/hj2nD9kHafPdomtWZaTqyAd9Hwhenq,user,0,1956-06-08,+39 370307789,"Vicolo Amleto, 0",Conza Della Campania,RE,43030,2025-01-03 00:02:54
645,Tiziano,Ceri,valeriapratesi@example.net,$2b$12$1msmFVUcQUEAHYjRcUwE7etwqht9Cdc8zkMaEdu82K1GQDl3j5fIe,user,0,1950-08-25,+39 37788387580,"Stretto Surian, 43 Piano 5",Acquasparta,CR,96013,2025-10-09 02:12:58
646,Gloria,Ginese,gaspare53@example.org,$2b$12$9G1Xu.T9Q/YGgksd/Ep2cOhO37CdXKpEIS4SRxJSpwd8NsW6K5ijC,user,0,1952-07-21,+39 0371302141,"Stretto Francesco, 14",Badia Pavese,RM,28819,2025-04-19 23:47:23
647,Dante,Vanvitelli,lombardianita@example.net,$2b$12$ry5KUTaGMqC8AkusjxEfTepqWKTeCmbujOCLDDVOn8vT6E.RlOLgO,user,0,1946-06-23,3271641370,"Strada Giorgio, 94",Suaredda,CL,00193,2025-09-30 05:16:47
648,Tiziana,Einaudi,jturati@example.com,$2b$12$BumJAc31l3kFgqDjSrPHY.T3JWAFm6ZuWaYytDzhOyjbBxP/OlsgK,user,0,1960-04-17,+39 351622145,"Stretto Giacconi, 76 Appartamento 7",Moschetta Di Locri,BL,36071,2025-11-10 10:38:28
649,Simone,Cherubini,ppistoletto@example.com,$2b$12$Oi5edpjB79wdXwtg9YNAeOXR3T49WUiMfVAwdHTCMMUz4FfT9NfAi,user,0,1989-06-14,+39 3834478838,"Rotonda Roman, 97 Piano 3",Cella Dati,CR,50061,2025-06-16 15:12:46
650,Amanda,Bruno,luciagiovine@example.com,$2b$12$YzaM64T5vGQ2JGEHdfEQJOHEFXsaaAkPhgBOqIruD8u2Mm4lKf6NO,user,0,1944-11-28,+39 3603515357,"Piazza Sermonti, 7",Lerma,UD,13835,2025-08-06 10:30:30
651,Giada,Morosini,lisa02@example.net,$2b$12$M6p8kLwbjGKeTfCwF6FR9udpdDFrY/Pd6NL4DKfNpP0UswNNOnLiy,user,0,2001-08-28,0185180364,"Canale Binaghi, 8",Monterchi,TV,66022,2025-08-25 01:26:35
652,Melania,Zoppetti,evamalaparte@example.org,$2b$12$nmSHZzmI78OvtMViY2j8Gearkj2jD6NI05ltrH0l5bjBeNEYiGy3K,user,0,1980-06-12,088414164,"Via Adelasia, 5 Piano 4",Rovereto,TA,89040,2025-02-04 09:34:55
653,Gioachino,Impastato,avergerio@example.org,$2b$12$bobpshLMO54ivPotjXk47.F5xb.3MOEZl5BE5Z7i5uFsOgG2LUL9m,user,0,1991-06-04,+39 091672111,"Incrocio Eliana, 99 Piano 5",Bolladello,AP,06050,2025-08-04 05:10:19
654,Adelasia,Galeati,trebbigiulio@example.net,$2b$12$YjSot1/86wEqz55xKV9e6emMI/sD8AKJ5Cnhn4voD6EnD6kZqBjS.,user,0,1971-11-18,3854217035,"Vicolo Filogamo, 330",Rima San Giuseppe,BI,35136,2025-08-14 01:35:33
655,Ermanno,Iadanza,vecellioalfredo@example.net,$2b$12$eIOWAfCK8P.vnusNBo5OCuVrpnDCnmVr5W97g9WSyU3IawYmTJ/RC,user,0,1968-01-05,+39 353428704,"Canale Gemito, 42 Appartamento 9",Carenno,VB,37059,2025-04-07 02:00:05
656,Stefano,Asprucci,vanvitellivittorio@example.com,$2b$12$7gLQTLXWxpUZ8uSTX/UTpeksTShsu.leHwuUt4xFQmzVT.f3yf1Yi,user,0,1988-12-15,3755092830,"Viale Giovanni, 6 Piano 4",Dusino San Michele,TP,84037,2025-05-19 16:52:26
657,Alessio,Soprano,isabella94@example.org,$2b$12$TNPF.AKuKYHUkx3BRgRt7uiYjgkIF1G9FX9BaA3/bzUybRBxH40V2,user,0,1957-09-01,0583937989,"Rotonda Eugenia, 63 Appartamento 41",Portoferraio,AV,21040,2025-11-14 18:25:06
658,Sante,Filzi,nittovenancio@example.com,$2b$12$NfHDNxHJG7Qq9tE2WsonHO/P.U48bOB1pPUpUWmo/A4pXt3HnPpIS,user,0,1969-02-19,32231963252,"Via Ferrara, 555",Valdina,VC,64100,2025-04-02 23:42:01
659,Amanda,Malatesta,boccacciolilla@example.net,$2b$12$epivd602brhE9g/csHMfpetCI3nZ6xzFlgDzz7NeZO7izgOsOctAy,user,0,1949-09-25,059142891,"Piazza Verga, 432",Savignano Di Rigo,CA,21031,2025-01-10 11:00:08
660,Arsenio,Tanzini,arnulfobottaro@example.net,$2b$12$TWUwynkU2UMAPiTR6cCVc.Sh9hXqYPkbCtpRlGHlgkBxwJxNquJEO,user,0,1948-06-27,+39 0322401275,"Viale Bacosi, 45",Zafferia,VB,89027,2025-06-19 15:50:02
661,Enzio,Vercelloni,ammanitigiacinto@example.net,$2b$12$qthXVUzPrmeU1H2rfKIzROD3ILzFSKCvm0JedRLnHPDJN1HXOjLlm,user,0,1985-03-20,0161135286,"Piazza Grimani, 34 Appartamento 14",Cheremule,BN,11022,2025-07-03 23:37:04
662,Gaspare,Donà,kanichini@example.org,$2b$12$D0iSAAavgpbvcHjKv4jmoO2UCXZcRwgoOJyRIZF1f4Tm6wceMMq3O,user,0,1965-03-14,37561715192,"Piazza Zaira, 492 Piano 7",San Lorenzo Di Rovetta,IM,03012,2025-10-20 15:59:43
663,Allegra,Grifeo,sergius48@example.com,$2b$12$ijMaFvybsDoL51rFAmEfpuQV5JlDZtvuTdz5zfs/bDP671lkKJ8AK,user,0,1990-09-19,+39 3927792514,"Stretto Gravina, 42",Pontetetto,SR,36016,2025-09-20 14:47:48
664,Giorgio,Juvara,largenti@example.com,$2b$12$OjpfnxuGASKoyqBlmSOdVusfjZgItGUqlnpHrOENuRtlDzrcCoZ8a,user,0,1967-12-08,+39 05059910267,"Via Orazio, 9",San Cono,FC,35013,2025-01-03 23:32:19
665,Fabrizia,Curci,edoardolancisi@example.net,$2b$12$O3guAITmSKyOlu0pcnk4aOeMjcnjV5Z56ys3NUD3oZz4Qnr/LEwFy,user,0,1989-01-10,+39 32746816759,"Contrada Emma, 429 Piano 9",Garda,NU,76011,2025-10-30 18:41:42
666,Roman,Praga,ermes99@example.org,$2b$12$Y8hrmHGYGPV0JCfLgtPPu.TkysUol6xMXNv8BCRApE8SqsVt0KH6.,user,0,1988-10-01,+39 01551840788,"Piazza Gianmarco, 9",Caprara,CT,26037,2025-11-12 01:27:44
667,Calogero,Maffei,porcellatogiulia@example.net,$2b$12$2H7h/iMY3/dE3qxS3o92wuRo05GZzFQLUWZM35kbbB/q4D.e0IyN2,user,0,1955-11-05,043128877,"Borgo Nievo, 35 Appartamento 9",Ruda,BN,52022,2025-07-27 13:45:38
668,Guarino,Treccani,irma98@example.org,$2b$12$erevGJ0VVhDH5PRjP61zNusV/JzBXgserFSt4sxyQ3WNSsLEzdHti,user,0,1960-01-10,+39 0318904260,"Contrada Dino, 68",Solomiac,PC,72026,2025-01-09 00:04:33
669,Alessandro,Bulzoni,amatoisa@example.com,$2b$12$0EyMEJeuEclbcp7wwR1/Rucindb1ggtEGTMZCCA61RTdu27OsiXV6,user,0,1943-01-02,0731865994,"Vicolo Tafuri, 9 Piano 4",Castelvetere Sul Calore,KR,50018,2025-06-28 12:10:47
670,Diana,Agostinelli,ciro50@example.net,$2b$12$sZJeAsyF1Nt2etVCmM.ubuwQUCeHwnjWJrZROFbAj7uY2IfajC3NG,user,0,2007-02-04,+39 01319345747,"Piazza Gianni, 87",Piazzola Sul Brenta,CA,65132,2025-05-09 18:23:47
671,Dionigi,Caetani,acamicione@example.net,$2b$12$hKTlOQAtdxcG14YPoBL.N.gnxu.IwiQeImQlR1vN8AhWlVEMS2wYu,user,0,1994-01-10,+39 0342782696,"Borgo Giampiero, 813",Ortona Foro,TP,41015,2025-07-25 06:28:44
672,Lodovico,Doria,nscarfoglio@example.net,$2b$12$fIjiJlY/6ykqBBa23kLcbOSiYrbetR/F.tfRkz3ESjCaMFJf6wJKC,user,0,1962-07-18,+39 090708180,"Via Bellini, 7",Ponte Nossa,LO,07013,2025-01-10 12:15:01
673,Sole,Tamburini,xfuseli@example.net,$2b$12$GkxCnue/T2HQueZzDtuG.OVOa5y0AlHY6PZSUmvEF9eFbFHObJFbK,user,0,1973-02-07,3510896240,"Viale Raffaello, 3 Appartamento 5",Schilpario,CN,08028,2025-06-11 14:38:24
674,Tullio,Nosiglia,kbonatti@example.org,$2b$12$DDPQH8bZyt/o4zBFfMwdNuokglGwY4kbJTrXltppllGWMTQyoMZ/a,user,0,1990-09-30,36627224215,"Via Ruggieri, 35 Piano 3",Campo Nell'Elba,FR,13843,2025-06-23 11:27:28
675,Carmelo,Cicilia,lucarellinicolo@example.net,$2b$12$eDwlEE3LxZvq25cjCQ1GOOMiuDpjFHFR1Mtg4MrlW5vFNbTtMxU6i,user,0,1982-11-19,3793804514,"Canale Michele, 629 Appartamento 14",Medole,BA,28825,2025-07-07 18:10:27
676,Tatiana,Onisto,scamarciomargherita@example.net,$2b$12$dVk9vvloN5V9quUhoN1mAelfm4vy/irlmwVG/7ywdKTv67W.Hiova,user,0,1956-06-11,+39 01873282212,"Vicolo Girolamo, 91",Sogliano Al Rubicone,FG,98075,2025-06-05 05:35:17
677,Aldo,Gaiatto,nicolo03@example.org,$2b$12$UeiU2g3mHQ9MKtUiQtiQxe4y93krz2biVsjmGJ1ZjL3h8mx/zfczO,user,0,1966-05-01,0444960876,"Vicolo Vidoni, 8 Piano 8",Trappeto,VA,21048,2025-09-07 02:25:47
678,Giosuè,Romano,evangelistaadinolfi@example.org,$2b$12$rgaMfPE2kaiDDh0JrkJrFO5AeRFOHG4QsUPdp5mzHBwW0yimZT/T2,user,0,1978-10-05,3739439353,"Viale Germana, 1 Piano 6",Borgosatollo,FE,09124,2025-10-01 08:41:31
679,Angelo,Gozzi,cfoletti@example.org,$2b$12$6eIRmB.5rlav9fVcRRwlOu/NiOaUbiR.xHyLZL4D9n9g57fQHqgBO,user,0,1983-09-01,3342621173,"Borgo Nanni, 850 Piano 3",San Vito Chietino,PA,10072,2025-03-05 00:01:42
680,Pomponio,Scarponi,pietrangeligiancarlo@example.net,$2b$12$1QmXQSv5H0zAgyPghbkO7OBYkHP9R2Dski7nJJ0rXRQ1Yu9inTjn6,user,0,1946-08-13,03211587661,"Incrocio Claudia, 4 Piano 8",Colle Di Val D'Elsa,PU,07030,2025-05-17 03:56:14
681,Giuseppe,Turati,tpuglisi@example.org,$2b$12$duHPCUDr/VOCycIyc1Ns7OSMrtWBAUp/K0AOaspdO3.0NqLHMCamW,user,0,1949-03-19,3772648916,"Via Ermenegildo, 0 Piano 7",Montale,VI,40010,2025-02-19 02:02:31
682,Fausto,Moccia,zguidone@example.net,$2b$12$/ZbfizuQShnYK9TucAU5vO.NdIquHMFkS21XU1V6BS0EwAHI4D02S,user,0,1944-07-27,3555377911,"Via Caffarelli, 994 Appartamento 16",Dozza Di Zoldo,RA,47924,2025-08-29 03:46:28
683,Antonietta,Taccola,arnulfo81@example.com,$2b$12$8RW8Sb0ARK0RKqwFchDAV.aYpqTfBRR6nOijdkLTnX2wQjYQRmnxu,user,0,1945-11-11,+39 0343573151,"Borgo Carolina, 26 Appartamento 84",Sciara,SS,92019,2025-04-26 05:55:05
684,Ilaria,Zanzi,zgotti@example.com,$2b$12$X/c2W2dII70UmNIlnU6shuxSHyHZLoCthhh.k27/fc9Bg474VcIne,user,0,1940-09-05,3976110199,"Canale Salvini, 7",Cavenago D'Adda,FR,28068,2025-05-26 09:10:23
685,Gilberto,Raurica,elviramoccia@example.net,$2b$12$EnvgWGD45Yl3aMOHJRJn9.LCjo8Avhz.sq79pDwkcqUpSDO871N9S,user,0,1989-06-21,3473500623,"Borgo Vito, 23",Melia,SA,22030,2025-01-03 17:08:50
686,Vincenza,Venturi,bottaroronaldo@example.org,$2b$12$8HVUjl1fWqOThd0IIhjAcOrZmO1ej/KEIyBRJl4jaMqOYLC/lybva,user,0,1965-05-13,040441835,"Piazza Caccioppoli, 75",Burgio,MB,84060,2025-10-24 15:48:06
687,Priscilla,Corbo,anita96@example.com,$2b$12$pnYMwfFgEaPHaWyarH1DwOSLJkWW7yFrtCc6PCbR2Z2L5tXvDRrWu,user,0,1985-04-23,0312782283,"Via Micca, 1 Piano 2",Cosoleto,AG,73013,2025-05-08 16:15:01
688,Aurora,Albertini,vittoriabarillaro@example.com,$2b$12$llgvh16Ox6069JiToh/PhOkr4EPcDZ1O0d1/1Je39C95FCWs5kgTK,user,0,1984-09-23,+39 3458161074,"Via Acerbi, 0",Narcao,MN,85032,2025-06-09 06:16:53
689,Fiorino,Veneziano,marinettiantonello@example.net,$2b$12$d6DYDcOfzbvyIO8Mv7zx.ee.NAwDUJNH3/WnnJj9ZKcp91ig4eFJ2,user,0,1974-08-03,+39 044446090,"Canale Faggiani, 76",Orsara Di Puglia,AQ,14036,2025-01-03 08:39:43
690,Ferdinando,Travia,annalisa26@example.net,$2b$12$vwgMean17s8an3mcb8B26OzmmXZXpIqxEuQA475fBPHd5DK/qPu4W,user,0,1997-08-12,351711801,"Incrocio Antonia, 99",San Polo Matese,PO,81040,2025-07-08 04:46:41
691,Gian,Oliboni,dcavalcanti@example.net,$2b$12$PmuBvdJVPr6LynqchEobLOA9eySrc6aqDjfx5B8G1ESne1mWlCv.W,user,0,1949-05-14,37554680233,"Vicolo Agostino, 9",Leffe,VV,20071,2025-10-06 21:51:22
692,Achille,Terragni,ugo22@example.com,$2b$12$hzpx0uDcFKo4z7lZz1KhwOSRWaDM7pR0k2/k8kyEtHAtDCz.1oaNy,user,0,1992-05-01,+39 0122377213,"Vicolo Conte, 69 Appartamento 49",Carpari,OR,16155,2025-10-06 05:16:29
693,Biagio,Tonisto,angelicapadovano@example.net,$2b$12$UH.KAnf7..1NkZUPookpP.BpQ5bNbpjdbsEbRFKs22040b4gX5USS,user,0,1978-02-20,+39 375788737,"Via Pertini, 743 Piano 6",Faeto,AT,67046,2025-07-29 21:33:29
694,Rembrandt,Pederiva,ypolani@example.com,$2b$12$NKSZwWNSK.Z32x.tnlKb2uSrp4G/pgY1nDgOCubL9MOhNsMdxHqvS,user,0,1997-06-12,+39 088456594,"Contrada Liberto, 67",Sant'Arcangelo,VC,13026,2025-05-02 09:26:52
695,Atenulf,Legnante,daria79@example.org,$2b$12$QfWVqkaUupklDm4ElBMGt.DgNKqWX8TIc84O0Ca3YC5hMz423e4YG,user,0,1996-07-01,39768084373,"Stretto Piergiorgio, 35 Piano 8",Lausdomini,RM,84036,2025-06-04 19:58:27
696,Geronimo,Iadanza,qbarracco@example.org,$2b$12$GF1E.uIU8pTi5XUCzJWXWe7Um76fyWlDYpInrHuaGjZ9QMyR.qxBy,user,0,1986-02-01,351045317,"Stretto Emilio, 6",Piedicolle,NO,18010,2025-07-30 01:55:38
697,Gemma,Scialpi,eugeniafusani@example.net,$2b$12$7R5iqyjn8zTkFO8ZCy8A8et3pZOHi8Ftqe5.Bgzw/uhrT3xpFQ0fm,user,0,2006-09-14,350165619,"Borgo Norbiato, 55",Furore,PT,64013,2025-08-11 12:55:47
698,Olga,Santorio,argenterorosalia@example.net,$2b$12$5Kt0LvCy2laz4KfCU8ABb.1UFuPh/Oj/xvPmklf2xS.ZzEj/wQt12,user,0,1989-12-21,+39 088300379,"Incrocio Biagio, 19 Appartamento 8",Elva,PO,08032,2025-04-26 16:50:53
699,Lucio,Treccani,tanzinipuccio@example.org,$2b$12$IsLFq9.jsoWi0iKmVIVV9OQMQVU1w6hcx5WulxOtEwAHCX8dOwDd2,user,0,1988-03-03,0434368561,"Vicolo Saraceno, 6 Piano 4",Magazzeno,AQ,07044,2025-11-24 13:52:45
700,Toni,Mocenigo,agostinoprodi@example.com,$2b$12$t49S.MfY0EDnUg04sWqqP.jIrPFlcYunPqfeXOYnMQBoAWPiQyQcm,user,0,2002-06-27,0571177397,"Via Spinelli, 23",Pontestura,BT,83046,2025-06-20 11:36:04
701,Edoardo,Cuomo,antoniorusso@example.org,$2b$12$IipKG5Ber9Qu47b0LWSl0.APDMBtLYNtH19Z1vQTyCeUw37iXc8hC,user,0,1986-11-23,+39 345562328,"Incrocio Annibale, 80",Villafranca Di Verona,SA,43028,2025-02-06 03:22:12
702,Gioele,Paolini,giada99@example.org,$2b$12$QplFVfF40j4GyOz8xD17/u3zdqsOBWM8Au8yTMlzPQEHXeQhwdA6K,user,0,1955-07-28,+39 3500132671,"Rotonda Armani, 7 Appartamento 41",Marina Di Campo,VR,13825,2025-01-26 12:37:09
703,Ronaldo,Carli,salvi80@example.com,$2b$12$q6auSrm0BLYhCy3nnoeYp.w8HZx3sq3GFp9SAX.Fw31qOhZE12NOG,user,0,1960-02-05,329932996,"Piazza Ida, 50",Marina Di San Lorenzo,PI,80141,2025-10-01 03:53:47
704,Piersanti,Gagliano,romolo87@example.com,$2b$12$ZJsUMryhodOPFy0diZpf2elXwEcuwmw4sGCe.D/12K.N.rzVP6MKi,user,0,1958-04-04,+39 373141255,"Strada Serena, 8 Piano 3",Bagno A Ripoli,IS,17038,2025-01-17 19:34:23
705,Lauretta,Morellato,acaccioppoli@example.net,$2b$12$rxtV3kCjc1vZB86AxF1K1O2xE8LTQtJJsMoB7jerTTTcRzfirxspe,user,0,1986-03-11,3711541776,"Piazza Gentilini, 94 Piano 2",Giuliano,CB,20057,2025-03-12 07:13:45
706,Baccio,Turrini,elvira52@example.org,$2b$12$yeEXd4J6cDosP0gz3YCkn.32qNhH2Ks2Yq0qP3XHCUNajb6OUfTC6,user,0,1980-02-21,092223182,"Stretto Norbiato, 1",Brozzo,PA,27052,2025-01-20 03:33:39
707,Letizia,Branciforte,luchinolancisi@example.org,$2b$12$6HlXZT6vZpJmrxQ/rZUEQOHEkjtDZYRnlBORqUZ8Vk4XJ6806LFJe,user,0,1948-07-03,35195205595,"Incrocio Corbo, 70 Appartamento 50",Fighille,SR,34141,2025-06-10 08:51:49
708,Isabella,Tartini,melinaborrani@example.com,$2b$12$fs3yqbwz0p35uDjWBPPIEO/laRyna1yzoBZ6g4Wszlgg4PHHPVC3S,user,0,1954-12-30,0942804343,"Piazza Romolo, 214 Appartamento 1",Loreto Aprutino,RN,96019,2025-04-27 15:13:39
709,Tatiana,Sinisi,imeldazaccardo@example.com,$2b$12$HwHcnbHAiwz0D7C.w1Qooej9mBcgwyXJvwXdxDwh26piwYzsi7DyW,user,0,1995-08-13,08972792240,"Piazza Giacinto, 6",Sondrio,TN,28821,2025-01-06 02:34:47
710,Stefano,Carnera,enniobasadonna@example.org,$2b$12$kPYWHEJHMQgTh80i8lFVye/WOwTUpCsOjAKl/5604z56O8FmkUuv6,user,0,1974-02-08,+39 0543610632,"Contrada Bacosi, 9 Appartamento 72",Santa Teresa,CO,71045,2025-08-12 16:42:19
711,Fabia,Giolitti,frescobaldiclaudia@example.org,$2b$12$B1DkecmIC9gKdA7pE3df8OCFbYyc1KuKGIl08K4HhUawbZ.2HkD5i,user,0,1941-03-22,+39 0577421642,"Incrocio Toscani, 63",Masi Di Cavalese,AV,07026,2025-04-07 07:00:00
712,Gilberto,Taliani,giada68@example.org,$2b$12$y8oLc3pKuPMbGyHem/3fTuszO7K0UIxsp0bAIGToNY25aitu3tcRi,user,0,1940-08-25,09750556836,"Strada Ippazio, 80 Piano 6",Lozza,BN,09032,2025-10-28 16:51:34
713,Gioacchino,Turci,tmanunta@example.net,$2b$12$je9YiuKnPCyvtxUPpvVeWOUz0vybAQVkl2jGefCM4n9Yu5QdqK4di,user,0,1944-03-16,0125103651,"Viale Saracino, 2",Greggio,AL,08012,2025-11-06 19:08:45
714,Cesare,Pucci,ruggero02@example.com,$2b$12$Ta5GBbke4Km37KK4YdWraePruI7RvY3uV5y45zkHrQLuRFcauv9Ti,user,0,2002-06-10,0199769953,"Borgo Adamo, 88 Appartamento 1",Marzamemi,BL,08027,2025-03-05 17:49:57
715,Roberta,Mastandrea,xdandolo@example.org,$2b$12$2mFqq.s9IyHgAVOZ.SHHAuTu3sKnnvTvCYX2HcrcdasovTFw4WGxG,user,0,1946-11-17,035705934,"Borgo Coluccio, 9 Appartamento 6",Licciana Nardi,VC,22024,2025-06-09 23:06:20
716,Melissa,Viviani,liciaroth@example.net,$2b$12$ZfUCrZLSM0rWNeC4pnrNAOxjlvkcCHDsUJq4S3QrLHiEoxbU3odRy,user,0,2006-02-02,+39 3343721783,"Contrada Gianpietro, 929 Appartamento 78",Sumirago,RM,20061,2025-11-17 13:56:38
717,Gaspare,Mazzacurati,umbertogramsci@example.com,$2b$12$17OE0IrcfLi7kMIf.2iSI.7epYfdidBiVozchfsUB5mitZ0NyjJ16,user,0,1947-12-02,091449198,"Incrocio Sokolov, 59",Frasso Sabino,PN,38060,2025-09-18 13:33:25
718,Luigi,Ferragni,camillaandreozzi@example.net,$2b$12$FjHGjbtJ5jQ4dCRlKj4Mg.EviKccufXP5ZR93doPHZfq5kEu5pBiO,user,0,2004-08-11,+39 0923201961,"Stretto Comolli, 36 Appartamento 3",Pontestrambo,MC,84039,2025-01-20 17:38:52
719,Valeria,Cibin,carolina76@example.net,$2b$12$Ps4W7CPtleOrKxcvqHpXjeifz3zwcR37sKh.tgrjtenrfSZ0RIgAC,user,0,1969-12-08,+39 3713753478,"Borgo Depero, 429 Appartamento 10",Verrua Po,CE,85010,2025-05-17 13:12:41
720,Giacinto,Catenazzi,francopetralli@example.net,$2b$12$ioBqIeHWgkDjuDe4iNXs8et.l8nATkBsy9XGec2nbk2uHlfOoBcpm,user,0,1997-07-28,+39 0774202027,"Vicolo Flaiano, 6",Cadola,BG,90141,2025-10-19 14:01:32
721,Luisa,Salvemini,edoardo16@example.net,$2b$12$Ph7L/N.u7dXfxhaKyht9c.Te7/l9sTBjJuFhFjGmmwwrIn3ZKmmre,user,0,1950-08-25,3778690168,"Incrocio Martinelli, 54 Appartamento 6",San Luca,FM,53030,2025-09-06 19:10:54
722,Camilla,Agostinelli,dariocatalano@example.net,$2b$12$TJHJ8gcIL6ppSV3YnTe/peUyws7bWUjiw7fO30ntKXcEFICjtXzEu,user,0,1989-01-21,3703762855,"Via Giunti, 8",Lorica,CA,16163,2025-11-22 20:08:21
723,Renzo,Paltrinieri,fnovaro@example.net,$2b$12$Mplxu6CQlx/RO/m010sgJu51AILldCGt2c.WEUYe/GVRjLT1U5Zoe,user,0,2006-08-02,3779151762,"Vicolo Mattia, 36",Amaro,AL,10062,2025-05-02 19:11:28
724,Arnaldo,Regge,xceravolo@example.com,$2b$12$70TrlR89urI.RHmhJPvhMuEI/cmQintUyqeZ2rV.Caq1Y7EdGbaR2,user,0,1978-12-31,+39 0586441498,"Canale Vittorio, 51",San Colombano Belmonte,VA,38015,2025-07-14 23:03:07
725,Zaira,Murri,loredana96@example.com,$2b$12$BK0cOIeyCYIBQp2NxdBOsu4CEymVsFWpsICaes8Pm/PjURiD2PAU.,user,0,2005-07-19,+39 069454914,"Piazza Cugia, 393 Piano 4",Borgo Appio,FC,20852,2025-06-05 08:11:55
726,Nicolò,Camuccini,erikapavanello@example.net,$2b$12$ymOC/gL0sne7mFNNSIxjVeLPreTdNJAomn3WExGgWxhWSagDSL3UW,user,0,1958-11-06,+39 3342514828,"Borgo Sylvia, 1",San Nazzaro Val Cavargna,SP,53011,2025-10-14 08:10:09
727,Simone,Cagnotto,stradivarifredo@example.com,$2b$12$e8OJWr//CqFUmsfHiZVkK.8VF2KHnMurne770VX8rqoOKMl6Vw4jW,user,0,1953-02-10,+39 0731630306,"Stretto Lombardo, 54 Piano 9",Lettopalena,MT,28074,2025-06-22 03:26:04
728,Antonio,Pedrazzini,elisa69@example.com,$2b$12$a0EdcyRfVxxLO9wxxIdob.KftX7WTBijFyzKa5moyYrrKsL.C.t9m,user,0,2005-08-20,0734007710,"Piazza Stella, 0",Badesse,PR,55047,2025-05-19 21:36:41
729,Luca,Zecchini,ricciardilivio@example.org,$2b$12$QB9m5HmH2mkmegNErm14DOnLcFYFY39z7m.OjypQVx4Fj/u5KcaXa,user,0,1949-04-21,+39 0593397545,"Canale Manacorda, 13 Appartamento 12",Fuorni,AG,89124,2025-01-28 21:37:40
730,Fernanda,Donarelli,udineseernesto@example.com,$2b$12$lU6Ec56cIB/rED4xyzHRCO0Rta2sCfKphPFzDc306uAzjNIJxnKTK,user,0,1998-06-15,34329818802,"Via Marinetti, 88 Piano 5",Pozzo Camacici,ME,63100,2025-08-29 01:41:42
731,Bruno,Andreozzi,trevisansabatino@example.com,$2b$12$Af13XygWNkpIyRN5K5ynju/ReP1Zp5i/aDOEkDFyXUNrA4lfYVbmW,user,0,1974-08-09,071208490,"Incrocio Camilla, 47 Appartamento 8",Luserna San Giovanni,PV,71033,2025-10-04 22:27:11
732,Pierpaolo,Caruso,epalazzo@example.com,$2b$12$IqNEl839sGeYua8PUUZF2ebKQ0GA7f0hC4N9w5riNe.CXtCIV1XPq,user,0,1977-10-05,+39 012314500,"Piazza Bombieri, 4 Piano 5",Civitaquana,LO,84090,2025-07-25 06:05:56
733,Stefano,Bartoli,zanichelliolga@example.com,$2b$12$r9mTJDxwXQUPauncci3waeUcOPb0Ppn2rjRIU3uELcDMmfsXzk3Za,user,0,1965-11-21,+39 3247250292,"Piazza Stefani, 122 Piano 1",Capece Bax,PZ,16100,2025-09-19 17:44:30
734,Romolo,Storladi,arguriofiorino@example.net,$2b$12$98MWpcL/8gv0d1S7iKLVDujO1J.iZQveVFsF83.12GsYrJK8ZbuNa,user,0,1959-07-04,+39 3277114710,"Stretto Giada, 0",Malosco,VA,37067,2025-02-02 18:02:03
735,Germana,Turchi,gioachinotasca@example.com,$2b$12$4o1IZwE2VoT4ux8qnL82sei5uwSD3tFXfnRxf1hzswDf.x.JN5wFm,user,0,1999-03-11,+39 33601158814,"Piazza Dandolo, 5 Piano 7",Borgo San Martino Di Cerveteri,PO,26864,2025-09-23 11:57:08
736,Anita,Leone,raffaellobocca@example.net,$2b$12$c2Am1M0qAc2pgvL8p/HWG.hDxLW6SCNlUajxV42WmYDJiiLeBN2De,user,0,1981-01-23,+39 04310856776,"Rotonda Zaira, 23",Spigno Saturnia Inferiore,LI,19028,2025-09-21 13:49:25
737,Gianluigi,Venier,elladio31@example.com,$2b$12$dEJW4sNrIZuX9B/Z8muVIu3RR62f6bIq0p3x6lkToR6qSqMBhsjEW,user,0,1941-03-18,+39 0331827814,"Canale Germana, 11 Appartamento 6",Tallacano,PA,35014,2025-11-12 04:35:59
738,Costantino,Armellini,piccinniguglielmo@example.net,$2b$12$eROd6wkScMuX1ZnXqa6FIuDh/fa9nZcdx9uqOS/BNdAkE/L/hZ2NK,user,0,1973-01-25,+39 3682976075,"Viale Ermenegildo, 213 Piano 2",San Martino In Passiria,LE,20092,2025-11-21 14:12:27
739,Lidia,Cattaneo,tina87@example.org,$2b$12$5upQhRv6dNaLXxpy3Y2hGO4x9qOkqMNwRAx.7JAEitoVk3bbdTgZe,user,0,1962-04-29,09914004693,"Stretto Morellato, 981",Faggiano,VB,84031,2025-09-13 11:01:14
740,Renzo,Sokolov,sabatinogiradello@example.com,$2b$12$vz7bjg396YM0spxPcZoA.eqO5iOwUqzOZeh.7tQGH.5/m0KdE55RS,user,0,2006-08-02,3616794491,"Stretto Luigi, 9",Campitello,TR,50018,2025-05-02 16:08:43
741,Lodovico,Gradenigo,livio52@example.org,$2b$12$JDKCJOyPpsRPb9J8A0g.D.z3ZckZIlG.CmSVFt6PDGujejnY3rzcG,user,0,1968-03-08,+39 08259204204,"Canale Rocca, 1",Alliste,MB,38030,2025-04-09 05:04:15
742,Gianfrancesco,Barbarigo,annibaleberre@example.net,$2b$12$2/0HDNMtnIN7b5ehjXd8VO8rqs635gfdd.xk6XZ6goXK9FgUYFpIe,user,0,1989-12-09,+39 018541306,"Borgo Diana, 520 Piano 6",Nibionno,BO,87040,2025-04-24 02:05:06
743,Carolina,Gregorio,battellilolita@example.net,$2b$12$ydeAK87MBISLYt8LhERdZeMWMRgc2MVa00Sh8DR4CwW9/kAswV/LK,user,0,1944-12-23,+39 016109174,"Contrada Iacovelli, 2 Piano 1",Ollomont,BR,24059,2025-05-19 14:28:24
744,Biagio,Golino,bonannopatrizio@example.com,$2b$12$fDbBdis87appGhBbESF6peWEkHSHcywKxUOmfoUfUvkgdbEBMJvdO,user,0,1972-03-12,+39 0795427779,"Canale Adriana, 129",Pozzi San Michele Tagliamento,SU,45023,2025-05-26 08:57:58
745,Evangelista,Sordi,dpacomio@example.org,$2b$12$sCmep/cCOD6cQLtV0Oh2w.YBT0hnPlAAO6fxxHdObh3VG8n24Q3tO,user,0,1993-05-08,+39 0974360834,"Borgo Montalcini, 33",Alberese,TP,00024,2025-10-20 10:00:23
746,Roberta,Geraci,lmaccanelli@example.com,$2b$12$TAgWZ8PWuo6QS7B8mk2tOexbybaOVHXMvkJpzMcmGRHBYnjp/QdAu,user,0,1993-02-16,097467372,"Stretto Massimo, 425",Carrufo,AG,37138,2025-03-14 14:00:42
747,Federico,Galilei,rbenigni@example.org,$2b$12$BP4FtvBPGbURWhKK.DpUWOkT5bxUtIkx0M8xO.MxuE9nHhP6xif/u,user,0,1971-02-11,08834532938,"Canale Tasso, 48",Borgofranco D'Ivrea,CA,00127,2025-07-10 16:33:58
748,Rossana,Baracca,hdalla@example.org,$2b$12$LGn3WfZ291/mXpuV4Wl5u.gdG1AMduvRgzY7ALY3eqoGDeeBzmA4.,user,0,1985-05-27,3438585325,"Contrada Foconi, 75 Piano 8",Castel Cerreto,SI,25065,2025-09-20 05:57:26
749,Gianni,Schiaparelli,rosapaoletti@example.net,$2b$12$zXu2EkTTvK6W874IaDviWuAWItCSCkc1HuAEyrQvBZa3bEuObaziK,user,0,2003-01-29,086208154,"Contrada Ottone, 219 Piano 5",Pavia,BR,24040,2025-09-24 02:53:21
750,Gianmarco,Interminelli,garozzoannamaria@example.net,$2b$12$1OtDbHRED/pPC742nQ.8M.lBzP/hiHIkwL4FoUhgcW6RTh08W3dXS,user,0,1983-12-08,34259190269,"Viale Casale, 3 Appartamento 5",Piacenza,CR,82030,2025-09-23 02:06:12
751,Raffaellino,Cugia,piermariagoldstein@example.com,$2b$12$ZNk5hyQY6eupFYhXQaIO2.dkpYNCSJHGNz23gBK.gCfCPhvvgY5Pa,user,0,1999-05-29,042263007,"Piazza Morucci, 7",Boffalora D'Adda,AR,12049,2025-03-23 05:51:54
752,Nedda,Baracca,gianfrancesco75@example.com,$2b$12$.iqcnoeJGdHcza5If21g5Oq4KEUPbbRwYw6tS6RY/RHFBoMqQwuWa,user,0,1973-05-31,0903618661,"Strada Renzo, 232 Appartamento 4",Poli,CL,29013,2025-03-06 01:10:23
753,Amadeo,Ficino,donatellotornatore@example.com,$2b$12$.B6iIlCboO4ztEj5LOrD1e3x5O3c0Zy3xEke6ZDWBDkh8hHusRa8G,user,0,1949-04-07,3856847073,"Piazza Fortunata, 9 Piano 5",Montevirginio,SS,09017,2025-02-22 04:20:55
754,Isa,Cuzzocrea,lucarusticucci@example.org,$2b$12$TO1r3ajypLtQ5tdKP.jjXOOnFl5ef5zim1zfqmpSh3UtY.9qZxIqO,user,0,2002-09-20,+39 3282526723,"Borgo Ennio, 39 Piano 0",Concordia Sagittaria,PV,38073,2025-02-01 02:35:18
755,Bruno,Altera,ramonabarracco@example.net,$2b$12$sFxFkugDkGfpvrXlZPaMJuxeS2EWW.exaVY4wH.qllerpoZYn.Uwy,user,0,2004-11-17,0789367278,"Via Alessandra, 86",Atella,TN,83020,2025-01-04 23:48:50
756,Susanna,Sagnelli,lisamaglio@example.org,$2b$12$r2ENYUiB6rIr5n8ixRGmUuLgybf5cgQJS4HWsygduB53fKkNcUQb2,user,0,1956-05-30,37779500684,"Viale Vismara, 7 Appartamento 5",Fiumata,SR,71024,2025-01-23 16:35:46
757,Martino,Finetti,annunziataerrani@example.org,$2b$12$1sMA3DvsPesZ4idbDcsDTOkXwFxfhJBzlTSz5gueC34kZ0GjKrzWe,user,0,1953-03-12,+39 0424377784,"Canale Laura, 88 Piano 6",Vilpian,FE,91018,2025-11-18 03:49:23
758,Riccardo,Babato,filzifilippa@example.net,$2b$12$WR00a2kB/SJlOK3FD2oK6.lCLi.lC6WgzFHSHKPpspt320iGfDKou,user,0,1946-06-22,+39 0574218644,"Borgo Mario, 35 Piano 4",Gidilau,FE,00025,2025-06-14 14:03:03
759,Micheletto,Gianinazzi,nbixio@example.net,$2b$12$9edg7Ah46TsXftvo0c3r4.ZpVCgJ4JFmJhaL26ZdmzVgHDVDxtTp6,user,0,2002-06-04,+39 096365718,"Viale Beatrice, 34 Appartamento 88",Torrevecchia,PT,26100,2025-01-25 02:15:02
760,Ernesto,Bocelli,fabia16@example.org,$2b$12$5QwOC5AChYX665ZSc4OOIufZAAyR3.9tsPAmqrYtxXyw4XJOzIybe,user,0,1955-06-12,+39 35109826222,"Incrocio Natalia, 0",Castel Giorgio,TP,10094,2025-01-18 14:58:04
761,Pina,Praga,judinese@example.com,$2b$12$mXZbZZFSHLCKUtl3A8BN5eU42iPsHLsQcJ6gGYgBY2biHzsTZI3gi,user,0,1940-12-27,0975927485,"Borgo Lombardi, 3 Piano 1",Ponzano Superiore,MO,07022,2025-08-15 05:34:57
762,Giorgia,Guidone,tesposito@example.org,$2b$12$arwOW34HmAxcZvaUFESdae9dVLXPL8vs5c..iQR7O0QL8Z.YTboN6,user,0,1987-05-29,+39 3505693907,"Canale Pasquale, 21 Piano 6",Bionde,FR,74018,2025-03-05 16:50:15
763,Loredana,Respighi,filippellipaulina@example.com,$2b$12$spBCCtv0ZlvhMczW3Pls/O3HRYMff/lXqFONBL3EKI2Zj.M5ahheq,user,0,1979-02-26,+39 078311966,"Viale Ranieri, 0 Appartamento 33",Vesale,NO,19135,2025-08-18 06:59:34
764,Francesca,Siffredi,carlomalpighi@example.com,$2b$12$OEuQsbfnaSey0qYqvg8xmej8sYInOf.fCkXppUFlT/jhc7V4oILeK,user,0,1954-12-08,0933714075,"Via Giorgio, 967 Piano 3",Fontanarossa,LT,12054,2025-03-26 02:22:44
765,Gabriella,Tafuri,vasprucci@example.org,$2b$12$OyrykBy2ayQ5GKPQx5kflu5lKDanbWWCEl1jgfUEz5r6uL2lGFcA.,user,0,2002-08-15,+39 09017663958,"Rotonda Contarini, 793",Rotonda,EN,55035,2025-07-16 05:00:11
766,Calogero,Antonelli,elmo23@example.net,$2b$12$SUsqLFe4j9GFRAyyXNXKfOjJZxhDgQCYzZsnlVVWzcgovTyF290pG,user,0,1955-07-28,+39 3974390725,"Contrada Tiziana, 955",Valsinni,TO,25053,2025-06-07 04:06:48
767,Rembrandt,Cherubini,arturotreves@example.com,$2b$12$eihuYgYYH4xIpzN2j/0w3udpRRAo8OC46Y.YBqz1yjh31zceKf0Za,user,0,1997-11-08,+39 0415080632,"Via Munari, 3",Castel D'Azzano,SS,84040,2025-08-19 09:20:12
768,Gemma,Borrani,sandrotelesio@example.com,$2b$12$Wwc8BlaG0cJx7mhq.rwuXeb8YUib9RUVsfxheMGagv3CQyS9pKJpW,user,0,2001-03-05,+39 054969718,"Borgo Lopresti, 85",Saline Joniche,OR,23874,2025-05-08 06:18:13
769,Federico,Gramsci,antoninomeucci@example.net,$2b$12$Hc9TZvByv2wZrYYRd5WIwO1aiLw/46./LF6bC42YZ5C0EIxAhjuS6,user,0,1975-06-04,+39 0371202826,"Via Gianfranco, 577 Appartamento 40",Villa Latina,TE,00013,2025-07-22 14:58:41
770,Griselda,Nugnes,laurabonanno@example.org,$2b$12$cwxNDGNVGT95FAjnRGLEFuurv3imnIjNCYVoj32e8ndPFfG7BTToa,user,0,1995-05-22,07614472093,"Stretto Piergiuseppe, 13 Appartamento 1",Fabiano,IS,70022,2025-02-14 09:50:59
771,Alina,Dulbecco,marcelloanguissola@example.org,$2b$12$9kzaHEjZAYn80yrvHmujsOg0N.1JsU5VNCGHo8HP9QY63WIJaDvXO,user,0,1953-01-25,+39 37551170868,"Via Iannotti, 45 Appartamento 88",Montegallo,RN,24039,2025-01-18 12:22:00
772,Giovanni,Rienzo,giosuetommaseo@example.org,$2b$12$Ks6wUYyRznLliIwJmdIrquM.3Fev06kDykp43LALUA73K3CTViGNK,user,0,1939-12-26,07734971777,"Via Luciana, 18 Piano 1",Tempio Pausania,SI,04029,2025-08-09 20:01:14
773,Piergiorgio,Sonnino,ranierigabrieli@example.com,$2b$12$JoFA4ilww0pBfFKv7P8cH.TXUt0i9MUB3yVN5LHxVvJHaK.YNZuVC,user,0,1979-05-29,0629406710,"Contrada Pisani, 928 Appartamento 2",Tregiovo,PA,52029,2025-04-01 19:10:02
774,Pier,Golgi,desiodomenico@example.net,$2b$12$f9WoVyAS3TaUciit5bnpu.s/.XYlBcQ12xn78.bhWaHsERm7UVyQu,user,0,1940-11-01,+39 09637643829,"Stretto Cappelli, 74",Tomo,MB,53037,2025-10-01 14:15:07
775,Lina,Barozzi,aldobrandilara@example.net,$2b$12$2PheGC8P37mmvoW8dHBKAuykAu5P7s/2nb4Mlh9Ibtm/hh0L4rPCq,user,0,1968-08-30,333568791,"Incrocio Mariana, 6",Cafaggiolo,PA,33061,2025-08-26 21:07:47
776,Maurilio,Lattuada,maura92@example.org,$2b$12$q5GajHynUp3UABnF.dzfiObWS0TYv3oOpblsxZCy6H24cthdhRGim,user,0,1953-02-07,0171244446,"Vicolo Cesarotti, 8",Guardistallo,FG,20070,2025-05-22 23:57:19
777,Simonetta,Rensi,tartagliamario@example.org,$2b$12$Gelbf.5PXdUU9muAxPUuveMt4E4tM2CDmU5TuZXKf8q5lptsW0xOy,user,0,2007-01-21,07653463263,"Rotonda Alberto, 90 Appartamento 54",Fara San Martino,AG,47035,2025-05-20 06:46:30
778,Achille,Luzi,xiannotti@example.com,$2b$12$G9RjAAjKeF47tciTmcQLPeK2mwqPAMRVNHaV.reA9aN2X9Fbrdv3G,user,0,1957-04-13,+39 351922232,"Borgo Stucchi, 17 Appartamento 49",Rocca Di Botte,TS,19013,2025-09-25 14:45:35
779,Silvio,Zampa,tberlusconi@example.com,$2b$12$qVpgQqwoe1uYzRlS0HqJ0OqzhZbvb/qdK5PQAwBKRUcG39oZVEx7S,user,0,1994-11-25,3755556781,"Piazza Susanna, 11",Vallada Agordina,MS,84030,2025-10-02 12:51:14
780,Mariana,Carpaccio,filippa82@example.com,$2b$12$Svhg.BoHHsnRYHVAP7.HB.GwW5J1oUDldw/QbA7uagmgpUFfQ9/o2,user,0,1974-07-01,05840112824,"Incrocio Trezzini, 83 Appartamento 58",Medolago,CT,56127,2025-10-09 22:18:42
781,Ida,Boccioni,contrafattorossana@example.org,$2b$12$u/2V0McZIyGftgUHuhOmruEFwT49uXGDWwih9x/TG94hFRaYqBq72,user,0,1983-05-31,+39 058467140,"Strada Stella, 9 Piano 4",Quarto Di Sarsina,MC,33077,2025-03-30 17:34:12
782,Gianpietro,Bonomo,dpirandello@example.com,$2b$12$xQCHKO5lsyOfBnrKvqCDpeVYcRo8NOEfDeXG0AVGLQVFNUcgJ/sB.,user,0,1971-04-19,0342769112,"Borgo Greggio, 29",Capoterra,VT,63088,2025-04-14 18:59:05
783,Serena,Curatoli,ivanniscoromni@example.com,$2b$12$7neJc9aNRyYA8Hs34l.UFO99FJ8f2.ZE7H0k3tyJnQehIEq69qg.6,user,0,1963-05-09,018721738,"Piazza Ennio, 5",Domanins,FM,80012,2025-08-21 09:36:51
784,Paola,Manunta,miloplatini@example.com,$2b$12$Myul.AbwRs02tTnSJx8XiOgKt0OszAkSsT2NcyDnOFbXhyDcjqI26,user,0,1996-03-14,+39 0890624810,"Via Ginesio, 4 Piano 2",Montesanto,PU,89818,2025-08-14 22:03:03
785,Toni,Naccari,malapartematteo@example.com,$2b$12$Ykwjpn3zUwRtkixqu88.YekwwupkpE1RGbwf0jNgCScmGB5ZRODx2,user,0,2005-06-20,0413798677,"Borgo Panicucci, 21",Falze',MI,63828,2025-03-08 18:50:39
786,Giulia,Rusticucci,enzogrifeo@example.com,$2b$12$tf6uelNd.S6pHQKZKyRbJeEqL5JJh.kCLIhTe4aWP9T4COsc3RZZ.,user,0,1981-11-14,0309596115,"Viale Gabriele, 4 Appartamento 2",Bircolovo',SA,81055,2025-04-13 19:16:55
787,Ermenegildo,Ostinelli,berninifranco@example.org,$2b$12$EXsyXYKRL.zAboug6bxQEOa2p32SLERahHAwMteOLBBCkFb1QysBS,user,0,1941-03-07,0565536228,"Canale Daria, 88",Turri,TS,63831,2025-07-30 14:09:29
788,Rosalia,Spanevello,mtomasini@example.com,$2b$12$K.WOj90s0TVzemJgyDfteeZiKO.zfk.8Jmq0vVqyMtvUZvGaXIrvG,user,0,1987-01-07,+39 0543756406,"Canale Interiano, 383 Piano 1",Aielli Stazione,BL,28046,2025-04-11 15:49:56
789,Marisa,Grossi,gianninifiamma@example.net,$2b$12$gkA7ikgL0bD1KEwdAdcARexnG9Cq/V14IAugF1Ld7uCXReN/ybVZ2,user,0,2007-11-10,0351838553,"Rotonda Mariano, 282 Piano 3",Cengles,NA,89025,2025-03-27 08:42:50
790,Piergiorgio,Sabatini,concetta52@example.org,$2b$12$e2PnLugD8T4bPLjtGnlo2OiwFtH2KzVl0cTj9HqpuqHkLupPAG0tq,user,0,1992-01-29,+39 371429139,"Viale Ceschi, 517 Piano 7",Vissandone,CH,37069,2025-05-21 07:34:11
791,Adamo,Abbagnale,vboezio@example.com,$2b$12$YZPtMzE3PRehNdrDmfhP7ezzLP.QyBKEE9MOHFw0a2EqNmR6olhh2,user,0,1996-10-17,+39 048154060,"Via Biagi, 613 Appartamento 4",Civate,PE,02100,2025-03-21 16:17:07
792,Aldo,Civaschi,ioliboni@example.net,$2b$12$uXslUCXnGEFPJWbEogrcROt3/aDgJ4sQTMEvX2hT5aFtVQZzpZJI6,user,0,1953-05-24,+39 0541851987,"Piazza Adelmo, 79",Bargone,AO,84046,2025-02-08 07:58:24
793,Roman,Gangemi,rgradenigo@example.net,$2b$12$BmvjC8p8//TWSDTnxtZAU..hJNmPbUGLb9xv/55gcJaF2td.zTojm,user,0,1977-05-02,3311773671,"Viale Salgari, 480 Piano 1",Gibellina,RN,85012,2025-05-13 21:57:53
794,Arturo,Tarchetti,gasperialberto@example.com,$2b$12$BrOcuG9CLX1jtG44rFWjRu6SXl1Nc9TSjjwWRJLpMakNpdSXoIWT2,user,0,1996-08-27,0593280097,"Via Morrocco, 92",Margen,VT,37124,2025-03-11 13:45:39
795,Priscilla,Toninelli,evangelistamissoni@example.net,$2b$12$QJ48y8/6LeidHpYHYmj.ZuwWRZ27gYRK6y6iUfWkKWXEJe07t2tEW,user,0,1961-07-10,+39 093130385,"Stretto Gustavo, 62 Piano 1",Ruzzano,AP,30131,2025-06-22 13:58:45
796,Nedda,Bosio,gravinaluciana@example.com,$2b$12$N7ZXuJtiUhhzU6J87hv8TujH7G4H.yc9XD8bczRUej1WmhvXJKMIa,user,0,1983-11-04,+39 099093590,"Via Michele, 39 Piano 3",Villaggio Madonna Delle Grazie,CA,17037,2025-10-20 04:07:05
797,Rodolfo,Querini,guglielmoscalfaro@example.org,$2b$12$DJXtoC7Po4mYWp.27moiI.oWp/4f3vKai8hwccsh7zPnor/9Aw6Su,user,0,1981-02-02,+39 078319436,"Canale Antonio, 653 Piano 4",Sarconi,PC,16029,2025-09-06 20:38:50
798,Calcedonio,Liguori,scandonegioacchino@example.net,$2b$12$.x7WEPHxXDepYVUDdVADseYii1GaZvEj9OCG0.DkaJsnFKTg72oRi,user,0,1952-12-25,017177864,"Piazza Piersanti, 20",Molino Di Bascio,RE,57126,2025-02-07 07:16:05
799,Gaetano,Schiavo,tortese@example.net,$2b$12$e6wa3vNyiId4HKEYBTCdbePk/7s3SgkDkxmd4CicZtSdX3t.b2e6a,user,0,1974-05-30,+39 08821500921,"Vicolo Zacco, 7 Appartamento 6",Pascarola,TN,23885,2025-09-15 14:58:21
800,Germana,Monaco,orinaldi@example.net,$2b$12$ITbRFotyceMUL7SLX7YT.OWXWlugKzzGWKjbK59wrI8Z30y4scANm,user,0,1958-09-15,+39 37018500173,"Piazza Sonia, 73",Prepo,SI,10040,2025-01-19 01:04:28
801,Susanna,Storladi,alessia40@example.com,$2b$12$LsYK9bHtgbJwzbe41e/N9OjeTBaD2qlTV.R0eK24rwAnuRkeJDV2G,user,0,1945-10-06,012458204,"Canale Pisani, 99",Pescocanale Di Capistrello,SO,89812,2025-01-01 20:52:13
802,Agnolo,Andreotti,bfittipaldi@example.org,$2b$12$IA6hTDewRaaJv2vb0uYdUu6t24xURzw2MHfWMLd7jNuAmg.5o/98u,user,0,1971-11-22,0565835389,"Borgo Priscilla, 883 Piano 7",Ello,MI,02025,2025-07-28 08:04:37
803,Annetta,Travaglia,dinagradenigo@example.org,$2b$12$xtfcJoMzU2h2Y2hr6msqFeoO/AIom4cb.Y5Px9SalwHsvKFnFt7.i,user,0,1986-08-08,+39 0908259944,"Rotonda Sabbatini, 6 Appartamento 5",Arma Di Taggia,TE,98053,2025-10-25 22:28:16
804,Griselda,Scamarcio,segnialderano@example.org,$2b$12$OL/DKFE4pN50wzPR2UNw.OOiMqeU58Jnz.N/li18UnWpDQR5JSnYu,user,0,1988-08-19,+39 37571569997,"Strada Lauretta, 6",Campiglia D'Orcia,ME,08027,2025-01-31 00:56:42
805,Oreste,Vismara,cbocelli@example.com,$2b$12$zd8RG3OEH62iylJNGCQ/hO5HR212opucWyMAFNAJ4uAcjTalfHjgO,user,0,1962-01-03,+39 07653068065,"Piazza Agostinelli, 0",Cerda,CL,96013,2025-09-16 10:23:14
806,Aria,Scamarcio,vincentio96@example.net,$2b$12$vrKU/0fPf/Uz4tOHqlguKO7xWKjIdcq94/sP1abCfD2QGCZePYqli,user,0,2001-09-19,0765912603,"Borgo Fattori, 316 Piano 9",Bratto,PR,28846,2025-10-28 21:45:52
807,Annunziata,Grossi,gasparepavanello@example.net,$2b$12$rsWKqn/pFc79Cq6bO699M.Apby6G5.Mywu0fcincLdkwxyb6xvcpu,user,0,1995-02-16,+39 3509287826,"Rotonda Cipolla, 837",Donnici Inferiore,LT,26029,2025-11-16 13:07:43
808,Gaspare,Casini,gemma71@example.com,$2b$12$vqxD4PfowFMPSZuwSFxK/O/lS/3r1WnMA0b/zarWfHKnJOHO0Itii,user,0,1990-05-31,3554566326,"Vicolo Toninelli, 5",Albugnano,CR,98043,2025-09-17 03:36:37
809,Costanzo,Magrassi,gioacchinosaragat@example.net,$2b$12$uR3PmG1BmxQU.RJcdO54I.5SmABOS6iBRLMrhNHyb./Q3jyGsXmF2,user,0,1987-02-18,+39 0734828938,"Strada Aurora, 28 Piano 6",Casalalta,SA,03030,2025-06-22 20:07:59
810,Teresa,Luzi,patriziamarangoni@example.net,$2b$12$nwbwBfAxJy2k0cDcffMsmOIyqB/XJs.wXh/XIpIU1OqMRdVtFneMi,user,0,2000-08-18,+39 070616840,"Viale Ugolino, 874",Alano Di Piave,CH,47836,2025-08-15 16:45:24
811,Salvatore,Opizzi,rolando85@example.net,$2b$12$fwr15Q8t1CaC5lde3PnyGOAP7siooiAJ.Og.GAUyNpJeQyRQRKHSu,user,0,1973-10-01,+39 05745047302,"Rotonda Allegra, 146 Appartamento 1",Uggiano Montefusco,TE,40134,2025-10-20 19:34:48
812,Costantino,Bocca,pellicoruggiero@example.org,$2b$12$63/1xxmnc5AMzBB59RM3U.YpxoL3LOXZY2gWLuG8E931u2FZacE.u,user,0,1962-04-14,383168305,"Rotonda Torlonia, 156 Piano 9",Fiumenero,IM,80031,2025-01-23 16:31:07
813,Luciano,Ferrante,liverottiuberto@example.org,$2b$12$W3.5ukloI7CRaljK5T5vEOXTglcz1GK8VUHXgXdLZ12ZALmAj6dRC,user,0,1950-07-02,034365224,"Borgo Morena, 838",Le Ferriere,TA,13010,2025-05-07 13:58:02
814,Fausto,Cundari,puglisimarissa@example.org,$2b$12$tKUQYFRadYwyrMaktJebnelchwbUdK4e3jprFZA1JFJcwYXfl.ueq,user,0,1951-08-04,+39 0861186727,"Borgo Rosina, 465",Trevenzuolo,VI,92014,2025-02-07 08:42:58
815,Giosuè,Aloisio,jarmellini@example.net,$2b$12$HT0yZ/Iwt2OOgjh0U1C0juSlw14kSMou0U4hnE8WoOLw3WMkADkd6,user,0,1999-11-07,35097014885,"Incrocio Vincentio, 2",Bassano Romano,CN,04014,2025-10-12 23:14:00
816,Olga,Paganini,oravaglioli@example.org,$2b$12$AuXBiyXV.WRz0bMGSmcdseHirwyRmvj.LIwGCKhgF44WhfsSQXTt2,user,0,1954-05-27,+39 040832871,"Via Giuseppe, 79",Pianfei,RA,09075,2025-04-24 02:40:45
817,Rosaria,Esposito,castiglionealessandro@example.com,$2b$12$AHW9fq/xuRv63hqsVTP6VeyTijjR9obO1.OQAK.DHR85HeyACfVAy,user,0,1961-10-05,+39 05437598198,"Piazza Guarino, 13 Piano 7",San Pietro In Lama,SV,42018,2025-05-03 13:02:13
818,Corrado,Toldo,michelangelo85@example.org,$2b$12$MEIxDTq0jPc01FZ5DjbmsedS8L3VLxVbe74Rz3va4TtZMcVCS72tW,user,0,1965-01-14,+39 3735346973,"Via Bottigliero, 3 Piano 4",Roccabascerana,PZ,16013,2025-09-29 00:15:49
819,Silvestro,Geraci,lucianogiannone@example.org,$2b$12$QLElD1.5JEUrXs8WSAnDD.eeN/cGc21Zw5XtOK8TPKMTPwKGZXCJu,user,0,1960-03-03,0734538914,"Borgo Eliana, 5 Piano 7",Vergiano,BZ,25056,2025-09-17 20:07:53
820,Ansaldo,Lollobrigida,cudaamadeo@example.org,$2b$12$UCXQSGbep3QMR6Jaf3jc/eyyV16rjjUa31jKWJ8RK9rk89pBAebgS,user,0,1946-01-03,3619955466,"Piazza Galtarossa, 16 Piano 1",Casalmoro,VV,25082,2025-07-06 05:20:51
821,Ennio,Borrani,npacelli@example.com,$2b$12$ldL1swOcDmvqt0Eu2bu8hucXFxCDwGdqxQczwpWVFmAD06Wj9T0aa,user,0,1996-01-14,+39 05650523400,"Contrada Filippini, 1 Appartamento 57",Poggio Cinolfo,TA,19028,2025-04-20 00:07:04
822,Benvenuto,Buonauro,scadutoangelo@example.org,$2b$12$uUnSlFvMFXkwrrJWr8fNNuKG70ce7Tw4knkweG1gD4xubPM8lfYMa,user,0,2005-04-15,+39 0362392542,"Incrocio Schiaparelli, 65 Piano 2",Seppio,SI,95126,2025-04-06 20:56:19
823,Pietro,Barillaro,adriano20@example.com,$2b$12$.L0EmoSYargoavTQlCt8xOHBfdrUMHhPhcNgGibEsh6mqjUrJ4J8C,user,0,1969-04-18,0942907128,"Contrada Pastine, 86 Appartamento 6",Bonferraro,VV,90013,2025-04-20 13:10:06
824,Gianpietro,Trobbiani,petrassimartino@example.com,$2b$12$dVYszrAoT9oQe1fO9C8xy.ElIs2B06XGkBZU5kYVRIvMWAgXQ9N..,user,0,1951-03-07,+39 057704550,"Strada Fibonacci, 32 Piano 5",Fiumefreddo Bruzio,MT,32046,2025-09-25 21:08:11
825,Gioachino,Benussi,gionatacurci@example.org,$2b$12$WKKnE0ITEdpl/TSo2s8aiuVJDvjJ6quifhct/yIYVjiquXDHrxJHe,user,0,1978-09-11,+39 376095536,"Vicolo Caruso, 633",Campolattaro,PA,14046,2025-03-31 06:17:46
826,Filippo,Tognazzi,sbianchi@example.org,$2b$12$MvGO1CWd0joXNDsac48H/.rtOg0JwKeIi3oPNCpaSEN1GGnEFQHjm,user,0,1957-01-13,3919355175,"Viale Luciano, 973 Piano 5",Madonnuccia,AQ,10155,2025-07-30 21:01:24
827,Gianmarco,Salvini,germanopatrizia@example.org,$2b$12$py4qXF1TSd1rhed0x/Xhf.VCIxtpTzJ6d/fuzbqgQh/4StgmRquHm,user,0,1964-02-10,+39 3501214126,"Canale Pompeo, 96",Ceniga,FE,89056,2025-06-04 08:26:37
828,Benito,Bondumier,nino43@example.org,$2b$12$nqv2guhxYRgMS6g5UwkXeO32EiEG8nMeYWTcp7KDqhiz/ErheWFdW,user,0,2001-03-06,+39 093459117,"Borgo Pellegrini, 318",Grazzanise,SO,28072,2025-10-18 16:07:06
829,Fiorenzo,Bocca,xaccardo@example.net,$2b$12$o8/R8jaZqtum2e3JqeaGDuWTtpWQHnulC5llIA.5P0vP3RSopLi1y,user,0,1991-06-14,+39 331184082,"Canale Raffaella, 6",Villongo,OR,63857,2025-08-01 00:36:56
830,Chiara,Pacillo,ginoaulenti@example.org,$2b$12$Qi1ylcXEMZ/AnLXR6S0.VufFcU3FiSxz4cRW2exeDmrZy/SdM1KB2,user,0,1963-04-12,+39 034172094,"Canale Gotti, 73",Sant'Ambrogio Sul Garigliano,RA,87053,2025-04-26 22:39:54
831,Raffaele,Armani,rnatta@example.com,$2b$12$r6DOaKiiiG9UUv.U.Hj3sOwMumUqbi7z6rKaiYbSvhzX75LCPGoy.,user,0,1943-12-20,+39 044567678,"Borgo Michelotto, 2 Piano 2",Laigueglia,LT,86096,2025-04-03 02:44:40
832,Eva,Curatoli,annamariasaracino@example.org,$2b$12$YH7C5naalg5FzkWD5VUS0.nkCYKSo/NUZfVamC9fT0BDUzvGRS8oe,user,0,1991-09-07,+39 01650712763,"Via Cimini, 60",Casa Forlai,SS,83042,2025-01-30 14:11:16
833,Arnulfo,Nitti,zabarellafabia@example.org,$2b$12$ifMrgAEUynRfd31vM6VDQ.n3oihI6C700hJsW6dCpVnvG3wew6M6G,user,0,1995-02-04,+39 0375195072,"Canale Scarponi, 59 Piano 1",Cossano Canavese,AP,26852,2025-08-30 12:15:13
834,Ansaldo,Golgi,ucalarco@example.com,$2b$12$aGedyWsW/V3Vhxu0XwGBOO4HKNZc1/YbNs8ZyFFd9ZSPN57xbLUba,user,0,1949-02-15,+39 07829724859,"Borgo Puccio, 8",Borgonuovo,KR,58014,2025-03-24 19:54:19
835,Elladio,Amato,silvestro64@example.com,$2b$12$w5zF4Ls.3pKKAcJQsE.7e.Pak9BgAGrW4okSbS0ngak9QPHkxEtVC,user,0,1996-08-20,0950310071,"Rotonda Maspero, 41 Piano 6",Borgofranco Sul Po,BN,40037,2025-06-03 23:56:32
836,Fiamma,Bellini,milo58@example.org,$2b$12$yTbW0caymoxrQ6PtHHKUveSUwUbqOUhQcOayKLUV50zliXsuUor2C,user,0,1984-01-26,+39 0341460068,"Strada Federica, 523",Girardi,PN,97014,2025-07-03 04:26:45
837,Roman,Carriera,tedescoansaldo@example.org,$2b$12$6RBolIGNyMOyHyY7YoLp1.FZa8ihAI2vg3H8G8Z/cKl5ilu5lU2Hq,user,0,2000-03-11,37918356451,"Viale Fabio, 57",Moggiona Di Poppi,PV,64023,2025-06-20 07:34:10
838,Armando,Colletti,tornatorenicola@example.com,$2b$12$HZbXPRb9aWC.M5cbb50V2.ak6I.f7OXedUO5LhaSr8IQgr2esfeXa,user,0,1983-11-01,+39 0332042320,"Strada Mario, 82 Piano 2",San Rocco Di Piegara,RE,14014,2025-04-10 04:13:05
839,Luigina,Boezio,giustino79@example.com,$2b$12$u.QMrORbEGlraI726FxNCOP6zCBQ8be/lE.8VizX2qainNKx81F/i,user,0,1971-04-14,035449607,"Incrocio Catalano, 4",Celleno,ME,15060,2025-01-17 15:01:52
840,Rita,Longhena,dpelli@example.net,$2b$12$O6nA8YnQK4IIIr5WnK99g.HU1efIC5g9UZ5OvzGepvI9.xg9vTeme,user,0,1961-12-18,+39 3777038022,"Contrada Nanni, 76",Alanno Stazione,TV,54035,2025-09-19 06:34:21
841,Lucrezia,Giannetti,orazio70@example.org,$2b$12$PA47Qhi0Ss3WcT9nu24oEOPifay1PE4Ms8h0piXF1VTDyFYUDdsd.,user,0,1959-04-19,+39 3711677943,"Incrocio Trezzini, 40",Zenson Di Piave,CE,15053,2025-10-28 14:30:28
842,Alina,Garibaldi,qpalladio@example.com,$2b$12$XAn0geBKmN8MpQora/ThROu7lcGDnr/GBOowu.521RPruYtBXcDAC,user,0,1947-02-10,0124875643,"Rotonda Pompeo, 12",Manerbio,VA,71037,2025-04-03 03:29:50
843,Lauretta,Cugia,gussoninadia@example.org,$2b$12$.s8B9euKgkGHTDIiEDVof.qqtCcJqm5O59vmW5ICxn/KG09J83SDW,user,0,1959-04-29,3440190705,"Vicolo Papetti, 62",Palmanova,PT,64037,2025-02-04 20:20:10
844,Nedda,Bertoli,franco07@example.com,$2b$12$iKw65kfqrY1J/7ZhmVRi.O9iPo/NP2.Gj181jdljuDssjQRdv/bii,user,0,1950-02-23,+39 33170831730,"Incrocio Fusani, 86 Piano 6",Giuncano Scalo,GR,67023,2025-07-17 17:06:05
845,Ermenegildo,Benedetti,yfioravanti@example.org,$2b$12$fNgCvTRaN51k5o0Sj5dGAuss1hJgZBO9J19x4tDxsmffnjJLMizcC,user,0,1997-04-14,+39 350080393,"Vicolo Pierluigi, 58 Piano 4",Orsogna,SU,03022,2025-03-04 19:04:23
846,Vincentio,Gasperi,marianaponti@example.net,$2b$12$3qKIwVjWMDfVyfV4Dsx9he0R6NQTDy2dgPArwR0wjMqfC9ovRxMp2,user,0,1962-08-16,+39 0183021137,"Contrada Barzini, 399",Neumarkt,CO,46020,2025-10-09 19:10:46
847,Romina,Raimondi,oraziomarangoni@example.net,$2b$12$df8aue94mSQAEiQD/hsb6OExAxJbglwQI1pf1GdciyD6zWz2FZHbq,user,0,1950-05-07,+39 077495276,"Strada Caironi, 23 Piano 5",Villa Serraglio,FG,42031,2025-01-21 14:40:14
848,Gianni,Bignardi,mondadorimaria@example.com,$2b$12$EXq2.hkulpZHr.HH0NQpMOtb2JwALA0rla9X5tUDdqVakFUBe5M3C,user,0,1966-04-02,37929640182,"Vicolo Rossi, 1",San Lorenzo Peveragno,LI,95013,2025-08-03 07:26:15
849,Mauro,Anastasi,kfolliero@example.net,$2b$12$JU4wE6IVmXcNsPYwbeOv0.iHImdBqSNZePFwa7NVAxHN0f2E5f1Ii,user,0,1982-06-03,+39 0862937762,"Vicolo Marissa, 13",Borgo Fornari,PD,13048,2025-10-10 10:00:21
850,Vincenza,Pederiva,abbarenzo@example.com,$2b$12$k8GRBP.Dv6ymKspZX4S9/exLcpUmWafCdiOGOx/wlwwybqp.5fYyS,user,0,1958-02-07,+39 0703209396,"Borgo Galiazzo, 1",Lurano,BT,17035,2025-05-19 04:40:13
851,Giacobbe,Caironi,maria03@example.com,$2b$12$JPdH/SEZQUESaOTyRi4oHOyjmrjprN5sN4Ai8ztVtWeXOboMXmyOe,user,0,1961-06-25,035137266,"Piazza Cherubini, 7",Colombiera,BA,40043,2025-05-26 03:26:25
852,Roman,Trezzini,griselda61@example.com,$2b$12$.ITiLCRbHhpJYwKqqRxdjeuOx468XGfTBjr5GNhUQR/fG.tEjMgHW,user,0,1942-07-25,35099792069,"Stretto Belletini, 782 Piano 6",Cogolo In Val Di Pejo,PV,53022,2025-10-11 04:43:19
853,Sandra,Fibonacci,ceriteresa@example.com,$2b$12$Mr3a63PZ40/sditxmYu13uFDC1blY8wMaqZKZDlLofdTVqZD.RuoC,user,0,1990-08-11,+39 3935402543,"Viale Venancio, 71",Camaro,FG,32015,2025-08-23 08:32:15
854,Fedele,Nolcini,ncesarotti@example.org,$2b$12$KfCzpQAroBW7YZQYupoe3uPiYTbEb0eSJHbp8.ZdqKfC6nR2qIl4q,user,0,1989-01-22,+39 0932426931,"Strada Bartolomeo, 1 Appartamento 82",Reggio Emilia,AO,89027,2025-03-21 13:38:17
855,Dario,Greco,gravinavictoria@example.com,$2b$12$AeBfEQBBf.kC0Jet7/2tZ.sZKpGZcz5HoPr36fKcLuU9TEgZNnFe.,user,0,1988-02-17,3343244434,"Borgo Patrizio, 93",Salbertrand,BG,55042,2025-08-27 02:16:04
856,Donatello,Cocci,alfioroncalli@example.org,$2b$12$ol5xjXjdN0uFmaCVRdA6j.v6eSL3gpKk0hcgCeSd57us4wmPocBFW,user,0,1997-05-03,01586708754,"Strada Nievo, 855 Appartamento 99",Parona,UD,20874,2025-10-28 23:38:49
857,Bianca,Travia,evangelistatreves@example.net,$2b$12$w5iUqKwzUhnHJw70Hq4aNuGuOJIPb3/PG4Czmo.8T0.loBJmYDV5O,user,0,1970-02-05,0544957621,"Strada Flavia, 58 Appartamento 3",Valmadrera,TO,14031,2025-11-21 17:42:50
858,Giorgio,Scaduto,castellirocco@example.org,$2b$12$JRwfHVVWsLdmMhL3OBG.cuVEwA6e64JNL.TOXhaYYbndkieZvBJpy,user,0,1993-06-03,0523196134,"Vicolo Pierluigi, 615 Appartamento 5",Castagneto Po,AR,60043,2025-09-03 16:55:49
859,Anita,Santorio,barbara93@example.org,$2b$12$UEt7UjDLbatr9O/IXmo0zeoOo.kj2i.HRnZhw8i3.xoSJf3xmk1Ba,user,0,1987-04-28,+39 33032527121,"Contrada Sagredo, 436 Appartamento 65",Battifollo,RI,87061,2025-04-13 06:41:09
860,Piero,Pederiva,lruggeri@example.org,$2b$12$2agzfZO1DPG1Ld4hCPQrTucrR4AJe4vXG8uszF4Qjq6vy7vYYIIOS,user,0,1960-05-10,033173826,"Borgo Trincavelli, 931",Pieve D'Alpago,AO,61034,2025-10-05 23:56:00
861,Pasqual,Montecchi,beppe07@example.com,$2b$12$f1J3ZvtIutl1IdHOJAIKQu.0tgNQl4BGnl5eM8WZKV8ZgAgnTp7.6,user,0,1957-09-04,0934014330,"Via Crisafulli, 5 Appartamento 1",Osnago,CS,09084,2025-03-24 17:54:48
862,Armando,Altera,fabriziabinaghi@example.net,$2b$12$XBGgGQW/pGHWahEsXen5vu0W3QNmXDgpS/nxYg9P2SvcpZ/OU2JdG,user,0,1982-04-04,3773110544,"Vicolo Aria, 19 Appartamento 9",Ronago,PD,71043,2025-05-04 21:58:38
863,Ermenegildo,Botticelli,maurotomasetti@example.org,$2b$12$4L9E1jTnbhxuTvaTY3AeEe1.udt2bdnsgisNPa6GHJQb7UpmTM/YW,user,0,1975-11-04,0375368959,"Rotonda Paolini, 2",Niella Tanaro,SO,46017,2025-05-11 16:54:16
864,Adele,Rosmini,libertoargentero@example.org,$2b$12$hGV3.2PQuqnKlfPVcziOOujdFmE4WIOh80tjHZhcyom5kCGwAVD66,user,0,1998-10-30,03422752802,"Stretto Chiaramonte, 2",Testana,CZ,44030,2025-08-15 22:52:28
865,Giosuè,Legnante,ciro13@example.org,$2b$12$ioYxMXsuC/dL/ngcMa4es..pOxaqdwrXdJWNTAOuZtTlJDERzlstG,user,0,1965-01-09,35200649599,"Canale Lisa, 52",San Martino Di Lupari,TR,43041,2025-11-25 01:29:41
866,Gianluigi,Fallaci,piergiorgiopincherle@example.org,$2b$12$mqAJRADyVIYFVvojj7NQjOxH3iA/ogwHdus02jX/xJ6QWLSxe9xT.,user,0,1978-11-03,+39 0119823892,"Rotonda Angelo, 24 Appartamento 5",Catenanuova,LO,20123,2025-07-30 20:47:26
867,Rosario,Pezzali,mauriziotoselli@example.net,$2b$12$m1z67nB8tWrsQzxdWBKiIeiBCfXq.wlikN6hgjMe3SXta.MJ9R0Xq,user,0,1976-03-11,01615913756,"Borgo Fracci, 87",Ponte A Cappiano,GE,07035,2025-09-24 01:56:43
868,Saverio,Pastine,teresacasadei@example.net,$2b$12$CiD5mJbXuiIIcW/IW7I1P.Ay8NaN0LcUYNoD0f.zgiwGGNkSzMAhG,user,0,1947-12-08,+39 04385629258,"Strada Cirillo, 794 Appartamento 66",Migliaro,PE,23849,2025-07-01 22:24:13
869,Antonia,Scotto,acusano@example.org,$2b$12$KcUUDjygEx8Qm5DoichG3.Qz3mXQerrBgWZlHR8afE9ggkZ87CVhW,user,0,1940-10-26,35123809388,"Canale Leonardi, 53",Timparello,VI,80038,2025-07-07 20:32:22
870,Letizia,Mazzacurati,gioachinozarlino@example.net,$2b$12$Ksc1KYo9N5lOUpGCwmq6Bu1O5.lQp22xAp5Ynu04cqmitn68rYegu,user,0,1947-02-07,07372175216,"Strada Pergolesi, 18 Piano 5",Ranchio,SU,02039,2025-01-31 06:33:13
871,Ennio,Broschi,raffaellodetti@example.net,$2b$12$sP2tIJ3qS4HK85MpUv/GH.jbpQj3wAcfSR0mmqxXAqT9YLPi7frf.,user,0,1950-06-06,05752598754,"Rotonda Parisi, 873",Pellizzano,VC,28845,2025-08-18 22:16:47
872,Fabrizia,Cerquiglini,dina51@example.org,$2b$12$mou3vvTphjkhv6Q6LNr0Oe4rYuaJO4G6Yu7OgKyowcwubgplsijOW,user,0,1947-08-24,+39 34293973775,"Strada Detti, 680 Appartamento 2",Berlingo,AR,09021,2025-01-19 06:06:55
873,Maurizio,Bottigliero,massimo71@example.net,$2b$12$sSjKN5cOgE.8ngH7x0uQz.gmnn04V791m3uCQ0U5EqIMc2Jby55ze,user,0,1964-11-03,0573090028,"Canale Costalonga, 28",Calcata Nuova,CO,85014,2025-11-15 15:12:16
874,Arturo,Forza,pina56@example.com,$2b$12$ENAsvOBhWD5YxE1Pjwj8cuXebVfqHpTPCaqQ6lFukJaM3EfieBqea,user,0,1979-09-12,37579987859,"Borgo Marangoni, 9 Appartamento 3",San Donato Val Di Comino,CZ,12017,2025-02-14 18:44:06
875,Angelica,Bondumier,xbertoli@example.com,$2b$12$LLU265PbAFxMdHU90qhszeijlCWxaVwEeA4tCgYPRzlaopzttVxFm,user,0,1969-10-10,+39 375586521,"Contrada Zoppetto, 44 Piano 4",Tavernanova,SP,92012,2025-01-10 11:22:02
876,Telemaco,Orengo,nedda44@example.net,$2b$12$u85rUSUns8HJ5pWTY5BfmOf2Y6fjMuGXWvoyvY8wwMyKx6lVFxX/.,user,0,1996-12-23,057873281,"Canale Lussu, 0",Spino D'Adda,SU,93018,2025-11-01 18:26:14
877,Maurilio,Bonolis,sandravasari@example.com,$2b$12$AARsoATW3xC1ReXt0JaNi.ZffQ/fGLfaPZOdfFxGHBq72AVWLWICq,user,0,2002-11-18,+39 0922270652,"Strada Torricelli, 3 Piano 0",Mandanici,BZ,07019,2025-07-02 12:12:09
878,Daniele,Mengolo,hpacetti@example.com,$2b$12$XBe35KrlUGemRHhMrDP5U.CztQ9wPbZtsz82J/fkVLa7hMtxwIkaO,user,0,1978-01-12,3517636299,"Incrocio Iannotti, 90 Appartamento 58",Reino,AQ,33020,2025-09-16 17:34:54
879,Temistocle,Cesarotti,pierina82@example.net,$2b$12$2bHjncDRUUZEtr0DILiB0OSZzgCpeuE.ADhJNATvLU93zd6BXYZj2,user,0,1944-09-07,+39 0557319397,"Piazza Babati, 93",Trivigliano,TV,85014,2025-09-17 02:29:08
880,Allegra,Scamarcio,giacobbe89@example.net,$2b$12$fWHfSszcULCvrcvUB7xMqO5lnFufXgYclfKRduBi3zSADvKWUNZX2,user,0,1949-10-27,04320690887,"Viale Federigo, 63",Bussi Officine,PO,41026,2025-10-05 15:33:49
881,Clelia,Novaro,ramona13@example.net,$2b$12$RSFUT2RjIShDkvp.IwXBDu.2CR7cuwQkQc33eUzrUBX0.3XR91VNW,user,0,1955-05-31,0775951572,"Strada Michelotto, 33 Appartamento 20",Labro,RM,41053,2025-11-13 07:29:13
882,Danilo,Bignami,ctrapanese@example.org,$2b$12$Ii5fD2l8wtQdf.nXF0Q3M.FJRc7yyNJnEq2MEIijClbI7HOdrUaDG,user,0,2006-02-23,3780744368,"Borgo Raffaello, 38",Cervignasco,PA,05100,2025-03-21 20:11:58
883,Piermaria,Ottino,vincenza22@example.org,$2b$12$EL4xwBNesJoRF1m3VbD/QOqF3kipLR6jafLIM8yznJ8D78ctGSHAW,user,0,1955-04-14,+39 0735597392,"Incrocio Falcone, 14 Piano 2",Cesole,BG,24061,2025-01-12 22:22:15
884,Vincenza,Veltroni,ippaziocasale@example.net,$2b$12$zfsxN7fgQdP8dw5aX/K36uZs6p5/hNFZgvr0PEEN2fs8e/EEucGIi,user,0,1989-11-15,3559133454,"Vicolo Isabella, 980",Mezzana,AL,24063,2025-11-05 11:32:33
885,Ruggero,Moretti,giulianomolesini@example.com,$2b$12$9BVAZcMl9v76V0hgwp3mWOtSlnRROED4CCeKB6Ry4XfpOMZzda/lO,user,0,1963-08-29,3757458663,"Strada Laura, 16",Torrioni,CZ,14053,2025-01-13 06:47:42
886,Gionata,Moneta,ilariabernardi@example.org,$2b$12$k5k6JyF5C4jR6SDTsgeugO5L7UO978HiCuqW.TZr66OyApMnZw01a,user,0,1967-01-04,3892241997,"Borgo Marzorati, 59",Nera Montoro,SA,09079,2025-04-16 19:27:28
887,Romeo,Panicucci,boccherinimicheletto@example.net,$2b$12$gaEEIY8/EfXnPSD9ierJtON8D7CkcfQuRK1qZ5//ZUlQthKzXFrV2,user,0,1946-01-15,+39 01667419879,"Strada Tonia, 48 Piano 5",Genzano Di Lucania,AT,30021,2025-05-22 15:10:17
888,Goffredo,Sokolov,manolessoarnaldo@example.com,$2b$12$eegIEbBhPIclhg/V27F8leZaBFiduNaCMfcLoC13Lfboo4kKjhUzi,user,0,1974-05-14,0432824237,"Piazza Riccardi, 61",Eraclea,PO,58025,2025-05-10 18:35:41
889,Baldassare,Anichini,domenico04@example.net,$2b$12$gGmqC5/6urpQsRa83zsMU.JH81p549ihVtYqJChq3VtDwNuSRaaR2,user,0,1991-08-29,+39 376084548,"Incrocio Arsenio, 4 Appartamento 55",Luzzogno,PV,10050,2025-07-15 09:16:27
890,Federico,Bonatti,raffaellino89@example.net,$2b$12$RH4qTx8.r1TXIxnfDUj6OuPZEWYxp9XUdbgFIaAfa6g7FCm3IRaWu,user,0,1993-08-26,+39 3733083881,"Rotonda Moccia, 84 Piano 9",Solaro,UD,71016,2025-08-21 11:06:13
891,Gastone,Ruggeri,gsalieri@example.net,$2b$12$uyFNbuJRGem5XYyda2KxrOvjnJHTJyujRdJJ0872d.9QF2Zqe4K8u,user,0,1994-05-31,+39 0571067738,"Borgo Angelo, 85 Appartamento 78",Magione,BO,40055,2025-02-05 01:06:30
892,Lucio,Cimini,albertiniansaldo@example.com,$2b$12$rl3Rm30L20Cua3grK4JeieAr45ooL/g7x.4Pwb1FQ0fQtwjh.L6Iu,user,0,1950-07-12,0150521932,"Piazza Gioacchino, 29",Villanova D'Asti Stazione,SU,37021,2025-06-27 13:52:42
893,Maurilio,Borsiere,borranifabrizio@example.net,$2b$12$tlOCoWjWAvgDlo3dQZQ3Lepdl89OrPzDj9Vko4AQutZ4T9NPUnKt6,user,0,1979-02-26,0961859159,"Viale Massimiliano, 46 Piano 2",Sant'Angelo In Formis,PU,13815,2025-09-04 01:10:37
894,Maurilio,Gregori,costantino25@example.com,$2b$12$zOzLOxjNKgO1vZhVwE2NU.sCT97ZLv13ewYkllCFjoCJ0ZYiefNsC,user,0,1975-02-21,+39 032154712,"Vicolo Bataglia, 470 Piano 2",Lurano,FC,16147,2025-08-05 02:17:13
895,Guido,Cimarosa,patrizia66@example.net,$2b$12$zdzO93NXxUXZ0alH4koKcuyUHC9xmTxYB.ZphQZUYpXcGmnB5WVXy,user,0,1997-02-06,+39 0773771844,"Rotonda Trapanese, 2 Piano 5",Trequanda,NA,10078,2025-11-15 01:30:26
896,Liberto,Tomasetti,nraurica@example.org,$2b$12$frz7ZR9w84lVrA.SowyvFuOsClCkxincOWEUeWb.7OHTZ5.jUjMsm,user,0,1959-10-02,+39 337862032,"Canale Annalisa, 20",Pumenengo,BL,61047,2025-03-28 13:15:16
897,Fulvio,Stein,toniafagotto@example.org,$2b$12$7/SieOmO3i8ajXmqyyR44uh1GCMc3tsKeVeIhIXYYVmcGjqWQp8P.,user,0,1954-01-18,+39 05440089103,"Vicolo Orazio, 5",Bussana,MN,90135,2025-10-22 17:27:54
898,Baldassare,Faugno,gianpietro40@example.com,$2b$12$jTLG2/D7LVjqVWkJBfvSZOxqmDGr4XnzlYRUWAbxmTMoFpvYNHt/a,user,0,2003-06-03,029676597,"Via Lazzaro, 8 Piano 5",Valdastico,CO,84052,2025-04-16 09:32:13
899,Licia,Vento,angelopedroni@example.com,$2b$12$IsYZGfdPimamr5KaSbCB6uvMaDn2.dUwHe6V5RGqRA8Zkw9485atS,user,0,2005-11-18,33350373222,"Vicolo Sanudo, 2 Piano 4",Villetta Sant'Antonio,TO,83047,2025-04-10 14:27:35
900,Michele,Granatelli,sophia54@example.net,$2b$12$.j2GKMp4bMWlwJrI9d3Llef.HAGE7sDkKZRfXQcS6otR/aO9FmeWm,user,0,1961-04-20,+39 3755707683,"Borgo Platini, 86 Piano 1",San Giorgio Scarampi,AV,89064,2025-09-23 06:29:46
901,Ornella,Tagliafierro,ciannucci@example.com,$2b$12$Wtq5id2OhrlW1.KVI/HVm.uPjTZIqkdVc1xbH/PP1UadjPt1v7WGq,user,0,2005-12-05,+39 355261981,"Canale Trentini, 3",Messina,LI,64014,2025-02-23 20:03:57
902,Telemaco,Gozzi,telemacoanastasi@example.org,$2b$12$SCMBbpFdgWOxdkMyOxt2/O.5GJv1XxLAza14KOCq2/jw98SjBaiRO,user,0,2000-11-15,+39 0952981902,"Vicolo Paoletta, 2",Isola Morosini,KR,61024,2025-01-31 06:40:26
903,Sandra,Galilei,tatiana80@example.net,$2b$12$PvCSSmyVtgWfvlbnqb/JfuGcpIk83pkqi8HySEiumZ4aOmnVnJWA2,user,0,1982-06-15,3415167864,"Rotonda Dina, 61 Piano 5",Santa Croce Cervasca,PV,17042,2025-04-29 16:06:09
904,Giustino,Cagnin,salvocalcedonio@example.org,$2b$12$xwYyNnkn8GPPl5fKYkmifupehn4DRn0wRI.r0GrDTZsHdXyrebZAK,user,0,1978-05-05,0565178007,"Canale Beccheria, 545",Croviana,AP,84099,2025-10-11 03:05:05
905,Germana,Polesel,oajello@example.org,$2b$12$ev2PGmf5n.gf.COjAaoXdemUkYaee5PGtiwY0tkPPhizo/b6vpZom,user,0,1953-11-01,05830025816,"Contrada Falcone, 727",Montalenghe,SR,26013,2025-07-16 10:37:33
906,Leone,Prada,danilo41@example.com,$2b$12$q7qDQRIs8o7gO.jIWfMIMur8QLU0NemeQKtygkB/0KD1t/y.OhADG,user,0,1996-08-30,+39 037309030,"Piazza Cristoforetti, 1 Appartamento 11",Verdellino,CH,03042,2025-05-23 00:53:58
907,Dina,Tasca,giorgia02@example.org,$2b$12$23ZugeQaQQ9NjULL.UEsPeNJxiigDJJXTPUQJIc8t60EGTbBgLtda,user,0,1940-06-05,3517049084,"Canale Gianvecchio, 35 Piano 7",Tuenno,PG,86011,2025-11-06 17:51:58
908,Raffaella,Morabito,kpistoletto@example.net,$2b$12$tuYzpyavK63ikXqFhvT2XOpXixJWrI1WA91h8V8ePfi5cmJ4GF4kW,user,0,1980-03-22,0541290737,"Strada Gianpietro, 383",Ciampino,BL,95045,2025-02-02 20:51:22
909,Loredana,Tropea,gastonebajamonti@example.org,$2b$12$hpsE3poFbFeZYbPMSwS8QOXYtM97tSj63qQvtPp5.h4b2wBy/ObIy,user,0,1961-07-18,+39 0784815565,"Via Alessio, 34",Porto Ceresio,LE,25134,2025-08-16 09:19:05
910,Pina,Verdi,franzeseantonino@example.org,$2b$12$b952wQ1UO3UzoaUB9Eh62u2lniMulbzRbKtPJJOZJxs.PVzxUOCSW,user,0,2003-06-28,0195154805,"Via Valentino, 937 Piano 6",Uggiano Montefusco,PD,31036,2025-04-18 00:25:21
911,Giulietta,Mascagni,gianluca01@example.com,$2b$12$SUoElLrHwT1bnzABMt/OGe79HxMsOab0zubIeP24ZSPpXOAPyUOdy,user,0,1955-02-27,+39 057111397,"Viale Gioele, 894 Appartamento 32",Monteaperti,PC,00133,2025-06-09 23:22:46
912,Armando,Einaudi,michelotto08@example.net,$2b$12$Vct7BzUxwEM5ikg8tUaR.es2uDfhnv9qsf3Zf/XsW3SbrcGrFy5GW,user,0,1978-11-21,392950182,"Contrada Fioravanti, 85 Appartamento 1",Villanova Di Guidonia,MI,20098,2025-08-01 06:09:34
913,Martino,Albertini,hugoaporti@example.com,$2b$12$DhFSNZQOSU4MwOSSi4I1E.V/Qm9H/dVSpFauj4.BdOF34z27v3taS,user,0,1981-10-12,+39 0782330093,"Viale Berrè, 6 Appartamento 93",Medicina,VR,53027,2025-07-06 22:14:13
914,Nanni,Curiel,xajello@example.com,$2b$12$vC3i/nOKjZbSV0B7UtGheOOBZm/W13aZhc3mYwUV1uZmDpIaHksB6,user,0,1998-03-09,0884033630,"Strada Farinelli, 58 Piano 5",Varano Marchesi,RC,26828,2025-03-26 21:30:04
915,Luchino,Galvani,vincentio54@example.net,$2b$12$F75EAMAgsva4eWTyAODVaeiX0M2QQaM7E.gM21nvjoaF7Ru8jPFUS,user,0,2001-11-07,0731903699,"Strada Campano, 294",Monte Urano,CO,03020,2025-05-10 16:13:26
916,Virginia,Mercadante,raffaele80@example.net,$2b$12$SVoaqvo/OfT1nd2Sar5QT.E1UzIu/BaXpfCwND6ZWLvOtRlbgKypW,user,0,1971-08-01,3516447906,"Contrada Salvatore, 854",Borgata Ottavia,BZ,10153,2025-05-07 15:53:02
917,Silvia,Brunelleschi,benvenutoolivetti@example.net,$2b$12$VMNT4MM0QBfOBkBHM3c/auifGxSCKu7igIguUmdZWe1roN9tj3nHO,user,0,1989-01-21,+39 0302313911,"Borgo Ricciardi, 80 Piano 8",Mornago,VC,35035,2025-09-06 07:32:58
918,Piergiuseppe,Iannuzzi,virginia03@example.net,$2b$12$BkWdwXWxdH4uPItecGMOi.NRFE3X/rbxYT01Gh9PxAfkYl4GoSpuq,user,0,1948-03-31,3518720064,"Strada Pinamonte, 32 Piano 7",Karersee,RA,23024,2025-08-06 19:55:54
919,Eraldo,Giannetti,carusolina@example.net,$2b$12$9s/REqZp3gqlYZbSqXFtx.SP8fdvkJMYmKacMls4KV.fhxWd8vszu,user,0,1974-09-01,+39 083560670,"Piazza Marini, 12 Piano 4",Colle Brianza,LC,04022,2025-09-30 04:12:46
920,Panfilo,Lettiere,nlombardi@example.org,$2b$12$tims9CU9.9px0BaMgGtDFOS4y.Wxi28UitZJsptpg60FfnOdvgk4m,user,0,1982-03-14,+39 04718693398,"Vicolo Giampaolo, 43 Piano 5",Varmo,FM,35022,2025-07-20 23:44:30
921,Dino,Amaldi,tatianapalombi@example.com,$2b$12$vJ36OnKJk.lpr5gffG8Ds.VECZk11HhJ3ApEC9/oiRFwS8oEmcbJe,user,0,1968-09-07,+39 3778095434,"Rotonda Delfino, 4 Appartamento 6",Santa Caterina Dello Ionio Marina,GO,50032,2025-07-17 01:19:15
922,Angelina,Viola,veronicabeffa@example.net,$2b$12$x0iBYoY8ZD.KF2Ma10sxBOY6/u42h0FAu2ylKqv29aBoZeOZX8oXS,user,0,1989-07-01,+39 37606620317,"Canale Rossini, 7 Piano 2",Seravezza,GR,25040,2025-06-28 16:30:04
923,Morena,Gucci,angelina39@example.org,$2b$12$TerB.O4nwe3BfhGfr//uKeZeD9FTAOukFw3gFfE0Sk3hPejyxqQEq,user,0,1968-11-03,+39 03729092727,"Rotonda Crispi, 89 Piano 1",Cadine,RN,09170,2025-11-24 13:26:34
924,Mirko,Finetti,tonino60@example.net,$2b$12$PvFUPEhGAQ7e595/jVFJru88sZkSUm/iB0hsE00/5NfwV2fYvcOVe,user,0,1975-02-25,0125686479,"Contrada Temistocle, 97 Appartamento 10",Alpe Di Siusi,TV,09020,2025-03-01 10:50:01
925,Dina,Pirelli,coccininetta@example.com,$2b$12$cbyEGCq66y1t4xvKzfpM0u6O13zYNJVAASN/IgNFZ5z/AmgR2TsNG,user,0,1977-10-23,+39 0925743577,"Via Bettina, 3 Piano 0",Ca' D'Andrea,SP,52041,2025-08-19 00:43:11
926,Raffaello,Toselli,giosuelupo@example.org,$2b$12$VWPjYv0/AyEOv.bB040BOOrB7IjEUw8LpAcWJrKtcz972lmwPF.bW,user,0,1980-09-12,+39 3230648378,"Rotonda Arsenio, 84",Frassino,UD,14017,2025-09-21 20:40:27
927,Filippo,Guinizzelli,emma52@example.com,$2b$12$BqfI5lDl3TFxMfhAFtzafeUqTlG4ldIgtS4U.McpV6Z/XDZvzS1be,user,0,1955-05-29,+39 0555777195,"Stretto Zeffirelli, 6 Piano 9",Missian,VB,81054,2025-07-09 18:21:14
928,Manuel,Brugnaro,apertile@example.net,$2b$12$29euRA5xQstTW39bUxyFGea71rYiV27oJvBiLWQ97utH7lDlNzrE2,user,0,1982-09-06,+39 05889966609,"Rotonda Agostini, 634 Appartamento 7",Orciano Pisano,IS,52045,2025-05-04 22:00:51
929,Germana,Venier,campisepietro@example.com,$2b$12$GraPiSFxNjyfTDQNMZu0Ne/Ex32Q2VUqy.yEo2Lw6kN4lLjicKdES,user,0,1993-07-14,0774978644,"Borgo Geronimo, 550 Appartamento 7",Fantasina,RC,84077,2025-02-13 09:09:17
930,Gino,Pisani,apasolini@example.org,$2b$12$OVPgT6ycFWjkRHDZjAm.AO0ZzFsU5Z.B/deVOXi5xvxn1MAhjTPVO,user,0,1996-08-02,+39 03624626416,"Stretto Morena, 25 Piano 5",Petilia Policastro,FC,05030,2025-08-11 07:37:58
931,Federigo,Orlando,chiesaroberto@example.org,$2b$12$.uozxAthqoYuojm7gwH//uoPAnkoWZvpueG/glxu0ffr31/etnVzK,user,0,1964-06-07,030777147,"Rotonda Guarino, 39 Piano 5",Sega Di Cavaion,CE,21030,2025-05-01 07:37:56
932,Michela,Barracco,vvergerio@example.net,$2b$12$JG3UL8oCGnVvDejJo3DkAeDJiQbLG4lmW72T/NCTIGgB0oTbT9UAm,user,0,1970-06-26,35148347674,"Rotonda Anita, 766 Piano 9",Sant'Ottilia In Renon,AT,16144,2025-10-30 02:09:42
933,Angelina,Tasso,acammarata@example.com,$2b$12$rCt2SVuLCP1Q81y3P17K0O..Ts2EMH04B82JvbBccsPFzARfjIKiS,user,0,1963-06-29,+39 044549369,"Vicolo Viridiana, 77",San Martino Carano,AN,03028,2025-04-08 12:01:59
934,Franco,Babbo,kcaboto@example.net,$2b$12$Nv0H0TosYd/bMVxBNKG3IOXrWCY2cr6mu8Qm5yHB.zoKuTs6VBlkW,user,0,1970-07-22,350166752,"Piazza Bianchini, 1",Trignano,GE,23855,2025-01-20 17:12:42
935,Adriana,Panzera,kiacovelli@example.org,$2b$12$0WRGtls8dquF1G5dwHNeVuUvMUJn/C2BEJkIelgOd70Clz6Vl4XhW,user,0,1953-11-15,+39 3892586061,"Piazza Fallaci, 40",Classe,UD,33072,2025-06-16 06:22:18
936,Ippazio,Ponti,martinapolizzi@example.com,$2b$12$OFacqWlVf1PyQLzxw8mja.JqQAoxQJr80xqU.DM4ATEPRMXAnHY.G,user,0,1988-01-27,+39 0575556077,"Stretto Scialpi, 72",Laag,TS,86026,2025-08-07 05:51:33
937,Lando,Treccani,silvio55@example.com,$2b$12$ju8jD5ViHe.8ReDkgCfw1ehAvgZOAgnrixfJtrXQm8LKXcG5bEB.G,user,0,1950-08-14,+39 370148005,"Contrada Letizia, 2",Castelnuovo Di Farfa,EN,95013,2025-04-23 23:20:57
938,Cipriano,Piovani,tomeifabia@example.net,$2b$12$LAkhgYngDJNsY1kbthxPF.OG9ArPlgko4g3/4uH7eA.QeCH5bDpGq,user,0,1975-09-14,0209585569,"Rotonda Sante, 333",Greve In Chianti,RE,88069,2025-02-27 07:08:10
939,Elena,Ravaglioli,luigina48@example.com,$2b$12$SqsBXw75penqBlGtmmyVneuPZDT0KHIOPy1Jog/dzu7Z/a9mgtic2,user,0,1941-07-12,+39 0161652550,"Rotonda Vincenzo, 841 Appartamento 11",San Basilio Di Novara Di Sicilia,AP,42016,2025-02-20 14:58:09
940,Rosaria,Norbiato,roman57@example.com,$2b$12$fbCMHuIYPyEepBbXZ4tDb.NuY74rNBa0ZWfrLPemUbB2slkBLipdm,user,0,1948-11-11,+39 0376888675,"Via Samele, 620 Piano 9",Bivio Mortola,RE,84031,2025-10-18 04:36:50
941,Priscilla,Filippelli,luigi19@example.com,$2b$12$Ijhz4dueGcYTji54VhQrSuxkmdPRvoeJtXbl/kwqsWty2IR3uONV2,user,0,1999-10-18,3533274550,"Strada Borrani, 19 Piano 2",San Giacomo,VB,67019,2025-04-19 13:36:32
942,Alessio,Iannucci,iboldu@example.net,$2b$12$EDS56nyW0QrP4WyeTERr.uOiqNTXCJKyauE4acfR1IW66uGkYmRtO,user,0,1965-09-29,+39 09415943079,"Incrocio Combi, 6 Piano 7",Bruneck,CR,01038,2025-04-12 19:44:42
943,Niccolò,Cassarà,gioelegianinazzi@example.net,$2b$12$dIMJk6wqMVwFvlw1xAbcXOL7uer.EpFOj3ilN3Q1O6yrGVHm9SlMa,user,0,1952-02-06,078977733,"Borgo Alberto, 835",Rosia,SA,67017,2025-06-16 19:38:22
944,Vincenza,Magnani,ceribenito@example.org,$2b$12$1CkyKjPu0OB5rYKE0b73k.a08jTDx.CFgwz/Sh7TXXD.AI7jPmqvm,user,0,1968-02-06,+39 3802043019,"Contrada Barracco, 492 Appartamento 8",Cireglio,VB,00053,2025-04-29 23:41:07
945,Atenulf,Mengolo,leonardobaracca@example.net,$2b$12$oCpiCelpzqRc0xZ0iVZN9.F3BDbiDe4Ri3RH7hymjLWawmatt/yY2,user,0,2003-03-29,+39 3515984819,"Borgo Gianinazzi, 591",Pernocari,PZ,55054,2025-07-22 07:58:58
946,Danilo,Botta,ivo58@example.org,$2b$12$CELl1rWrfavDZMn/DcJ1iO29kp2xZspZPbAaDlU0wKm7ko2yTLqL.,user,0,1993-12-28,05001342797,"Incrocio Majorana, 2 Piano 9",Monfumo,MS,30036,2025-10-08 15:07:01
947,Beatrice,Castioni,hantonello@example.org,$2b$12$HVSSY67ODBM1L5fVvakgxu34qcZrgngep7z.t4TMXUQM5Zdy5RsAK,user,0,1985-10-17,+39 082425500,"Via Pierina, 52",San Venanzo,FR,63812,2025-10-12 20:43:24
948,Nicoletta,Vanvitelli,nandreotti@example.net,$2b$12$e0efZZiOzgEcocecM6knWOQcpYs.JLNGcCJX4Yrx8mx6A3kQUOWo6,user,0,1942-04-17,+39 05038973148,"Rotonda Paoletti, 83",Nuxis,SR,57127,2025-10-27 20:50:20
949,Vincentio,Tropea,lvismara@example.com,$2b$12$etlE5pGMmSzGRCh8zu.ROeyMN08zBk/2WehSX52rHb6MxkLJvOqhm,user,0,1980-06-16,3511048662,"Strada Mazzeo, 52 Appartamento 94",Raffaelina,PV,27100,2025-10-16 21:52:35
950,Matilda,Argurio,napoleonevalier@example.org,$2b$12$4ygwRvUTUdq7rRbnyFwgb.lwrJh1oLLRpkhXsTRPi4QZs/LMaxAKy,user,0,1996-01-15,+39 08848473032,"Rotonda Ernesto, 252",Rocchetta Tanaro,GR,25134,2025-01-28 11:02:04
951,Donato,Ginese,dario46@example.org,$2b$12$g9pOVEVUt16xZLRCAeLR/uV5NeNEMrkh1gz62RopDowNy4hHDdLNm,user,0,1950-09-07,3517435933,"Incrocio Greco, 28",Casorate Primo,CT,09014,2025-01-11 18:47:36
952,Adele,Toldo,giosue55@example.net,$2b$12$fqV4EaG8vncccEej4K6NvOY0FdNcOVgq3PqwfPAboRxCvr567g.kC,user,0,1993-10-18,08233215048,"Via Soprano, 1 Appartamento 98",Magugnano,RA,38086,2025-04-20 06:20:21
953,Pellegrino,Manunta,francescogiacconi@example.com,$2b$12$omxViiXh8hUj.QHcDlst5urnlBl6enQWUiZa3quxLzgtZXdbpByuO,user,0,1990-01-14,+39 3716322978,"Stretto Guglielmi, 616",Biacesa Di Ledro,TP,98142,2025-01-01 16:07:49
954,Rosario,Onisto,cmercantini@example.com,$2b$12$TDsWVQRMjUtCasbOA6j3FeNDZfIzFCKgxUneL8ckP.Yy4Q9FENU1i,user,0,1995-04-29,+39 3295168553,"Viale Tassoni, 93 Piano 8",Filicudi,MO,70013,2025-08-07 20:42:21
955,Paulina,Chittolini,milanesifilippo@example.org,$2b$12$DiE1bihgVIxkSyShHmiOY.JdWzOMG7i7ZqYxrYsE4MKytSmOcAOCa,user,0,1969-05-13,+39 083233062,"Rotonda Capecchi, 94 Appartamento 6",Martinsicuro,BI,01034,2025-07-15 14:20:37
956,Adelmo,Morlacchi,scoardi@example.com,$2b$12$2HPiazZbPuih6Rer3aBZu.r/G81gxUZ5Wc4aqe8KP//VqzGzWJz5G,user,0,1945-01-07,+39 33436316245,"Incrocio Ruggiero, 58 Appartamento 64",Castel D'Aiano,NO,83057,2025-05-08 18:56:04
957,Ermes,Pisano,zairatirabassi@example.com,$2b$12$bWJNplzCP4OnG.LBJP3pB.nrFbFeWWVNzwXfjg3pnCofKP5uiippK,user,0,1991-03-02,+39 037284642,"Stretto Ponti, 23 Appartamento 14",Lucito,GR,92024,2025-02-28 11:48:13
958,Adamo,Fermi,ascarfoglio@example.net,$2b$12$xgy9qmYkXdW2WTLhdWzol.X8tghOugo0yJv1KqeigINpxig4kE/VG,user,0,1949-04-17,+39 039075396,"Stretto Berenice, 35 Appartamento 4",Vetrego,VC,50053,2025-01-27 16:32:30
959,Giampaolo,Camanni,carla99@example.com,$2b$12$x0Io.QMUNmfOI43BgPbaoepQqCUjtHxSkX4CVUsinBy3Py6riWYIO,user,0,2007-03-26,+39 37723262647,"Strada Iacovelli, 5",Ragusa,PT,31020,2025-05-07 01:46:01
960,Amalia,Dossetti,ivan73@example.org,$2b$12$z3q51VqMMSLFlWUBoYJY2O5TFibDF4WEa4LIZo8gwRBG7ZxsKhqTK,user,0,1989-08-17,015045146,"Vicolo Pasqua, 8 Piano 2",Lesignana,FM,00154,2025-01-24 00:04:47
961,Gianna,Pozzecco,nverri@example.net,$2b$12$Ysafk7q7j1C2LCjd948/PeRBlPQljS0Oz3YC9Ym/jHRpM/MUOofNi,user,0,1994-10-29,3505960499,"Strada Canali, 23",Mogorella,PN,17035,2025-08-26 12:31:44
962,Riccardo,Monte,filippa62@example.org,$2b$12$HkDC9ypTF2n6BMjhSAoIGO8UGer0jrPjjRwkI9dkml18OUt77DD.W,user,0,1952-09-27,0332087861,"Viale Cassandra, 74",Barumini,CT,13019,2025-11-14 02:54:12
963,Fiamma,Cundari,silvestro35@example.org,$2b$12$9OZ3pzFRKKetLRGQq.4bn.OiXbcBm6vBp9rziIzQ5mGUW/AbDGjWi,user,0,2001-02-21,+39 0324060090,"Strada Giuseppe, 7",Casolla,CL,41033,2025-02-21 16:10:50
964,Concetta,Iannucci,fcamanni@example.com,$2b$12$WSBZvJc1nQpsoUHbc.VzCeJDBPsJyAKz3ZQINPH/AooC5b5340DLG,user,0,1994-03-09,+39 05860060863,"Piazza Alphons, 527 Piano 2",Mazon,PV,90042,2025-11-03 15:28:48
965,Severino,Paoletti,matteo10@example.net,$2b$12$8z/uI82kTxzv1MifY1GHEu/3MS9NpQ2VUDIOEHJPmSNP4Mo1NxzHe,user,0,1942-08-14,030183221,"Strada Gianpietro, 492 Piano 0",Spezzano Albanese Terme,PO,61010,2025-05-27 11:50:29
966,Patrizia,Scotti,dvenditti@example.net,$2b$12$GMGv51.043eSQk2lRvX.m.yimirPPCqq9WZiEIQmmcyMRsoOHndVa,user,0,1978-08-02,3701668649,"Stretto Trillini, 58 Appartamento 5",Casamaina Di Lucoli,CO,12033,2025-08-05 04:33:12
967,Gelsomina,Falier,pierinaberlusconi@example.net,$2b$12$vdetsdNzf2zrbrJYMnJ8WesXGp8PSap6dCEah.3Axjku/fmx49aau,user,0,1969-02-16,+39 3412526607,"Canale Antonino, 19 Appartamento 3",Rosolina,TN,50039,2025-08-04 01:21:49
968,Gastone,Trapanese,maurizioceschi@example.org,$2b$12$nb1bhyAb5K1rf.DKooq6COJvqKaVJ0kUUAD3f1PdHUDR.oS.PLo56,user,0,1950-12-13,0931044913,"Viale Tamburini, 22",Montemerlo,CR,20074,2025-01-14 22:48:22
969,Amedeo,Trombetta,ferdinando11@example.net,$2b$12$cfjpZKpOtXwvRf892g.cN.e9JaPQyRsdgnoQQ4F/0Ts1rpXTj7/Va,user,0,1950-06-26,02542531845,"Via Nicoletti, 4",Cepina,TP,02026,2025-08-29 01:27:53
970,Tatiana,Cavanna,gabrieligiacobbe@example.com,$2b$12$eJgSTm8RfBFZ1G8a5wxxHeCRZcYP2CQzEDYc7zqjj1v.Emsv68i7q,user,0,1942-09-22,+39 3518690604,"Incrocio Pasqua, 9",Fara San Martino,VR,60031,2025-07-19 07:43:39
971,Torquato,Nonis,cmalatesta@example.org,$2b$12$BDMOtgLkQU7IeUOPTPTXw.aNI41PpnQz5TyIpu23SwtaGGVsA.4ye,user,0,1949-04-01,08236022913,"Canale Ezio, 218 Piano 1",Fraore,PZ,06024,2025-06-24 18:06:47
972,Sole,Casadei,lambertobottaro@example.net,$2b$12$sayL5DVZbtoz6GUd9oS13OsVAGVT42WUQ/RPPksEofvqP/7LGSZX6,user,0,1969-11-01,0765723332,"Piazza Pompeo, 15 Piano 4",Forno D'Allione,VC,31010,2025-03-24 16:09:14
973,Patrizio,Borrani,angelicamaccanelli@example.net,$2b$12$OeUMWEg2SsYyOo73mth8MOjn5lQBjC0NsS5YQva0Mx1QcyIeqqGz2,user,0,1981-06-29,+39 0732970808,"Incrocio Bramante, 2",Bando,ME,63082,2025-05-31 07:21:07
974,Paloma,Anastasi,sebastianopagnotto@example.net,$2b$12$pG9oc4UIxqRToLQ2iYQG3.mV0pniluGd1pqcR0s.zBUcj.myS6hhm,user,0,1985-10-18,+39 01250056574,"Incrocio Gionata, 95",Puglia,PD,26034,2025-03-14 03:23:00
975,Arturo,Galvani,wcarnera@example.org,$2b$12$z6Hn/zfgFnHGTJ6VbgGouuiBOxR7yV5Ujc8SUH4lNT/JsaZF1/ggS,user,0,1956-05-28,+39 0752831060,"Contrada Ricciotti, 610 Piano 3",Velturno,BT,67060,2025-11-11 18:09:17
976,Cristina,Federico,vergeriolilla@example.org,$2b$12$embhMLkrt5DBKYWjvQjQXe2jVFb4GO5WNF3I041jHFfOBaALfuhBC,user,0,1941-08-02,+39 353358548,"Incrocio Viridiana, 51",Lanzara,BI,12051,2025-02-18 03:52:41
977,Ennio,Guarana,toninolercari@example.net,$2b$12$Gp4hj3j055B8r6A3Yj9Dn.GYEIOUOjItv1/da8382mo21P1GQdGcC,user,0,1953-11-14,0733048986,"Piazza Giulio, 772",Soccavo,RO,47864,2025-01-04 08:35:41
978,Lidia,Scotto,squarcionepierpaolo@example.org,$2b$12$5THf9kBMAIppkBO6M.zQTOZ6OnZ5H.bZbdoFLXOHDjlGXbo1izkmS,user,0,1966-03-06,+39 0514203690,"Rotonda Cafarchia, 284",Galzignano,TR,33035,2025-04-25 10:21:28
979,Gianfrancesco,Polesel,raffaelepolizzi@example.com,$2b$12$PF5Gw7K1jxFY6bmaaX.fXeFgLWXGhhoFckPrl4xsyc0ay1LjTeDC6,user,0,1954-08-02,+39 09410788149,"Incrocio Spallanzani, 7",Matelica,BZ,20843,2025-09-13 19:34:12
980,Ida,Luciani,camillerienrico@example.org,$2b$12$g2TrF7YmLJYNQO9msGq4zOmIXRWwCtSF.x4RUa7yW859YnpE8rVeu,user,0,1953-09-27,+39 334815321,"Piazza Marta, 668",Capriglia Irpina,BR,14051,2025-06-03 17:07:38
981,Vittoria,Paoletti,galileiferdinando@example.net,$2b$12$9rFw78MbuNTLOx4RsmeXBeWtclCrwdJ3JSlVqgtRh5fdxVemZWyW2,user,0,1992-10-10,+39 0824721617,"Via Jolanda, 97 Appartamento 28",Oleggio Castello,VE,61010,2025-09-22 07:05:30
982,Ronaldo,Ceschi,igravina@example.net,$2b$12$rfQVe6JP3HXKXbHRW66JpOSUcdZjZHFDINxSnNb7N9oEuTLRr06Um,user,0,1953-11-17,3200651923,"Borgo Mattia, 92 Piano 9",Barazzetto,IS,06073,2025-10-30 07:49:10
983,Delfino,Battaglia,bertolihugo@example.com,$2b$12$/9gAJE3TthapPPzgYkOyQOq7f1IKZQjZmBdzZgKBx1DM1Hj0yFOiG,user,0,2003-05-24,+39 076155343,"Vicolo Giorgio, 75 Appartamento 6",Villaputzu,FI,28013,2025-09-02 10:17:50
984,Carmelo,Boito,santorogianfrancesco@example.com,$2b$12$7mGt3Fo87aLvBhzjN1cxduWzqciQgAYFYDNUrzVlH639ndmNPyMQK,user,0,1978-08-31,0961460657,"Vicolo Guinizzelli, 22",Pietrapertosa,BR,63093,2025-10-31 23:51:17
985,Flavio,Zoppetto,gianluigi74@example.org,$2b$12$rwjjSRSjf4/jamMidpPI8OmKtl14ylDp0bhbUvucfYx.A8W8QXGMu,user,0,1967-12-28,05448869240,"Via Puglisi, 358 Appartamento 4",Limbadi,SA,83034,2025-09-21 17:39:01
986,Ciro,Finzi,pmercalli@example.com,$2b$12$StJ4I4MRPrmFMlT34GkM3O7Mj5/z1DhMayzUrSSyO5vUw0xoqfme2,user,0,1972-07-20,0344531295,"Incrocio Paganini, 619 Piano 8",Niardo,FI,22060,2025-07-16 04:03:27
987,Pierangelo,Gottardi,toninobattisti@example.org,$2b$12$YJxZcWwivkTqw7JZ5KBfGu96gggq72RQ8h/3OeE4nLpp8sQhP0e2a,user,0,1990-01-11,+39 351086650,"Viale Pagnotto, 48",Majano,BT,59021,2025-06-06 12:51:28
988,Giorgio,Benussi,danteperozzo@example.org,$2b$12$RI3/I7WB3/FZezjoKT4NMOlObAA1spNfpWdTKmwBJUV6pfQRhI0oa,user,0,1994-04-04,0874045588,"Borgo Sandra, 5 Piano 2",Stazione Di Furbara,NA,39016,2025-01-17 14:48:19
989,Giuseppina,Serao,ajovinelli@example.net,$2b$12$tQLVoeQ4R96Mmb2Bpf6HlezZBSEhuy82pa8hN4Z8sczWzS.ywRARC,user,0,1944-06-07,33094289915,"Incrocio Bettina, 238",Valleluce,BT,16043,2025-03-13 06:34:13
990,Liberto,Baroffio,aria88@example.com,$2b$12$YN1pOwAKTtxy8iQB/RN6seMSeaws8.xGPPPthWLwboOmDlnaR0Gni,user,0,1978-09-29,097523827,"Via Morpurgo, 77",Roraipiccolo,BZ,80131,2025-06-11 14:37:37
991,Vincenzo,Tencalla,rocco86@example.org,$2b$12$5Y.Y70VYGOxANg.okcMaIeekJQhZkhStA2HsJAxoOITf6HZJNvsZS,user,0,1970-08-09,058829711,"Contrada Mazzeo, 29 Piano 4",Maccacari,PA,45021,2025-09-03 23:04:02
992,Carolina,Curatoli,tendrizzi@example.com,$2b$12$Qssrl0vxEr508lJQZcZnZO4m29i8rbBDBiEsW4UaS211UGAsEGcTS,user,0,1979-06-10,+39 058569946,"Contrada Chigi, 656",Roccaforte Mondovi',TO,09047,2025-07-11 03:02:18
993,Lucrezia,Chiappetta,brennaippazio@example.net,$2b$12$01Y96BgM8yxHUmAu3Yt9XuuSGULBTana81HJQc/gKyeJNeBNs8yfe,user,0,1972-04-27,3773793466,"Incrocio Ottone, 2 Piano 8",San Marcello Pistoiese,AQ,09074,2025-11-09 10:18:05
994,Luigi,Gentileschi,pierpaolosimeoni@example.org,$2b$12$c6vK2o9W.WsiKMdFP.YD6Oyt88xDDL8syIyOuWIdGuFAHOL5OYdYW,user,0,2005-02-25,+39 05473311220,"Stretto Modiano, 81",Gropello Cairoli,PU,29010,2025-11-03 02:40:07
995,Cecilia,Veltroni,mazzocchipatrizio@example.net,$2b$12$kmH1wNW/ptirPHf8E7On7ONY/WDPnGWRu3v7i.lAOSQ6JZVfkRFRC,user,0,1950-08-27,3318309601,"Borgo Ugolino, 32",Arezzo,CO,02024,2025-08-25 05:35:43
996,Emilio,Lamborghini,tizianobosio@example.org,$2b$12$k.4UGW1OBzVEFr2zuNB7oOyU3nAgbDbQdXu1PAfu0mMcWqqPVnPEK,user,0,1992-05-20,0422149893,"Incrocio Fallaci, 863",Cefalu',NU,45026,2025-04-16 18:07:48
997,Maria,Agostini,pierluigi16@example.org,$2b$12$CO10gtlxQRNhM7Bd3Nq2Cei6nXDDbBRr9w2B/kUEkUduJajt56VGi,user,0,2002-07-15,3620997011,"Borgo Boezio, 8 Appartamento 51",Valdengo,SA,23824,2025-04-18 15:52:06
998,Rosalia,Dossetti,vcolumbo@example.com,$2b$12$MwCIcBliacGmRgJduv1wZu51YbYsCr.eRrFb9h8RkPGazsbktLeka,user,0,2005-11-13,+39 0545121046,"Canale Tebaldi, 11 Piano 2",Povolaro,RO,87045,2025-03-01 00:57:59
999,Lara,Bonino,antonino17@example.com,$2b$12$2RacuowSF36mf7kyA2.nQ.NMSW9wY/3G.Y/xcMeTi.d2bGYerRmXO,user,0,1984-11-24,058865456,"Canale Falloppio, 36 Appartamento 17",Nesso,MS,39045,2025-04-03 21:38:56
1000,Livio,Florio,marcellonatta@example.com,$2b$12$n2C66ka8weiHiPcGKg9qLeVBoEgnZh4cO7qoZn1DadeG/7ve1/rIG,user,0,1981-06-24,0183337184,"Rotonda Massimiliano, 4",Longi,PT,00127,2025-05-18 05:34:44
1001,Michelotto,Bernardi,gioacchino74@example.net,$2b$12$iTFpbJs.UUhGVPE61.S2g.6ybF3bExlinn.s.J7t7EhQ/.BJaAq0C,user,0,1982-01-14,+39 32907295933,"Rotonda Gustavo, 59 Piano 6",Pieve Di Compito,SU,14011,2025-02-01 15:05:32
1002,Damiano,Boito,virginiasilvestri@example.org,$2b$12$RhKBSAS0qEmx.GhDXVGuy.I091Q9FlARwyKOtWspsWj93GJmYZ1SO,user,0,1986-06-03,+39 3824548323,"Piazza Margherita, 13 Piano 4",Borgo Vodice,LE,55041,2025-02-11 04:34:25
1003,Simone,Monteverdi,giada17@example.com,$2b$12$xOc3BGOwo8GX.QdML4Ehie9FTP.9IyN0uLkE6Wx6vMylADmZcZJMe,user,0,1951-09-17,09422582188,"Strada Sergius, 3 Piano 2",Barberino Val D'Elsa,PR,40059,2025-01-01 06:08:37
1004,Olga,Pareto,fspanevello@example.net,$2b$12$J7riqSd54R/snUiua9P.ruArxFP4CLjVU10wgte7PWbwVnrX/Z8cu,user,0,1950-06-16,0736834657,"Rotonda Santino, 216",Terzorio,FI,22024,2025-02-08 19:19:37
1005,Clelia,Monduzzi,dcasagrande@example.org,$2b$12$kAgHBoiHrsaTfkK.SkeEF.XRlrlHmewPSelXDEm44TBDBD5duZUtK,user,0,1956-08-22,0765346091,"Rotonda Vittoria, 6",Roncobello,CS,28891,2025-03-06 22:38:46
1006,Elvira,Malacarne,gabrieleberengario@example.net,$2b$12$Cj6h5CynjmGF/oiKPo1WFuGSCayGJFe4Y/3ZaDg1X8vZXiJ2R1msm,user,0,1974-01-08,015898176,"Contrada Pina, 2 Appartamento 0",Campo Nell'Elba,AL,89126,2025-11-26 04:54:30
1007,Filippo,Donà,ottonerinaldi@example.net,$2b$12$OpJ20hMOgN4DKQdWyKv8d.aFFGG82Yae0J/eXQ2WSA21tVTjdxcoq,user,0,1977-08-14,34786884308,"Strada Gianetti, 2",Pianopantano,BN,83015,2025-11-01 19:28:51
1008,Gustavo,Redi,benedettocammarata@example.org,$2b$12$uoTaG51Yw/mevsxN0OjUrODTfFsvXgupYdbxs5Osn/pZXRrfZcd2G,user,0,1975-09-19,+39 3756622197,"Viale Sauro, 5",Gaiole In Chianti,BI,22018,2025-05-25 04:49:49
1009,Filippa,Bonino,cuomoricciotti@example.com,$2b$12$0JhNCyyZzDjV3NdeE9miAeNuI.4nqdBJeJcZB41e/9IZxX.ptUzk2,user,0,1944-12-26,+39 050008730,"Via Molesini, 11 Appartamento 26",Bereguardo,RO,03011,2025-11-18 12:56:06
1010,Enrico,Beffa,ltoninelli@example.net,$2b$12$o/oiqKTO9m7Nsz7b3aSL9emi02vvmfUWNXHJ28gdBGU5JgJ9.HJSS,user,0,1948-03-27,03645491409,"Canale Dino, 472",St. Helena,CE,51017,2025-02-19 16:14:35
1011,Adele,Sermonti,federigochiappetta@example.com,$2b$12$rlmu06BLXz3dVw266OkxWueoeP6xKivw.d/TNjmtaa1fnP3FzCy7G,user,0,1983-11-11,+39 0376901122,"Incrocio Alberto, 826",Capradosso,PZ,09025,2025-05-30 18:27:00
1012,Renata,Calgari,bianca97@example.org,$2b$12$XgMwj5RuFDkF968MgIFu/.JaC2VCeSUs23u6Cb0lIS2gN.UEq9NL6,user,0,1973-01-23,+39 0884470964,"Borgo Gaetano, 74",Maleo,CS,25026,2025-05-09 06:37:56
1013,Marcantonio,Bossi,epertini@example.net,$2b$12$3WWR8FhEE.4Hbc8zy/WM0.P41pqWWYC/Mz1FvWi32p0C9LOqk18rS,user,0,1993-01-04,3500472589,"Via Berenice, 2",Bettola,GE,98145,2025-09-24 01:48:05
1014,Diana,Caironi,gargallogiacobbe@example.com,$2b$12$DNVCu0URwdlSlkt8NxUtmOJ0vxSf4mlOt/zjS8SE7hjxaP3H.gEve,user,0,1970-05-08,+39 0418265344,"Borgo Napoleone, 4",Castelnuovo Bocca D'Adda,CO,40065,2025-04-21 16:18:42
1015,Nicoletta,Tarchetti,susannafilzi@example.net,$2b$12$pcA5odheKnszCyRHK56xA.7QpffD45rrEUfCLkYf7zYS9bOtTBQeG,user,0,1942-04-08,+39 05227113172,"Strada Cimini, 7",Lerma,VC,80020,2025-11-17 23:51:02
1016,Stefania,Moneta,gpietrangeli@example.net,$2b$12$MBypF4AckcNFihJ.nTOoK.OWFJnHmerAfB316yFTS0ulF.Vs6TFyK,user,0,1968-08-17,342816364,"Vicolo Flavio, 36",San Martino Del Lago,PI,27016,2025-03-24 19:11:44
1017,Filippa,Fantini,emilio52@example.org,$2b$12$tzDmYcVBfSKE2bX1oKhyieVDr5qrurkWIBFWHo.Uffc/vxvtXG2hi,user,0,1995-06-25,347515468,"Strada Luciano, 7",Gesuiti,AG,20059,2025-01-13 06:04:55
1018,Vito,Canil,pignattialberico@example.net,$2b$12$fzvoobRYbtb7d8q9deGPkeLhHsKeEUqSZ4eKvyBg5EZF5JfAVcsC2,user,0,1950-03-16,3778786061,"Piazza Flora, 21",San Giuliano D'Arezzo,AP,89128,2025-09-21 17:15:18
1019,Eva,Satta,pucciotrevisan@example.org,$2b$12$LcRn/.E/Dvu0kjNJrONgZeL3YN2CvEBvNDj2luU4KiTLpX4IWf0jq,user,0,1986-01-30,3711952106,"Canale Mengolo, 469",Brenno Useria,PD,20148,2025-08-29 18:13:46
1020,Gemma,Bernini,raffaella01@example.com,$2b$12$V5crhvpSmX9Dd..v4cc.fuJDJIcHVlpY2gDsAouL5/TfZf0pfXf3m,user,0,1989-09-05,0306437432,"Contrada Greca, 39",Sala Comacina,MC,13025,2025-09-22 03:01:36
1021,Ottavio,Tacchini,seraoalina@example.com,$2b$12$O6XupjLpJMm.ZbpJoD./fe9sSVV9p7IF6VVA31zo9aqB9GPi.zIM2,user,0,1948-06-16,+39 091997806,"Strada Petrocelli, 750",Terlan,TS,22072,2025-06-20 21:43:41
1022,Melissa,Varano,matteofalier@example.net,$2b$12$r3Tu4GzzYdxj0X2LlfsHa.SFJ/W.Gr/STXDB/SXGpaP0S5s7OEp96,user,0,1966-12-15,3470579141,"Borgo Franco, 23",Sestri Ponente,LI,71010,2025-05-05 05:59:07
1023,Gioffre,Vercelloni,filippa44@example.net,$2b$12$RcqAMtpvCAB0ZCvzb.YxTOnPu2yLsFed.KeI4VZPqimSR6MGZzi3G,user,0,1970-05-26,+39 0578546312,"Piazza Pacetti, 944",Dego,BZ,83035,2025-09-18 06:51:21
1024,Isabella,Prada,draghifiamma@example.org,$2b$12$Ejqc6jkCl9tmRM87D47H1eIttw2j28hQ3PGv0p46wjJHjhDypggyS,user,0,1969-04-04,351312159,"Piazza Carla, 92 Appartamento 48",Iesolo,RE,43010,2025-01-03 02:58:25
1025,Eleanora,Grasso,sturrini@example.com,$2b$12$xtYXQ9QOo97zsUGD8fBqZ.YCI3BhND/QMU.JiSKTX8965JYgevjPm,user,0,1991-03-14,+39 044460936,"Viale Maria, 5 Piano 1",Cartoceto,IS,73033,2025-05-03 01:44:29
1026,Lucrezia,Verdi,gregorioramona@example.org,$2b$12$zj/bKdj1o.NEBgipNlB3Neb3bbhGH6F.s4S/a//eqrNvEg17Hgw8e,user,0,2003-04-03,08233487350,"Piazza Adamo, 654",Santa Maria Del Piano,MC,84062,2025-02-17 19:43:49
1027,Filippa,Cicilia,pcanil@example.net,$2b$12$urANKFWSY8gFLYlIADI7QOUdVgeY3dqYwSWTLhQlu2IR8KoA3mGqS,user,0,2001-11-20,351472373,"Viale Lilla, 5 Piano 1",Castelnuovo Cilento,MN,24013,2025-02-19 09:20:45
1028,Agostino,Guarneri,troncoriolano@example.org,$2b$12$jN6F0UZdPPDO29CU62YENembBgxOiI2jSWCKGqa.CDjejoQyzVgdy,user,0,1955-09-22,+39 05327420669,"Rotonda Venturi, 171",Verolavecchia,BL,10144,2025-10-28 23:14:50
1029,Domenico,Morricone,cristinagozzi@example.com,$2b$12$p19kWSbdiBoKYHXV8meCeOvF.ux/g1WDUUnCbrfP67U.9u37HFsze,user,0,1971-07-18,+39 096290351,"Stretto Porcellato, 8",Badia Di Cava De' Tirreni,IM,98078,2025-07-03 01:46:20
1030,Iolanda,Bignardi,paulina07@example.com,$2b$12$9XMQIZggD7mbC0Q4XyHefuaFdU43HVv92bgZGVMreVvTnTijqHUfe,user,0,1973-03-28,+39 098480974,"Borgo Luisa, 56",Puccianiello,CA,91024,2025-08-03 03:33:13
1031,Luciana,Gregori,gelliroberto@example.org,$2b$12$fV/WKqDKHJ.uuAuNhEYfVOh742rFIC1QGSg8dyrrO13mgyHtxjS6S,user,0,1941-07-07,+39 35193509905,"Via Mannoia, 48 Piano 3",Borghetto D'Arroscia,TE,84088,2025-07-10 19:28:17
1032,Loredana,Jovinelli,jsanudo@example.net,$2b$12$TPudJoNAvEzd0sa5lMePoe1.dC9YC4XeIQIKE8715gBG5p/0cIkAu,user,0,1975-01-05,+39 0163465190,"Incrocio Guarato, 6",Sovramonte,PU,61011,2025-08-26 03:01:03
1033,Aria,Poerio,donatellasokolov@example.net,$2b$12$o2HVyJjlkcAAxtJPQkTQHelROPjEsQdYx2tks.HTNBzMAwJiEnfRG,user,0,1976-10-18,+39 09978076313,"Via Giada, 62",San Giovanni In Valle Aurina,RN,14015,2025-05-15 14:50:38
1034,Iolanda,Morandini,victoriafantozzi@example.org,$2b$12$J1PylP6uSuQVeK4DirQrL.p4Zxj/sKc/5jGkrkpgAIGn828EY2kpi,user,0,1973-01-24,3910390736,"Incrocio Cignaroli, 7",Valda,ME,50134,2025-07-06 05:58:20
1035,Rosario,Ossani,paoloaulenti@example.com,$2b$12$COAojeIMtQVZ54CgmTRCFeToNl.EmUjOINXuRRKLu5.VBvS0BukES,user,0,1974-11-24,0899775287,"Incrocio Lercari, 27 Piano 9",St. Valentin a. d. H.,FM,37041,2025-05-26 08:52:54
1036,Sonia,Leonardi,antonellarinaldi@example.org,$2b$12$X2huez21XxeBy9MkqPPF1e4THJpSocSPBq3t88PxeCealuZ/BeP7q,user,0,1991-07-23,+39 37324138395,"Stretto Chigi, 26 Appartamento 73",Bircolovo',PD,65019,2025-05-27 16:59:31
1037,Fernanda,Mondadori,germanaturati@example.net,$2b$12$DV5SjkASo0xFSmlsZcdhHucgQQTWAHCT2nm7LyhYXD2zARqcQZxVm,user,0,1982-11-30,+39 05873326568,"Viale Adelmo, 51 Piano 8",Ovindoli,SS,36040,2025-05-01 03:20:39
1038,Danilo,Donini,rpaoletti@example.com,$2b$12$2FDpUYXLT2AlNaFGYXc20e4uRxoLkxS4PdIl8GHx8NVSXYBXwr81C,user,0,1950-04-06,0416428369,"Via Matteo, 3 Piano 9",Valmareno,PT,10074,2025-08-29 02:11:49
1039,Edoardo,Querini,dino48@example.org,$2b$12$4bSJEzkYKqnaubmgVQy/QOJQyeTz4xmSRXGREiUabC4VCBN8/rGru,user,0,1958-12-15,+39 01719014696,"Vicolo Argurio, 64",Cataratti,EN,37126,2025-06-17 04:57:10
1040,Germana,Barcella,giovanna48@example.org,$2b$12$i0DI1wHHbB1/7.Sslxktb.Ta4J7fb6Y27wZSqU6Pep33K668y8UfC,user,0,1965-12-22,+39 0511407490,"Rotonda Irma, 974",Picciorana,RE,80018,2025-01-05 00:18:00
1041,Orazio,Tutino,ipraga@example.org,$2b$12$kNC/nUJfP2./cOIyZOI5NeRzTvIwA8YEnKQ3B5fPDa9DDh79DCUca,user,0,1957-11-21,+39 037127745,"Stretto Annetta, 734",Rivalta,SV,21020,2025-06-13 22:58:01
1042,Greco,Farina,mastroiannisandra@example.net,$2b$12$KvF.f0bU3XkDT66cZQ7vYencc5P.ixFufnc5NtcEBK5y4.rh1ucli,user,0,1990-02-17,+39 0784762675,"Contrada Gianna, 492 Piano 0",Rovasenda,BL,40032,2025-03-09 13:54:12
1043,Dionigi,Sagredo,amalia23@example.com,$2b$12$1Sz06pNejysnBUw8jdsULe0zcYdqBnIsMchzSPhryup80.NGoewGW,user,0,1948-11-28,3505096473,"Strada Treves, 885",Grottarossa,LT,89833,2025-07-12 19:47:38
1044,Zaira,Trebbi,marissa09@example.com,$2b$12$GumQw.H/ZM.djUtBTyHY6u.6mG/GtBV8hz0v6VvmwH2p9z0SvoMze,user,0,1999-12-26,03563890960,"Via Bernini, 14",Guinadi,TA,89851,2025-02-18 03:38:27
1045,Elmo,Toscanini,loprestiloretta@example.net,$2b$12$/KRFcA.kOwrHOroVrojdAumFxV6XPKmZZolzpr6iklNg7ssnbkC/6,user,0,1992-09-08,+39 0382144594,"Stretto Omma, 0 Appartamento 1",Capaccio Scalo,CB,67062,2025-11-23 14:36:04
1046,Teresa,Pedrazzini,linaoliboni@example.net,$2b$12$EW04bjWadIpIn16dNvzRU.3APjzeUOnH4U/R5h7gGUqlqxAXNgACm,user,0,1979-12-04,3396071907,"Via Mancini, 14",Todi,PC,89020,2025-04-28 20:33:40
1047,Diana,Chittolini,lucio42@example.com,$2b$12$EcHwYmSQglQ/iN3WqxKMiOGVDyjEluPOEE5vdWp3/sl3E4PuAszqS,user,0,1948-11-10,+39 32908586773,"Canale Roncalli, 616 Piano 3",San Zeno Di Montagna,MI,35024,2025-01-09 08:55:09
1048,Alessia,Caccioppoli,gventuri@example.net,$2b$12$daO2D4BK0KBIr08tH90CoeK0ocIIHolyXKASDiyySIEKW9tWrvWR6,user,0,1981-07-03,+39 0931516852,"Stretto Bianchini, 511 Piano 9",Stignano,CO,46048,2025-05-04 18:18:00
1049,Roberta,Valentino,osvaldopalombi@example.net,$2b$12$TvyiS/RnHpIQ4GyoWI2LVuMpOnyXaYadYP3SPaBubqj0cIjY6VIBS,user,0,1954-03-27,3501074810,"Piazza Murri, 33 Piano 0",Magli,KR,67017,2025-08-02 03:49:04
1050,Pier,Ruberto,manuelabba@example.net,$2b$12$IWzSD8Zy2RCWV6NG0yYAwewSX0Bxz8ish.37MdZlPkDzU3tY5mbsi,user,0,1973-05-03,0375737944,"Strada Maria, 4 Appartamento 4",Trefontane,LE,98044,2025-02-28 07:33:16
1051,Pina,Saragat,bettina48@example.org,$2b$12$HLJ9YD9ZW0m8Bh6MCcetj.gQ4tbmcSBVFYcpfquvPDuijhHVkzQfS,user,0,1988-12-28,0541869476,"Canale Passalacqua, 60",Lama Di Reno,VC,40135,2025-01-20 09:46:58
1052,Patrizia,Saraceno,pellibruno@example.org,$2b$12$PEQ8QYHoGSJKK7OBSSFxI.X3YgYX4LiY2e3Ch1D9YhfFXA1bDW4XW,user,0,1959-12-02,03636283453,"Borgo Olga, 84",Micigliano,VE,41048,2025-09-23 13:24:35
1053,Nico,Argenti,smaspero@example.org,$2b$12$ycp3RShJEAV2r/YlCLeHHO1O1Ul1TwG7Aeg3PZIrDpznaSh6erYau,user,0,1959-04-05,+39 01419693586,"Rotonda Corbo, 7",Ovodda,RE,25081,2025-05-19 12:33:31
1054,Alina,Borsiere,pierosanudo@example.net,$2b$12$WY/h4ijj/y64vGhy12ipve4pDj0cI9HbeEMBOQ7ELQU7FTnN.WXWq,user,0,1979-08-21,+39 35053355974,"Borgo Antonio, 0",Roe',SP,07039,2025-10-31 21:28:58
1055,Etta,Toselli,fpirelli@example.net,$2b$12$QlmsIha9fKubtXj5M2HYNuM7AfTX2s5Xq6rTzqbWw.XvHy7uR7UfG,user,0,1949-01-09,+39 042999244,"Canale Mattia, 72 Appartamento 6",Sant'Angelo In Formis,VT,39040,2025-10-25 12:33:03
1056,Alessandro,Parpinel,milo34@example.com,$2b$12$aSH7/Xrc0YNfyRaLk.uSPe.v5KOal2qbSTD9g8aKS9bnV5a45uP/W,user,0,1996-12-13,0124246581,"Canale Alboni, 11",Fornace Crocicchio,RG,10123,2025-04-02 20:33:35
1057,Ivo,Duse,lucarellidomenico@example.com,$2b$12$rupPhT7jiWhey1PoL4f8uOO1uNy6lirq0t8V0K5tfvN/I61ztMH5O,user,0,1975-07-15,360779887,"Borgo Renier, 62 Piano 1",Pflersch,PT,09092,2025-11-21 08:20:20
1058,Roman,Zampa,comeriatohugo@example.net,$2b$12$ji9Qcbhd5MW9yyrdDe/B..mwM4I9MVIdGG5Hp5gF3nHq3XDGklRQy,user,0,2003-04-06,3534456548,"Via Maderno, 881",Ripabottoni Stazione,CZ,03036,2025-01-24 14:19:56
1059,Lazzaro,Tomasetti,randazzogianpaolo@example.org,$2b$12$GTzHLDp2H.Q917.HOfB9H.KKQCBXPNBnLrvqALtwycw4gkEPvfbZm,user,0,1998-10-17,+39 012483854,"Borgo Cagnotto, 0 Piano 1",Brivio,VC,25062,2025-05-31 07:29:27
1060,Donna,Pometta,alfredogaito@example.com,$2b$12$yukk8pB/hPTdT.T/WYRUDu0ddQ185/QSW7OGmeWIogX4F1kwZVjp2,user,0,1940-04-24,+39 3779518042,"Viale Galvani, 98 Piano 1",Ponte A Moriano,PR,71017,2025-03-11 02:39:09
1061,Ubaldo,Verri,victoriatartini@example.com,$2b$12$oQ1gCUzQ03mHSP/qI2IPh.BfbgYSIQiDk1R3fGAaErlzCWy6GN8tC,user,0,1946-09-16,+39 352042998,"Stretto Pellico, 15",Palombaro,RG,55060,2025-01-02 16:43:37
1062,Liberto,Malatesta,fiamma70@example.org,$2b$12$G.8iIJsBCj2e/gWDEaeXZeSoT1EtpkOY.h8.8PEmGSjIdsolFScS2,user,0,1987-03-18,32855386470,"Contrada Brunello, 25 Piano 0",Cannero Riviera,PU,60044,2025-06-03 10:34:34
1063,Gianpaolo,Franzese,giampaolo98@example.net,$2b$12$wyycmhyqtzkWtxsDUbqy4.6grgyV12IcW0IOfGcC.UjB3PN8.GXzy,user,0,1969-10-05,37564584744,"Contrada Bonatti, 87",Castelpagano,VE,38059,2025-01-28 04:01:38
1064,Daria,Alfieri,dspinelli@example.com,$2b$12$ZwRYA1Kdn/JDihse7W1Nr.pSbRLv21R9utpVfznifbo.soXDFSGii,user,0,1941-03-28,088426921,"Canale Panfilo, 87 Appartamento 1",Malosco,RO,08047,2025-09-06 14:46:09
1065,Giuliana,Emo,rzito@example.org,$2b$12$TB6ZOmGdbKy0jrXULQHiiOd22cYnXiK/gYP7hY7.fJDvq8IdTtI8i,user,0,1986-11-22,35018404660,"Borgo Lupo, 932",Fara Olivana,PV,27052,2025-03-19 23:23:28
1066,Raffaele,Carducci,romanavalentino@example.com,$2b$12$B3XaeplYyeE9MvcrU5wu5ugj/iYcZSzCLSZqo5VnGc/XeiRJoj4tC,user,0,1974-03-29,016104959,"Strada Balotelli, 22",Pregasina,NA,24057,2025-11-24 18:28:16
1067,Sebastiano,Pertile,vmetella@example.net,$2b$12$sL2Ui3XE.JCj219M1Q1EZeig.D0S5.P0Be9SrJ6qz..qZjim/CTc.,user,0,2000-08-30,+39 098432270,"Incrocio Mercati, 29",Castel Del Giudice,FG,89027,2025-09-22 11:20:39
1068,Gianna,Porcellato,jolanda05@example.org,$2b$12$N8y/s4LodmS7nvXwLNidbOCYnjkj4auTrwKu58P/xgVDYYbvVOcL2,user,0,1996-05-05,+39 353322002,"Strada Renzi, 389",Sacca,LE,54100,2025-08-04 02:42:07
1069,Susanna,Trentin,marcoandreotti@example.net,$2b$12$N2f22xBpLNyMKkIPhdoPB.yHdHMp3TzFNWfKadN62xqX4JY8sVRba,user,0,1943-08-04,336898023,"Canale Gelsomina, 3 Piano 9",Borghetto Lodigiano,AL,25086,2025-01-09 17:08:27
1070,Sabatino,Garrone,antonellolerner@example.com,$2b$12$jAAL.E3LVNqPQxIx4.eFOOei75M8jM1LKgjLW.xug9utbsJIIDYqS,user,0,1959-01-29,39085040469,"Via Valerio, 58",Melle,AQ,93013,2025-08-15 16:52:06
1071,Atenulf,Veneziano,pbodoni@example.com,$2b$12$33wJa6L7bQ8uraot1GEBAOXRfLjAvWnZLiYIt5Od934N7lZbShQ5a,user,0,2002-08-28,0819618385,"Contrada Michelangeli, 77",Santa Corinna,NA,88831,2025-05-13 15:27:08
1072,Roman,Brichese,mattia30@example.com,$2b$12$WnUlVO/Cayee5dbDnKVVRuhxmLngb8Lxt2t/J.NzEfhMRWtA0zQYa,user,0,2005-05-29,01836325821,"Viale Evangelista, 30",Atena Lucana Scalo,GR,74014,2025-06-21 23:34:49
1073,Livio,Tasso,fabbritorquato@example.net,$2b$12$2IthxF9p7yT5ZC6qTvzyOuvstrbbFieujPlv5vi2k8bobYl3S2tfK,user,0,1999-02-25,+39 0397156734,"Rotonda Gianni, 3",Anzu',RM,80100,2025-04-12 01:40:30
1074,Silvestro,Gradenigo,gelsomina57@example.com,$2b$12$FoNh0PG4VP7YM7UAW3B8jOyfQt65Elm9b8hHbkscoB9iMWveNrrTy,user,0,1963-03-23,0965285770,"Canale Ubaldi, 90",San Michele Del Carso,PT,22015,2025-03-13 17:39:59
1075,Uberto,Orlando,daria31@example.net,$2b$12$5tC2c7.joOPIXQBZxzbhre3TTIgn3dpXxTiIwzHs2lbhJnwyyw0O.,user,0,1960-09-13,+39 37930307078,"Rotonda Rembrandt, 27",Donzella,PN,52031,2025-10-18 01:42:45
1076,Lolita,Pisani,martino87@example.com,$2b$12$oUYA37//woFcKK20Ep5Y5eJA0UfBepurb8flDtRZu34nvv063F53i,user,0,1946-10-02,371553323,"Viale Taliercio, 1 Piano 1",Montoggio,CA,28852,2025-04-21 13:04:00
1077,Ezio,Serraglio,xmarconi@example.net,$2b$12$z/e3a7braW8SnjfYd3F4gu.uk3E7aow4/aXBvYHw.taocT2fFjJKC,user,0,2002-01-08,+39 083232565,"Viale Dante, 827",Albano Vercellese,PU,35046,2025-08-17 12:09:46
1078,Bartolomeo,Amato,ludovicapertile@example.org,$2b$12$8Z7.IFxOXYmw8qnB8caMAuQ4lVm5YODdONbMRxUk4CIxrVFQ3gOi2,user,0,1942-10-10,+39 05663290631,"Incrocio Pagliaro, 9",Curiglia Con Monteviasco,SP,47027,2025-08-08 07:31:27
1079,Giacinto,Rinaldi,adelasiaverri@example.net,$2b$12$OEqJ923jCc.8a0IHjWYrQ.rFzbTnkEaKEYWbRFf5bhMHx9J/tzZGa,user,0,1953-01-24,057135915,"Incrocio Bottigliero, 5",San Donaci,FM,63837,2025-08-17 23:51:19
1080,Roman,Prada,nviviani@example.com,$2b$12$tGoicaT1OylMsLUMCrzb8uFI1htTWk0i0Hl5JwBMMWUUWnYCBZtfy,user,0,1991-09-08,3515960728,"Stretto Guidone, 866 Piano 7",Maissana,MS,35023,2025-06-03 04:25:18
1081,Barbara,Fo,dallapecarla@example.org,$2b$12$YYeARE7TXuCuIBjfOQlTY.5hJa8ec7hfbbnYaNna5aK/1GYxstmH2,user,0,1996-06-23,+39 381738155,"Strada Leopardi, 7",Luson,SV,23036,2025-10-27 15:55:06
1082,Cirillo,Vivaldi,gioffre48@example.org,$2b$12$QzrsdzbQlZX0gZAew1CGweNYidLkDN7eXXpkkiemVBsBS1ypX.cZq,user,0,1985-02-20,+39 379173245,"Piazza Gabriele, 64",Pove Del Grappa,VI,56043,2025-05-21 01:00:01
1083,Concetta,Campano,giulianoandreotti@example.net,$2b$12$MHURi3yWy0e5dtbMn3NL5uHzuxWp9tG0dzaY5M7rJjYSRbVAB52Ga,user,0,1971-03-22,0166276225,"Incrocio Falloppio, 47",Comiziano,SS,86086,2025-09-25 14:06:16
1084,Cecilia,Aulenti,mengolopompeo@example.org,$2b$12$Ang2D9h./9756KDkprwng.zJvdkeaf3w12U/N1lRR9AifX7tkkRAS,user,0,1971-02-04,+39 034573345,"Viale Federico, 41",Ragusa Ibla,PU,33047,2025-11-05 05:22:29
1085,Bartolomeo,Avogadro,gianfrancesco68@example.com,$2b$12$YZZ0X4UIUaChIV5ard3OzeSBYe7IyGdco2Wn0/At36c/GPoM6ISTO,user,0,2001-01-31,0141505682,"Canale Vincenza, 86 Piano 0",Villa Mattoni,SI,90033,2025-05-18 14:35:09
1086,Ansaldo,Trapani,fabriziapanicucci@example.org,$2b$12$OUVehF8J/.yw5G3UWYOH2.KDvJ2ILg8YIWj8nD.DJqswBkf7x/XZm,user,0,1983-05-30,+39 0890768814,"Strada Antonello, 2 Appartamento 9",Serra San Quirico,UD,23813,2025-09-05 00:34:50
1087,Gianni,Ajello,giacomettiarnulfo@example.com,$2b$12$dtHdyXz2Ony1WbvPItJ36.1ghMayTTYOLNcU3ZxLwmq1Kv2MZ4.UK,user,0,2004-03-05,+39 3434492688,"Vicolo Letizia, 3 Piano 4",Torrevecchia Teatina,CS,35015,2025-09-14 15:45:57
1088,Achille,Scandone,domenico23@example.com,$2b$12$D9vLtcNJ.OXxPAZGvuKtueNiH.3PRVB.7DdbPMF.efx5.AvTB83I.,user,0,1942-10-17,0874437018,"Borgo Marta, 34 Appartamento 55",Rocca San Giovanni,VA,73027,2025-07-02 06:57:28
1089,Gelsomina,Iannotti,ibarcaccia@example.org,$2b$12$GxVn2zNL5oEcXXtSSr/hC.tkr9.C0TlcBbbkqrPGAoTb7CTw0NTYC,user,0,1971-10-27,+39 093271812,"Borgo Bragadin, 5 Piano 2",Rivoira,FM,35026,2025-03-13 02:14:29
1090,Filippa,Caffarelli,lucianisante@example.net,$2b$12$KO5ayS1vwWljFoneFpRKounyOIjP3hH4FOP5W53RI50xb.GuAOJsO,user,0,1999-02-23,+39 047168278,"Vicolo Telemaco, 541",Biancareddu,MB,84050,2025-07-23 12:34:39
1091,Baccio,Castelli,sylvia05@example.net,$2b$12$vH3CWO5CeP2wV7cjPpdMOeWkP2V3fmyppZVt42AnOvGNVdzrBwwbi,user,0,1940-09-02,0784429258,"Via Pizzamano, 276",Ponte Di Castegnero,MN,37044,2025-06-02 20:34:15
1092,Patrizio,Bocelli,ubertomontecchi@example.com,$2b$12$tWxmwn5JjEK5f5zeDtAdZuQsPso43RpllJkeZUU9vHMGL34Zj/oFq,user,0,1947-03-13,37132047754,"Viale Balbo, 6",Ceriale,MC,66051,2025-01-10 20:18:10
1093,Giorgia,Majorana,ruffinidonatella@example.net,$2b$12$APcCbmSt4JrJxoGI6UJtSuzmtJeVNvEimJA69AX9oVgNtRkK4gMvC,user,0,1946-09-12,+39 3368319312,"Incrocio Mortati, 8 Appartamento 28",Passo Oscuro,KR,67036,2025-04-10 22:14:19
1094,Coluccio,Vespucci,lina34@example.net,$2b$12$HdGI1M5TCehAOSsKSEkeP.MBrHhNUS..rB/WHbsMswePCc0cpqHgy,user,0,1982-03-01,+39 0532678430,"Canale Raffaellino, 20",Modugno,FM,13863,2025-10-17 22:19:24
1095,Fabrizia,Tamburini,serlupitoni@example.net,$2b$12$xwJWqnGmkT7NE0cEOToak.0zQcB8ngKsPqMy/3BULHACjfNgWeVj.,user,0,1979-02-24,073767462,"Incrocio Cundari, 73 Piano 3",Prato Perillo,VT,05010,2025-11-14 22:57:35
1096,Pier,Tolentino,liguoriteresa@example.net,$2b$12$nXHh9X6M4VskvlY5EO7uTulkjEScXsRFEdFMidrP10we59QTtZsL2,user,0,1941-07-15,33907313949,"Vicolo Columbo, 2 Piano 0",Revello,NA,28012,2025-11-06 20:58:25
1097,Lando,Manzoni,carlo40@example.net,$2b$12$0oDYA/wpOaoRqM.3Edb1N.xn3eEaeyqG3h2Vvm/oRYhk/ZzRVYoLC,user,0,1987-11-10,+39 09846483138,"Strada Bianca, 493 Piano 0",Valle Salimbene,PR,35015,2025-08-03 20:55:09
1098,Bruno,Campise,hmanacorda@example.net,$2b$12$X4nNT/pqH0CBeIQ.QRyjz.YmwCfoCT7kUAF3v4yGOxGKrwmEbr4yC,user,0,1999-09-20,+39 3711506995,"Via Mazzini, 145",Piana Di Monte Verna,FI,28828,2025-11-25 23:37:11
1099,Rossana,Garibaldi,soniastein@example.org,$2b$12$IAEEidkidzacI4sJzKs3ZO2IhCV7d/j0QeWAX9ywTLuPWsjzndTZ.,user,0,1972-04-29,0776871568,"Viale Alberico, 8",Tito Scalo,FC,34129,2025-02-26 01:22:54
1100,Temistocle,Pederiva,qcombi@example.net,$2b$12$58/zsc/YHaFHFF8eKhZpiOMUqom2R/dW3gh44A5BefMSkXbC7KxOS,user,0,1989-10-25,3802936656,"Via Alessandra, 70",Pino D'Asti,RE,44021,2025-08-11 11:40:45
1101,Renzo,Fusani,fpaltrinieri@example.net,$2b$12$T8zUNdHmH3L//t92dD0G9.kM3QCzX5GJss3kmEqYurc0l0eDrUMcG,user,0,1952-03-14,+39 093164541,"Rotonda Bonanno, 47",Gornate Superiore,FR,67061,2025-05-01 23:22:35
1102,Fedele,Pennetta,carolinabulzoni@example.net,$2b$12$Rrc4LT0v6KWEPNgAoQ2cluZOMuvD7d2eFGJXq3wWsXfFkZKemLHkO,user,0,2003-12-11,+39 057767518,"Contrada Tencalla, 5 Appartamento 3",Bereguardo,SR,32010,2025-04-11 06:41:03
1103,Viridiana,Tamburi,donna35@example.org,$2b$12$7WdtOVRyyON0IH5uhvr87.Yz1rpD/PIA6YEu7yeiuKZ5kA4YO2lqe,user,0,1978-05-22,+39 351265586,"Via Pierangelo, 4 Appartamento 6",Parchitello,CZ,23013,2025-04-30 02:19:53
1104,Arturo,Raurica,ajelloferdinando@example.org,$2b$12$NDLvRmtU7Vu6p0kZh/fqoOuPEY9r9UrPc9NLwBCXAhx24IX3.gMCi,user,0,1984-05-02,078430325,"Incrocio Scarponi, 55 Piano 0",Carona,GR,13043,2025-04-17 03:04:44
1105,Elena,Bembo,mgiusti@example.net,$2b$12$MLx6QmvE76clE0N3Arr0EuuAEhuiv7xIAZr.OMd0TjzB.K1z1grbO,user,0,1971-02-14,+39 37765040129,"Vicolo Eco, 6 Piano 4",Isola D'Asti,CE,96010,2025-05-26 18:09:26
1106,Armando,Borromeo,fedelepisano@example.org,$2b$12$l4Pn7kR0pLqEFcRf0GnQIOzkE3KAGBjyC0gFHDWIaxDJ0wpHqSKU.,user,0,1964-04-29,0957073479,"Canale Carriera, 85",Sant'Elena Irpina,TP,41035,2025-06-27 04:04:41
1107,Baldassare,Scaduto,renzoughi@example.net,$2b$12$vJo9HROsU.lXsbHnpsUdSuTXIg//9gItp/neXoB/NI9Qx0ksxAyzm,user,0,1946-03-26,05849129053,"Viale Callegaro, 469",Fiesso,PZ,13020,2025-08-30 20:27:22
1108,Luciana,Golgi,lambertoboitani@example.net,$2b$12$ov.PTxfoY1P3wKkRlXKd2uuP3ey9FlYSz6eno2wkkX2yz4kdK.D0q,user,0,1953-08-09,0409015244,"Strada Adamo, 76",Volturara Irpina,PE,27020,2025-08-06 11:58:06
1109,Damiano,Chindamo,magnanifedele@example.com,$2b$12$GSgnVTw/9lZJT7QsXg.ESOEvKwAH5aJxbp8NjnImOE2gbGzuCFBhm,user,0,2006-11-10,0874845037,"Piazza Sabatino, 21",Sovere,VE,55015,2025-09-01 00:27:56
1110,Rosario,Deledda,pisanifederigo@example.net,$2b$12$uMhSTvx2d0Oohsa0Zb2lQuuKFjlXAovOFgPfx5eId5XOonf9eUQRG,user,0,1966-02-10,+39 3330745354,"Vicolo Fabrizio, 550",Marina Di Andora,GO,43029,2025-04-22 03:17:54
1111,Gianni,Zamorani,antonino20@example.com,$2b$12$ZuElc3K2eLXc6uGQB4kB3ucwsuKCNKBZ0lzwjjemvcj9VctCowLNG,user,0,1955-06-05,0832836349,"Via Canetta, 82 Piano 1",San Martino In Gattara,VV,85049,2025-03-09 14:14:48
1112,Romana,Bettin,rcassara@example.org,$2b$12$WQAXxIL7g7CLAVTmhad8eedmC0ouZtnKZSxqjVZssposciBUW9AOC,user,0,1966-06-10,+39 3933695235,"Rotonda Bernardini, 5",Brusago,LE,10133,2025-05-27 05:10:02
1113,Maria,Ricci,giuliano37@example.org,$2b$12$l4hPhHImzKPIHU8o97VYROLlMB/LH2q3i7mey7kW3ZqJbAbljDKya,user,0,2005-04-01,3609999231,"Borgo Licia, 25 Piano 8",Valsorda,BZ,10149,2025-08-06 19:32:58
1114,Vincentio,Nicoletti,natalia38@example.com,$2b$12$7Hqd6u7DPEmuTWyCcQ1jm.cOvuJkkfn0Ypj/Qw947iY6/CJpSERSG,user,0,1957-05-04,+39 09234987348,"Piazza Brancaccio, 977",Santa Maria Del Tempio,GE,25052,2025-07-10 03:15:53
1115,Stella,Giulietti,kcombi@example.com,$2b$12$w5oyhVJ6Ibmz5d6tSHUrzuuYCqiWZHhpy1AITTzav.iwRP3N0JXyC,user,0,1941-08-06,05211579326,"Vicolo Germana, 70 Piano 5",Genzano Di Roma,OR,75021,2025-10-30 14:41:50
1116,Gabriele,Renault,nicola16@example.org,$2b$12$Zfi2lru8ZcmrJh/qwkjLSeRSm0GRW/NbPv1ESmLv21dLKLtJFKBs2,user,0,1966-02-03,+39 053502314,"Piazza Bresciani, 79",Marina San Nicola,BT,13027,2025-09-24 00:43:48
1117,Gelsomina,Giannotti,salviliverotti@example.net,$2b$12$8NQmjug5wlIsVy0jRFNI6e8rQeuaV5HBm6SYlQ.xwvTxHFTi9PARC,user,0,1949-02-22,03446300051,"Rotonda Pininfarina, 64",Sant'Anna Pelago,MN,22060,2025-08-13 08:36:22
1118,Biagio,Bonaventura,luciano88@example.net,$2b$12$xWexYgkDg0uD/0ZwffYjR.UX7nrQMSM9/Z4ieba7rBq1Vv.7o/47y,user,0,1976-02-06,096227520,"Strada Trevisan, 38 Piano 2",Santa Domenica Talao,AV,80026,2025-08-09 02:55:50
1119,Leone,Cristoforetti,costanzo92@example.com,$2b$12$EAPwq/HDu7lbHJOhsR2kjekZYwUq.LyHnIehGge2fWdLum6ruiOzy,user,0,1951-12-16,0784448273,"Contrada Giuliana, 66",Cadiroggio,VB,87028,2025-08-30 06:20:11
1120,Napoleone,Salandra,rvisconti@example.org,$2b$12$a2MXshOlI8D9vTEa7uRQcephzUJSzqwlt4H4dRZGako/8ihCZ9.Lq,user,0,1972-02-17,012395485,"Rotonda Canali, 19",Quota,VT,25040,2025-01-06 19:05:32
1121,Gioffre,Forza,contedanilo@example.net,$2b$12$dQxftvwgCeFCufs5vdMqfOurpmRUaCGLZh28pz8UIXb6cfcRcOhK2,user,0,1991-10-24,+39 0705749266,"Stretto Baglioni, 798",Potenza,BN,83015,2025-06-22 23:53:23
1122,Milena,Tozzo,ycaruso@example.net,$2b$12$hl5hYTUwHXXbWzlx9WzyqeicMGrl/3QI94ns2WI4TNtA6A1U1FaK.,user,0,2001-11-11,0344161431,"Strada Valmarana, 482 Piano 4",Colugna,PT,98149,2025-01-31 16:08:07
1123,Cristina,Iacovelli,lamberto01@example.net,$2b$12$MdcoFHY623GZom0BmIISeuiheKctFJjjYKeDyhRXLCFFrJmoM.YuK,user,0,1960-08-18,3311036205,"Piazza Almagià, 936 Appartamento 85",Dimaro,SP,21021,2025-09-24 00:02:19
1124,Ida,Argento,icorrer@example.org,$2b$12$FCCo/KzlMB6T/zC1vUa3teMgdqz8.2D3pylkxfJLgcI.6tK8gDJFW,user,0,1959-04-23,+39 0594791357,"Strada Lupo, 17",Sciacca,SI,86035,2025-09-21 08:21:10
1125,Giorgia,Rismondo,abbagnaleachille@example.org,$2b$12$TDH4LID3XSF7UCJy9hrzSO6T5SMHKcMAuRnfBExhubKId4PX6G346,user,0,1946-08-24,018798291,"Viale Legnante, 74 Appartamento 82",Berzano Di San Pietro,VV,56122,2025-01-27 21:23:38
1126,Paloma,Traversa,ramona91@example.org,$2b$12$vOe6iWp1KQQ.vZLjhvUyNOHl2URNO2utXkaMmNtwvyRTMvK4/52am,user,0,1971-10-06,+39 37556468803,"Stretto Zaccagnini, 53",Valgiovo,CR,65123,2025-07-18 19:52:35
1127,Arsenio,Vittadello,pomponio62@example.org,$2b$12$fDc1thg5xhK10xkvBh0bj./WFxPK74.XhocD1yw/4TbBi0LDadQ0e,user,0,1970-06-18,0890090195,"Strada Morellato, 894",Pereto,PR,02041,2025-07-09 23:59:16
1128,Ernesto,Cantimori,marcantoniononis@example.com,$2b$12$G8gEb0ebki1N7Fj6JaGSyetcmjoxYrdO6DeRpxP4uS.RpwC0LKbO.,user,0,1996-06-15,3813307164,"Borgo Fibonacci, 235 Piano 8",Musellaro,IM,22024,2025-08-21 16:38:06
1129,Patrizia,Montecchi,daria91@example.net,$2b$12$1TI8uEyfcPRTETDbn/eVl.2aa2tMWBGAbwYF6wa4Ml3evSJ6tIq9W,user,0,1982-11-14,+39 3710422263,"Incrocio Gioachino, 75",Battifollo,VC,64033,2025-07-13 00:47:43
1130,Donatello,Montecchi,kgiacometti@example.com,$2b$12$g5HAOHRTJqXYIAsAJ01bge1lLPSOkjuix1WvI..fQG4p7YuT9S4dO,user,0,1950-07-14,+39 093458779,"Canale Giosuè, 464 Appartamento 11",Soverato Superiore,PE,74021,2025-02-11 01:35:42
1131,Eugenia,Bazzi,massimilianobrambilla@example.com,$2b$12$5TFtUaAevqlCrmRbtI87q.RK0Eaha96iMbqAkyq5QiKguAlYNbxXW,user,0,1958-11-14,+39 3791966916,"Viale Morena, 1 Appartamento 0",Intavolata,PI,36045,2025-07-14 01:08:32
1132,Baldassare,Montecchi,kveneziano@example.net,$2b$12$oqm//hgDFsegSaIwXJOgeevJth3Yb8bTANuoFn6MnoFPKGCIHnoFK,user,0,1997-01-31,0424412462,"Via Dante, 9 Piano 6",Ossimo Inferiore,AQ,51011,2025-07-18 16:35:59
1133,Alfredo,Travia,gioeleserlupi@example.net,$2b$12$GQD8hQaPQDXZPrHixoZcMOU.cl2nEy36fjFBmAuCPhNB4eJBtWgGi,user,0,1988-03-31,3602679446,"Rotonda Mazzeo, 98",Villaputzu,PV,09131,2025-07-12 01:51:16
1134,Bartolomeo,Golgi,eandreotti@example.com,$2b$12$tR5k8zPrkARTFkRCiGR13uBqdumoQP/jR0K/tsSBA8vt2vS1NH1WG,user,0,1944-03-22,+39 35171539168,"Canale Pepe, 4 Appartamento 33",Chions,BR,15021,2025-07-12 16:36:01
1135,Flavia,Ciani,veronicalercari@example.org,$2b$12$15xA9jszkRzuWhA3ROGjUeVIecHnOKH/wBCzIEVD.5td9ZnvG0MTW,user,0,1967-12-20,+39 073438795,"Borgo Scialpi, 26",Santuario Di Savona,CS,20161,2025-05-18 07:53:51
1136,Cristina,Franzese,annibale92@example.org,$2b$12$Ea770tilEz05WmRDOmy6j.KEVE/Kd1Ad6SfJNQdc6LHCl4wpdAh8a,user,0,1956-02-12,+39 01237232485,"Strada Ermes, 5 Piano 8",Marina Di San Lorenzo,UD,10014,2025-05-31 03:12:44
1137,Giada,Fagotto,rluria@example.com,$2b$12$Q9TBhPydJVahJyENCNXGaulv5DPKbt7tSQahNOudoHTKxqOETdVwW,user,0,1954-04-03,39392554008,"Strada Monicelli, 9 Appartamento 88",Tregnago,RM,63844,2025-03-20 22:13:22
1138,Germana,Anguillara,scaleraromolo@example.com,$2b$12$zLRT2pmlcLXuFY.QkUlbg.kM5gaEPz7rKFEyn9YrFGpCf8l2RSh4y,user,0,1954-03-24,34710615430,"Piazza Ferrucci, 73 Piano 3",Valle Aurina,GO,74011,2025-04-12 06:30:55
1139,Beatrice,Pavone,proiettipaola@example.org,$2b$12$Jz4yLf9SCXHs.Pj6G16JFOLBmv/aNqisaeSh/eB7tq1.squy6.XNe,user,0,1973-12-24,3519177105,"Strada Antonio, 54",San Gottardo,LC,20162,2025-01-23 00:15:59
1140,Bruno,Viviani,lmazzi@example.org,$2b$12$73iV1ki1LHdN6TDSn25GpOwP6o93lqm5zlnWmq.ebAcTss5kicub.,user,0,1943-06-10,073482304,"Contrada Mengolo, 5 Appartamento 5",Colle Della Maddalena,RO,37053,2025-09-14 07:01:35
1141,Giampiero,Fusani,agostino59@example.com,$2b$12$7VQmdNFW6HL2A6Nq6hN.FeFTZoSrd.N4KID/06Su8rvfWTNsjhA96,user,0,1997-05-31,+39 0345691383,"Incrocio Graziella, 85",Cervino,MC,16124,2025-06-18 02:54:10
1142,Enzio,Scarponi,danielesinisi@example.net,$2b$12$uZkeydVfV2GOPngosYfgXeA3pCioKvpLXvXNobE.u2XvweCxu0COS,user,0,1967-04-24,+39 04453861414,"Incrocio Telesio, 230 Appartamento 13",Rovasenda,MO,36056,2025-03-02 19:16:30
1143,Edoardo,Guinizzelli,fgaliazzo@example.org,$2b$12$.hipKigBDS9wxyAtj9FISuS3o5LaS5d3OjCqBDbuCNG/Aai89MHty,user,0,1975-06-14,3773158194,"Piazza Turrini, 2 Piano 2",Talignano,CE,09124,2025-06-21 06:17:53
1144,Giuliana,Randazzo,luiginanitto@example.net,$2b$12$78w6w.fhh5SXDA7xXsgKROQH9HsF97pp6BfhVgPf70B/81GVBPcKy,user,0,1985-12-20,+39 07895258635,"Strada Mattia, 2 Appartamento 60",Grazzanise,IM,24020,2025-03-25 06:57:45
1145,Salvatore,Visintini,benvenuto97@example.org,$2b$12$vVi5ANvT15U5rkYO9UyTZOMOK61MayIXSOQ/TIHXMN509FRXGDMuS,user,0,1972-01-24,37151810269,"Piazza Livio, 15",Sottoselva,TO,31055,2025-07-28 07:05:54
1146,Maria,Porcellato,fpaolucci@example.net,$2b$12$..9OQ736HDXsf38b/yPtz.S2zjG4It8AyeWD1kxnnX8SnH.hN8/ra,user,0,1980-03-05,+39 054418157,"Viale Giovanna, 45 Piano 3",Bova,TE,80138,2025-04-23 09:38:57
1147,Annamaria,Filangieri,isabazzi@example.net,$2b$12$MLCroHQJRF.fYlxZEzRzhe2rpeMGAqyRIerDKs0NetuOUOdtSKjgC,user,0,1942-09-09,054195555,"Vicolo Inzaghi, 81",Mossini,VA,67044,2025-04-28 03:55:22
1148,Sophia,Bernardini,ariamercalli@example.org,$2b$12$x0AFcO0.PeRYo/J41/jFYubTmstJvEg3Ax4KEKZKZOOPPP1DBP8GG,user,0,1989-08-23,0434647943,"Rotonda Amanda, 44 Appartamento 9",Fierozzo,RN,21049,2025-04-25 06:52:25
1149,Lucia,Saffi,melissa89@example.org,$2b$12$FJEIvBNTflx468MtmekyFuWy1T3IFSgfYSngco5Fkr5iZob4FJlYm,user,0,1948-08-01,+39 04449190329,"Borgo Brancaccio, 47",Zola Predosa,LC,42033,2025-06-02 07:13:38
1150,Elisa,Surian,maurocortese@example.com,$2b$12$aBOb3aJ.CNFKrymhgiTuF.eiNM4meLon9rApWx9qPvVQmOxIe/IEu,user,0,1982-08-15,+39 04618187451,"Piazza Ignazio, 6",Traves,RC,89044,2025-03-19 15:22:31
1151,Tullio,Gonzaga,amedeoerrani@example.com,$2b$12$91re.ekbZZVmHosRvsqWn.ekfoBANT1FhIkO8.amoY2h1k6RGb1He,user,0,1976-04-06,+39 3770714489,"Borgo Gabriele, 54 Appartamento 4",Adrara San Rocco,LU,31033,2025-05-03 10:08:12
1152,Ezio,Mercantini,lolivetti@example.net,$2b$12$OGh9k/JJ5qKifgDB55MKLOwLpBQTLc7b0RJj7PiqHFOL0.BLOnkwa,user,0,2001-02-24,+39 0908263381,"Viale Caracciolo, 16 Piano 1",Salassa,UD,60018,2025-07-06 14:25:52
1153,Nino,Brunelleschi,raffaellasalieri@example.org,$2b$12$PBS4TlX0x1gzWqxoB6pBy.a/tz/aCS0/DuBmmw7H18/zz//e1r/1O,user,0,1990-01-14,+39 3404471292,"Contrada Ennio, 776",Fossa Di Concordia,BR,44029,2025-05-16 09:51:03
1154,Milena,Forza,luriaromolo@example.net,$2b$12$n.wE.SaO6vZxzF3xewqKhOWrVMhAJh5wNgTWBAyLn9/3mgA5MaRrO,user,0,1968-01-29,+39 351877403,"Incrocio Rosina, 814",Arzano,EN,35043,2025-09-26 00:30:49
1155,Vito,Avogadro,upetruzzi@example.org,$2b$12$L/6l7dmmJQVZXLdR6p/5FOiJaAduJH/w2OsmyIGtevb2RT5Vt36MW,user,0,2007-09-27,+39 09631460858,"Viale Ottino, 89 Appartamento 4",San Lorenzo In Campo,FE,27032,2025-04-22 10:34:24
1156,Leopoldo,Sordi,giovannamontanariello@example.net,$2b$12$nR37uGFhEL55h2kCsF.vKOzQxiJfldCL.Vpubo/Fwl/jdEqd1sG6i,user,0,1985-04-20,+39 083506611,"Piazza Bignami, 74 Appartamento 17",Samatzai,BA,16141,2025-01-30 14:32:39
1157,Stefani,Borzomì,lazzaro18@example.com,$2b$12$gLn2t7iMywSx7Y4OmgpupuFSEDeVcle7sqR33V3jEfREeuCkk7YCO,user,0,1985-03-11,0922626187,"Piazza Berengario, 76 Appartamento 4",Cognola,GO,70054,2025-01-17 10:05:33
1158,Benedetto,Lamborghini,ciprianoabate@example.com,$2b$12$b/kVTheJIMtKZHiXZvI7/O4W20cdi0SSvWP289.aX3guMCIK7naBO,user,0,2002-08-12,0737425992,"Rotonda Garobbio, 299 Piano 3",Frassinello Monferrato,MC,14026,2025-03-14 18:44:01
1159,Fernanda,Argenti,persicogianluigi@example.net,$2b$12$/.jaLHViDqM05QeAawp9RepusolRHzD4IemKNTdtX2cmlopafQHwi,user,0,1988-01-13,0481707490,"Canale Armani, 8 Piano 8",Asiago,VC,37055,2025-02-22 06:04:53
1160,Domenico,Cossiga,trentinlisa@example.org,$2b$12$LrSa72.bIaTculIczyE14eJXRo3dqCLDQIKfPVl5NRwOSkp8ANUES,user,0,2005-06-22,0549019756,"Rotonda Tutino, 760",Madonna Di Tirano,AR,18012,2025-08-25 04:34:18
1161,Lando,Ziani,opometta@example.net,$2b$12$WkdtPkguamgYqvHcAKtcwuoiBAXXdcO1K6w/2SwB3sftCmBLj5yjG,user,0,2000-04-06,0543624329,"Piazza Cantimori, 74 Appartamento 4",Colle Di Compito,LC,39037,2025-01-31 17:09:27
1162,Griselda,Ughi,rienzoniccolo@example.org,$2b$12$NUDY3HHRLvR1k7YkQkHhAe6cGbP1ldn3juZZtAmBHWtWU7pmWeN/6,user,0,1993-08-05,+39 34262244686,"Viale Iadanza, 4",Casarza Ligure,LO,86097,2025-02-15 05:43:59
1163,Caterina,Sermonti,lucianocignaroli@example.org,$2b$12$BcOj6NxpGbYH91T2fQXrButDB2RBrSFEGQg/0HkUUp8szwURqbI.a,user,0,1943-03-28,+39 343629538,"Strada Mario, 575 Appartamento 4",Oratino,GE,89862,2025-10-31 12:54:11
1164,Amanda,Ricciardi,ucendron@example.com,$2b$12$VdIWTKeuwCSSSSx3A0/y9ulvqj1g5wktCEsyxO6AxBWyQfsJ6LugK,user,0,2007-09-20,077507061,"Borgo Tamburello, 8 Appartamento 96",San Pietro Vecchio,SU,23896,2025-08-21 21:46:29
1165,Giorgia,Donini,bassoadelmo@example.org,$2b$12$f3H5566E5mLfUC9Z1dUBb.noe7.uoO3Ya8ybHKRxnV8oGmIn2aufi,user,0,1983-10-02,04328528715,"Rotonda Bombieri, 74 Piano 5",Montefiorino,PN,08023,2025-08-04 12:30:39
1166,Lodovico,Necci,zinzaghi@example.net,$2b$12$ZncO1X.pQE6QU/4kjDW6o.J6c8fUMyzkzjRcZGI2E3vzLLu.Km5w.,user,0,1984-05-09,363188334,"Stretto Berrè, 6",Tramariglio,TN,18010,2025-03-18 14:57:38
1167,Piero,Papetti,vbianchi@example.org,$2b$12$2ne5ttFd/pNNfMG5E900t.PVaSOhY77M/AHlgBdAiQhBIDV.3k94y,user,0,1946-07-03,+39 37104727431,"Borgo Amleto, 87 Piano 7",Bastida De' Dossi,MC,29024,2025-03-28 00:22:58
1168,Gino,Tamborini,lgremese@example.net,$2b$12$fD8h0sBfV6FOjb6oT34h.O9BwOGc55vmwcyaKSRfdbq0i5tu7LHR2,user,0,1979-08-28,012561015,"Borgo Torquato, 330",Pfulters,GE,53035,2025-07-05 17:27:42
1169,Romolo,Trupiano,guglielmo47@example.org,$2b$12$BjUi05GBDpi.kAxyJT2iPu3vaVZLnH24zvvLmgu7fO5e0KrWT2YEe,user,0,1967-08-09,03656270780,"Viale Valerio, 82",Spezzano,RG,42043,2025-08-18 17:37:57
1170,Filippa,Antonello,girolamo37@example.net,$2b$12$3zZ5CTFKofp6eZykmBQrFepd9iOrMigiqI7PZo8hlZzAboKqR0/oa,user,0,1944-03-08,+39 042483845,"Incrocio Marcacci, 94",Treviso,IM,17044,2025-04-01 10:14:34
1171,Eliana,Ossola,oiadanza@example.net,$2b$12$JpH4xaK.AgenGjmEGSlXLOew.LKtFceue4t4JLloZZLezWO/rv1L2,user,0,1958-12-06,37159147057,"Viale Fagotto, 486",Isasca,ME,66019,2025-07-07 08:59:04
1172,Sante,Volterra,monduzziantonello@example.com,$2b$12$9/ICRSnz.X.JqsD85auXv.r.jEgdY20Rk6cx4/axAGzlm6NxBFw/K,user,0,1983-11-05,350949971,"Stretto Gianluigi, 2 Appartamento 2",Sant'Eraclio,AL,74018,2025-05-14 07:08:16
1173,Carlo,Schiavone,giacomocanova@example.net,$2b$12$TUQDpa2KrwipgrnN60V3o../31fAiYcXRlsfZ3hyoHOML6TlWyRDC,user,0,1992-10-24,0122101964,"Stretto Ida, 527",Cene,RI,40060,2025-08-28 02:07:17
1174,Giuliano,Modigliani,morgagnigiancarlo@example.net,$2b$12$ZUv/nL6nmSVZoEd9b46JnOTDzXPFX./LClGMp96LrzRzp5vUep5Cy,user,0,1967-11-09,3812940425,"Canale Vincenza, 91",Pens,GR,07100,2025-09-22 16:10:57
1175,Beppe,Taliercio,lsavorgnan@example.org,$2b$12$/NyWs76RkryhPJRRL1nQ6eLLmqgSu3vH.I6DPa0invAVp9zIamFIi,user,0,1972-07-11,+39 0345922459,"Contrada Sandi, 75",Giaglione,FG,98156,2025-03-06 00:06:20
1176,Isabella,Sismondi,toninoporzio@example.net,$2b$12$TL7doAygwfyON6jso8V0je5b8lwLLKjSH7XSj0a9vHX3cmHXXuMFu,user,0,1969-07-03,0300418673,"Strada Piersanti, 43",Corazzo,RC,80030,2025-02-13 20:49:06
1177,Emilio,Barsanti,ctrincavelli@example.org,$2b$12$NixnCnL0BBsaLeR/LIilquGen88U18jrxoblw0ikS/qI83SPSsn3W,user,0,1987-10-25,+39 0461381120,"Rotonda Ruffini, 1",Domaso,VR,38050,2025-07-15 19:56:00
1178,Donato,Mercalli,alessiaplatini@example.net,$2b$12$upR6L.zkMfpZStLXlPYGL./hSN1gDDo9aK/Mlc8hUzq9BmVmb.oDG,user,0,2001-01-28,04715833472,"Canale Ceri, 81 Appartamento 88",Brancaleone Marina,LE,40122,2025-04-28 14:33:40
1179,Guglielmo,Zarlino,dionigispadafora@example.org,$2b$12$aXYncX.EJAAxPR5po3gxsejUioHwNxzuTvoLvdW2xyrf2p/IOba6.,user,0,1951-11-30,04900039690,"Via Innocenti, 11",Isernia,SP,23804,2025-10-13 18:49:06
1180,Lilla,Bevilacqua,paolettanolcini@example.net,$2b$12$Fx2JsojC5gajDTvmUrDKAelk00rdYc3aOSNaJL/wKEk90sXX9TVrq,user,0,1942-04-30,+39 37113269881,"Via Civaschi, 7 Appartamento 7",Völs am Schlern,TP,00023,2025-04-08 04:18:10
1181,Adelmo,Ossani,adallara@example.net,$2b$12$n4nSZCefb8U5W3EgKTsLEOgpFJPL3ekCGKVzHD0dq2lzXnNopcGLm,user,0,1941-07-09,+39 0461387519,"Borgo Moschino, 66 Piano 9",Sannazzaro De' Burgondi,MN,10090,2025-07-31 18:29:20
1182,Ricciotti,Gentilini,ksalvemini@example.org,$2b$12$nVrS63A1xYl.BvAaJqd5VOf3v1hrt4F2dDHC6xr6lPenqLpgzE5.e,user,0,1964-03-18,+39 037589898,"Strada Visconti, 96 Piano 7",Silvana Mansio,AN,26866,2025-07-02 07:18:51
1183,Giovanni,Malenchini,wmalpighi@example.org,$2b$12$rrMBjFLvToWcUF03UTUyZeP5KHpIjRZqk/K5ikguztbFgEnG5CU.K,user,0,1963-12-31,+39 037278404,"Via Adelasia, 21",Rometta Marea,RO,50061,2025-09-26 08:55:39
1184,Napoleone,Perozzo,ebenedetti@example.org,$2b$12$um1InFgWHZp5feIHGoYNeuVHN79o7Ibeh4yzMb8svc0f75Idwuin6,user,0,1950-03-08,0961764468,"Via Amato, 32",Classe,BZ,50025,2025-08-05 13:58:44
1185,Veronica,Avogadro,brunelleschilina@example.com,$2b$12$CQMIavZZkwKPc01pl1yJe..fBYkXbfSke7krTzljj9Bd8EIh1Q.PG,user,0,2006-10-24,050013191,"Incrocio Opizzi, 34",Campofelice Di Fitalia,LT,35100,2025-03-17 10:23:36
1186,Fulvio,Treves,albonigiosue@example.net,$2b$12$BLpMDmx4ciS3sZuKSjJdTefmJRhp.kayyJ5FZ/AqE4kmhcXSpdCoy,user,0,2003-11-05,0365356931,"Via Ruffini, 58",Lazfons,PO,38097,2025-07-24 16:36:17
1187,Fabrizio,Toldo,utommaseo@example.org,$2b$12$KffOk0vp.MeGmkag45SQneRAN0MNh2dRcOEsIVhhtm6Ck9Hhz79jW,user,0,1961-10-31,377478173,"Vicolo Flavio, 77",Vigano San Martino,PI,90043,2025-04-30 02:40:24
1188,Simonetta,Bertoni,zitonico@example.com,$2b$12$/Kl/5OSEzCIwLT1.FFlg6uY8ImuiQ4oiXHIEgFYx0UUoEenteqZi2,user,0,1984-05-11,+39 37038094166,"Viale Delle, 6",Triscina,CS,20019,2025-07-23 19:13:35
1189,Valeria,Pergolesi,pedrazzinigianna@example.com,$2b$12$BFAG0CIq3sL1tLY1AzNnOedKdzsKAn1Q5C9.NsrsfJTfpmnSa7Pj2,user,0,1980-10-24,341885171,"Contrada Matilda, 648 Appartamento 39",San Costanzo,AL,56048,2025-04-14 12:41:55
1190,Cristina,Sraffa,teresa37@example.net,$2b$12$zQMpJw2sm9jf9NpkA3PDiOELk9SuwQORB24Mq/5Z.LHW/UMNitjvi,user,0,1959-04-18,0884332540,"Stretto Caccianemico, 14 Appartamento 0",Carlopoli,CL,60031,2025-08-12 15:47:22
1191,Hugo,Chiaramonte,pietro50@example.com,$2b$12$4FUQ8.FitxjH.UFmnYH2A.S52dlrTuxQeJgETdYlnTQO9q2BEMLn2,user,0,1940-06-15,3791932758,"Stretto Tresoldi, 69",Ercolano,MO,13871,2025-03-23 19:21:13
1192,Serena,Nievo,stefanopepe@example.org,$2b$12$m7WY/rc9tBC4H1SvdYym/OeGqlVHiehTMEmMfKRUCyUyDD6Hw.hA6,user,0,1963-09-21,+39 077431974,"Via Romano, 17",Siziano,VR,21025,2025-11-08 16:13:51
1193,Venancio,Baroffio,gcesarotti@example.com,$2b$12$xsG6x1RXmzMzTtIL712RVuDWXQ/ITjZln/Fh75qS2fP9P0em8uc3.,user,0,1976-01-20,3434529527,"Via Caironi, 70 Piano 8",Novelle,TA,85022,2025-05-16 08:33:24
1194,Romolo,Bazzi,brismondo@example.com,$2b$12$se/mulidf.gZ7E4TwRwHzefynconawMeJn4NyoGNdFYzdgpK/fNMq,user,0,1969-01-18,0565978528,"Contrada Elisa, 8",Torrone,UD,28041,2025-05-27 11:47:56
1195,Fortunata,Tozzo,cperini@example.org,$2b$12$pMCxap0FSNrZiXkBHpLjAe/GB1ipAVpt.Qzihb629CJhDh2v8p5EG,user,0,1948-09-21,08234835183,"Borgo Dario, 49 Piano 7",Bezzecca,GO,81025,2025-04-07 16:26:33
1196,Griselda,Gucci,ericci@example.net,$2b$12$ErUlAZTezrIbJXUaXyWuaeXPCbglxZ3wU92GL/Pl5eSa6sOgLr9OO,user,0,1962-10-09,327795912,"Contrada Pascarella, 9 Piano 4",San Giovanni Di Livenza,VC,47021,2025-09-17 08:41:58
1197,Ludovica,Acerbi,interminelliruggiero@example.net,$2b$12$ni7U0GP3iMaKUof/Qy4SRO0D0VzmEChZCPi0A5t0F0R9R90NJaLKO,user,0,1986-09-23,+39 05112237448,"Piazza Paloma, 51 Piano 7",Gomagoi,SR,13897,2025-03-23 18:10:28
1198,Pasqual,Federici,lantelami@example.net,$2b$12$rBsN9BZ6jiQH4inpnhL5N.HQZ0Nz/g6bYoA7Be4Vax/.4e0U5nsxe,user,0,1995-09-21,+39 0932847699,"Contrada Bernini, 23",Mercenasco,AT,92013,2025-01-13 07:15:59
1199,Fernanda,Argento,pizzettiezio@example.com,$2b$12$WP9fd5KPL1ey8VvMnyQqS.yxZUWwgDJDjkoZLyqrKepO0KYuYnrIK,user,0,1964-11-18,054148271,"Borgo Tullio, 48 Appartamento 4",Stretti,UD,80032,2025-02-08 09:00:24
1200,Ugo,Majewski,pserraglio@example.com,$2b$12$nrUVoAYMzQ7Ap0kmPyFJH.GxSqesNo/.Aizmu9f7R8wcOo2FMfmWm,user,0,1953-08-05,01631019781,"Strada Vismara, 27",Marebbe,TP,38089,2025-03-12 20:25:11
1201,Manuel,Boldù,wficino@example.org,$2b$12$kLYFv9EGBGD/fos/85Ud4.9qqdT362J7SGIrq4XFdyDVPz7DXVkuW,user,0,1943-08-29,03316611071,"Rotonda Tatiana, 2",La Costa Di Laives,PI,60039,2025-05-21 20:56:19
1202,Graziano,Miniati,brescianiluisa@example.com,$2b$12$vf1NY99yye9LmUG465AhVO8hARyLvNaMG72Yu3RWT43HY5zlx.2Aa,user,0,1992-12-03,+39 0798309816,"Borgo Isa, 229",Lama Di Setta,FC,84062,2025-03-17 13:41:57
1203,Damiano,Murialdo,xmatteotti@example.net,$2b$12$mvRtGxNURmObS2ZxkmZOfO1rjrM/Q7RFYbnImwirWMeS7bz1rJgim,user,0,1951-03-29,0376514209,"Incrocio Gabriele, 523 Piano 6",Lucoli,BA,10016,2025-10-24 09:58:56
1204,Ubaldo,Saracino,ddonati@example.org,$2b$12$PcOHfnkPGepkX1ROrpD2Tuy.CYJwS6ZQHD6b4nHab0X/Kp3d1WpSa,user,0,2004-02-18,0721891838,"Via Maria, 53 Piano 0",Grosseto,BO,95015,2025-06-16 21:44:12
1205,Delfino,Tarchetti,loredanagentilini@example.org,$2b$12$ADHjVpXIPOoTpC0WVN9.zuSCXycGMukGGrizc1xJWad0H4zrmihXS,user,0,1973-03-29,0125509862,"Canale Pisano, 558",Vigasio,AL,10032,2025-07-22 12:18:13
1206,Telemaco,Briccialdi,fabriziaiacovelli@example.org,$2b$12$e3MhvTqM1OX3V3n8Wt4XCOa5eWpUT79TMrD2l1emPWJIzOJTFVfty,user,0,1942-12-13,371649281,"Rotonda Claudio, 48 Piano 6",Brunella,CT,60128,2025-08-23 09:17:02
1207,Nicolò,Pace,elena70@example.com,$2b$12$hUdzBqVk95KPs4ePdLUhqOKFZjz9xFwJLUwxzqgwzIYTOByuM1KWi,user,0,1959-10-18,+39 0481911776,"Incrocio Silvia, 648",Ghevio,MT,02100,2025-08-07 10:15:07
1208,Lodovico,Marconi,boitogiacobbe@example.org,$2b$12$QWHX0xhn27pvr3joQWKP6e07ZDt9nlzwi6UMNjtXTcHOZGoTiA7dC,user,0,1963-03-31,+39 363237121,"Rotonda Vercelloni, 29",Sois,VR,13020,2025-07-27 08:32:48
1209,Germana,Serraglio,lillasabatini@example.com,$2b$12$ZZ4NR3gjo41ObuH3nJCDbendiv7.mHpShK4yB.Q1oL6gAuUyMeWom,user,0,1980-11-25,+39 034227173,"Strada Serafina, 29",Rivarolo Ligure,SP,19133,2025-04-17 02:07:00
1210,Letizia,Monti,napoleone04@example.com,$2b$12$yNhlN5wiRm/R7dywkJMhoeCrMzZwd.nLnpTiKzmI51Vcg5KgTNrZq,user,0,1955-08-04,07377515867,"Viale Cortese, 4 Piano 6",Portalbera,TE,42022,2025-10-16 09:24:17
1211,Adamo,Busoni,iolandastrangio@example.com,$2b$12$FxFUlwmWGb51UNkinxdxX.rok65iz4Do1bLME5bPHHxyIdQFHgiz6,user,0,2004-06-10,08811932109,"Via Stefano, 4 Appartamento 89",Ortezzano,TA,90032,2025-11-24 17:51:08
1212,Letizia,Trebbi,micheletto20@example.net,$2b$12$OACo1nUYYL6Wj9cS2OzzUOcAmc810ewDDooSTA4b0rWPLabjw0YIi,user,0,1956-03-20,+39 092103398,"Via Viola, 96 Piano 2",Cella Dati,SP,12053,2025-09-25 03:44:11
1213,Alessia,Chiappetta,baglionimarissa@example.org,$2b$12$ozN0GV6NrSmpqhsRIRTSDujiYmN7gyIDZv0cgApXpI9dyFZuRi.7m,user,0,1961-05-04,+39 3500724206,"Incrocio Bartolomeo, 67",Povegliano Veronese,RO,39025,2025-08-02 23:22:29
1214,Mario,Einaudi,kantonelli@example.com,$2b$12$59tsEfRCSVSTOvHCwuyq3.bDXTZnncZ2ZyskKkENKwkSZQMlKbYfy,user,0,1995-07-16,0974732059,"Viale Lidia, 2 Appartamento 24",Santuario Di Polsi,BT,80062,2025-08-17 21:54:17
1215,Piergiorgio,Baroffio,gpelli@example.org,$2b$12$QiUaQ8uJo94EzeOPqyMvG.bcwbBK8PenDGt7KgaNsSd8dNwvsWNEm,user,0,2000-03-26,0997562762,"Incrocio Rusticucci, 65 Piano 3",San Giorgio Lucano,KR,73017,2025-08-29 19:12:36
1216,Ettore,Comboni,calbocarolina@example.net,$2b$12$oRHCmbd/wnrrpSIW7B0pYu1jNfM.B7Umt.uQwcGjQeDGi4SUXGf7W,user,0,1967-09-14,+39 0736923729,"Via Tutino, 43 Piano 1",Bogliasco,UD,56034,2025-02-09 11:58:55
1217,Vittoria,Binaghi,osvaldotoscanini@example.com,$2b$12$fIufTdU87NL36YejGm3m2.z.bCEJ4J3.8w4B.f1UqoC0CSNIl/ZQO,user,0,1968-05-17,+39 03450952516,"Contrada Terragni, 2",Colubro,VC,90142,2025-08-08 10:55:27
1218,Ottavio,Coardi,ymodigliani@example.net,$2b$12$MmDeU9fgoOS6YKiU9JcRyeHL2GnXdmtOpbCb7/jMPlQ14ykT8toBW,user,0,1994-09-01,078493946,"Stretto Petrocelli, 311",Marano Veneziano,UD,00026,2025-04-12 11:16:11
1219,Clelia,Bassi,cvillarosa@example.org,$2b$12$.OR3VcNjrqShPkB0di4xjeQ5zMqzgGbxH1DUvAbnBiOVT0XKtOT.q,user,0,1967-08-09,0941967867,"Stretto Einaudi, 19",Abbadia San Salvatore,TV,53017,2025-06-04 14:40:15
1220,Arnaldo,Ioppi,valentinaboccioni@example.com,$2b$12$laBz3qB6fe0bXemn9GEgw.tklS9q5L0T2pf1sPZAp05pIlMRzrWGm,user,0,1989-09-11,3501832282,"Contrada Virgilio, 466",Corbezzi,RI,80075,2025-05-02 00:44:23
1221,Nicoletta,Pellico,hnievo@example.com,$2b$12$52CCPy4i71kG/V5QmJPdlulNtUSENV1H/gYbiDyPMnih505v3h3ri,user,0,2005-01-01,01144566514,"Incrocio Pierangelo, 68",Cumignano Sul Naviglio,SI,31046,2025-03-22 09:50:44
1222,Coluccio,Lupo,cleliasmirnoff@example.org,$2b$12$8ZeDsN3J2UOb0gz8IrZmweD8CbdKO.NBi0s.nv8R6l3KYioySErKS,user,0,1980-02-12,054558945,"Incrocio Gianna, 9 Piano 5",Padula,SV,84133,2025-03-04 05:29:56
1223,Carolina,Morosini,mbragadin@example.org,$2b$12$vXRgxKo3fXtdXEAHu0bZxOPOpkcSf7N.7XlV1Hwzp1asRgEMLHqHy,user,0,1999-12-09,+39 04914869806,"Incrocio Emma, 17 Appartamento 31",Piccianello,CZ,10074,2025-09-03 21:19:56
1224,Vanessa,Sauli,costantino16@example.com,$2b$12$ADevAxRgK9JFXZ10qPyjhOeXMJwa20e63HF41cNnpugDH9e1O9XoW,user,0,1991-02-28,07754514024,"Piazza Puglisi, 378",Colfelice,TN,87054,2025-07-08 17:54:08
1225,Maura,Varano,piccinniraffaellino@example.net,$2b$12$gN5.AHSXJ9LnVTB83AZ4yuNgAv5iQkJJzSawfN71mvdHJSXDxSSIy,user,0,1994-02-10,3935555154,"Via Totino, 13 Piano 5",Niscemi,MI,43047,2025-10-31 10:33:33
1226,Clelia,Manunta,salvinidamiano@example.com,$2b$12$0PQV9aaBy74pyh5PlECXtuh03uHHxvbNGG29nroUddORrfAQ216Xq,user,0,1970-02-25,0161469380,"Strada Stefani, 529 Appartamento 9",Lumezzane Pieve,FR,37128,2025-05-08 08:03:58
1227,Patrizia,Lupo,pirellirosa@example.net,$2b$12$NYTdTRrFV4XxBq5OjncpYuPxz5H0dCZ8ApnJLCURNjy09T7VlPIem,user,0,1982-03-18,054377283,"Viale Giacomo, 5",Lei,VB,41044,2025-01-27 21:39:00
1228,Isabella,Esposito,ccuda@example.net,$2b$12$OOmUbVScNKiFJog7wEWBEuic/XgHhpSiI4BLMBHH8FJ80SNazjrje,user,0,1960-05-22,+39 016373405,"Incrocio Virginia, 871",Comina (La),RE,58054,2025-11-08 03:07:59
1229,Teresa,Palmisano,gioelebadoglio@example.net,$2b$12$pc.iU3tU6/Q109P25QE5d.dl.zv2B6.eR0GajUdqTeTOnRhIWMYJS,user,0,1987-10-27,09256099712,"Strada Marina, 882",Stazione Morrovalle,BR,00194,2025-10-12 07:38:41
1230,Amalia,Renier,porziogianluca@example.com,$2b$12$D69b.RJZELJA538C/egEfO/KnPUeLU6wODXFS3w5LYk9RCKQ1iCfO,user,0,1989-08-05,+39 3533932452,"Incrocio Onio, 70",Pauli Arbarei,VT,05017,2025-03-11 07:13:54
1231,Priscilla,Lattuada,visintinibeatrice@example.org,$2b$12$ONFoqyOSTpmedUHWo6D8Su7KELcF/yHHHOGwSft83Ox1KbBY9.Rdy,user,0,1967-11-27,+39 03655867573,"Rotonda Ennio, 98",Pescopennataro,LI,67049,2025-05-15 06:23:53
1232,Bartolomeo,Ferretti,palombiserafina@example.net,$2b$12$hfS83g.U1EHDd0W6a1fb0.VSTuX1iTTAKxaldIUjRZpsnEn.BGz4u,user,0,1984-02-13,0585302560,"Borgo Giacometti, 641",Occimiano,BS,00132,2025-06-30 10:06:26
1233,Martina,Blasi,edoardolupo@example.org,$2b$12$DwHUW5pYQR/YtJxgBkVzPuXDsfPBZR2UlQ1NO1Onb2JCqykm6wOY2,user,0,1944-06-27,0702667641,"Rotonda Paoletta, 5 Piano 5",Argignano,LT,28865,2025-03-16 03:13:56
1234,Allegra,Rubbia,ansaldogrossi@example.com,$2b$12$ej7AGXtnM1o6Nj7ZBfm1K.DMeXm7JShrcTFbz4/ea5llYWA/4YG46,user,0,2006-08-07,0382121640,"Stretto Nugnes, 511",Quinzano D'Oglio,LE,17030,2025-07-02 13:07:21
1235,Alfio,Moresi,gguicciardini@example.com,$2b$12$1PHlA7MSFuJvnC94rq/kCuO2XKcmaaAUYvm80Exo59z181KxcYoh6,user,0,1957-09-08,+39 034182087,"Contrada Roberto, 75 Appartamento 4",Bossolasco,LI,86084,2025-05-10 21:53:01
1236,Leonardo,Stucchi,uberto06@example.net,$2b$12$SZB3CIJWySrjFVjm8.DDjuAqbPIgiRXwTRE6o1FzE/1bj3sZbeOUe,user,0,1991-05-26,38328076475,"Stretto Pina, 46 Appartamento 22",Rescalda,CO,24034,2025-02-02 04:59:09
1237,Vito,Babati,santorioisa@example.net,$2b$12$JCfW1vu.kMipSD9vwRsYAuy8.bX3yOUCIRWSrq1U/pXCRTWiz1dMu,user,0,2000-02-17,+39 0332607918,"Contrada Salvi, 44 Piano 2",Castro,CS,58054,2025-08-15 13:41:57
1238,Loretta,Pastine,concetta84@example.com,$2b$12$JmnxjXGl.qLIqJP7rhwM3O/YDTnYS7yTYXjwrmirHEx2Eazwfw/MG,user,0,1946-08-18,+39 095238723,"Via Raffaele, 12 Piano 2",Pianico,RI,08016,2025-04-01 03:47:46
1239,Gionata,Pisacane,federicopalombi@example.net,$2b$12$S7IKnFpm/6UqDLdnW5D8Y.PMnHFr38oV5GjflBTzvBiXAeKP13Du6,user,0,1945-08-22,34308639691,"Via Alfio, 72",Pulce,MO,85018,2025-06-19 10:57:45
1240,Antonia,Pignatti,gabriele82@example.net,$2b$12$eNpKiC.c8SwHimJIbr852e4thJEO4emg8iXIxJGNc7oWsvC9KgAam,user,0,1948-02-04,37783974047,"Strada Danilo, 21 Piano 4",Malvicino,RO,20835,2025-04-30 05:17:06
1241,Sergius,Scaramucci,rosario46@example.net,$2b$12$wbCXK5fQr1RBxIEDJyItM.UEJMH0RtFRHKkxGjuy8TVMO9bG8UFQm,user,0,1974-07-27,+39 0823599941,"Strada Irma, 23",Monfallito,MS,53045,2025-10-22 18:48:51
1242,Tonia,Castelli,beatricebonaventura@example.net,$2b$12$o5iM4ahqXq5IkZMrNBygt.MThDYUzAOfVPi.qqHKEyY0W7upLb73C,user,0,1986-03-30,05090680317,"Canale Berenice, 318",Poggetello Di Tagliacozzo,SS,73022,2025-09-09 18:20:28
1243,Costantino,Giacconi,ltroisi@example.org,$2b$12$ydn8NX2/BCDucW6yUDsAv.XTYSL8ZOK96USJvMWKZjQwsLS4qlUQi,user,0,1998-03-26,0438752520,"Via Tiziana, 23",Girardi,BS,87040,2025-01-23 14:14:07
1244,Graziella,Interminei,vmorrocco@example.com,$2b$12$VYqyBytHKAXvJFNVLFD2WuhOxkzA/Viz4n2xkRYKuDmgs/uoCMYeG,user,0,1995-01-31,+39 0959945474,"Canale Scamarcio, 6",Paganico,BO,85035,2025-08-24 01:53:45
1245,Donatella,Coppola,vitturilidia@example.net,$2b$12$sAYdgDOw0WvZsvDAKxk/IODjbqQNSjEr.wnwM2CM/Smao/frw/zUa,user,0,1966-04-09,+39 0932194814,"Contrada Visconti, 80 Piano 3",Curiglia Con Monteviasco,VI,50021,2025-04-05 06:39:13
1246,Alessandra,Ossani,solenitti@example.org,$2b$12$7YmPBR04bTdSGUVnCC5nserGSxwu09Ll6BUWtV91OTFWDTD4FDQQG,user,0,1968-10-24,+39 036521259,"Stretto Falloppio, 713 Piano 1",Camarda,CT,63854,2025-11-10 02:07:31
1247,Carla,Cuomo,vergeriocirillo@example.net,$2b$12$cRGG04BxCpg2zaRU5wudgejTLnZeJup2l4EEpaEuH5Fr2x3uMltA.,user,0,1970-06-29,0588903193,"Viale Trupiano, 35",Casaletto Ceredano,AQ,91021,2025-06-14 21:12:53
1248,Rolando,Vespa,pina01@example.org,$2b$12$c3n70PwhKoqxdhqI7SmqkeBSL68kFODRkk.nhUa6nd8p81GmG4nEe,user,0,1995-10-19,+39 058887755,"Via Eugenia, 95 Appartamento 3",Varano,PZ,67020,2025-07-07 20:59:35
1249,Adelasia,Zeffirelli,wcesarotti@example.org,$2b$12$Pph.XSBltx0QNvCWrq8Cw.EGBOgJWy1CaKxHLSYXNn7LT/IS3m9hO,user,0,1951-11-26,0733303398,"Stretto Argan, 225",Poianella,BS,88816,2025-08-28 01:42:29
1250,Guarino,Terragni,telemacopetralli@example.org,$2b$12$gKpB8K37rRstmpmg6Gq5xe/DoH.BGDMjfhRdKvY/XD12UJ3LazQdq,user,0,1982-12-03,093200886,"Rotonda Dovara, 75",Natz,CE,51020,2025-10-04 09:12:09
1251,Alfredo,Castioni,ramona75@example.net,$2b$12$3WG22sWotIWG1PGGinMhu.9qomFFS51.aQ/WvVK.0Y6vdws8kger.,user,0,1953-12-23,3509705235,"Borgo Telesio, 837 Piano 1",Tana,KR,01011,2025-09-26 12:30:44
1252,Jacopo,Maccanelli,bernardo92@example.net,$2b$12$95GqX7GawNMMNP8HcYFkSulaClYwmcC/gbDroRoVMHwkN8ifNEWS2,user,0,1999-08-20,3776651205,"Vicolo Silvia, 79",Casalmorano,MI,22020,2025-02-27 07:04:03
1253,Simonetta,Venditti,tgoldoni@example.org,$2b$12$ceoQ/5Yd.jpG1c9DzZVnreJzVjXjpmXYBEwFDj3OYYCAEJjA3U5dq,user,0,2006-12-11,0823444712,"Piazza Zoppetto, 187 Appartamento 2",Bertipaglia,PU,92015,2025-06-18 23:15:09
1254,Fiorenzo,Mazzocchi,masperogustavo@example.org,$2b$12$ktkGgljoT.6lUaOlDIOQGuD5aZ7C.CG3cE6dHDVjhpxbDjlsWY5A2,user,0,1997-04-06,3393578739,"Contrada Proietti, 0 Piano 0",Bompietro,RM,08039,2025-07-16 18:34:50
1255,Concetta,Offredi,flavia93@example.org,$2b$12$0QTHU755lUPr.vxs2Gy//OgA6TA69pNP5tbJr6LSQu8rbW5WirkIO,user,0,1978-08-12,+39 04386518514,"Incrocio Cossiga, 55 Appartamento 65",Annicco,VC,00148,2025-09-14 10:56:28
1256,Marta,Gargallo,sameleuberto@example.net,$2b$12$r1NfZtB8LRmAU9UO35Z1Ke9ttc5KqpGx6xu5n.xmx81urJN1rDH9a,user,0,1975-02-23,+39 366442539,"Contrada Turati, 12 Piano 7",Poggio Capanne,EN,15022,2025-01-27 15:45:54
1257,Martino,Luzi,colucciobenussi@example.net,$2b$12$Ztjw7XViL7QJrRg3IFSOhe78m5Ry1InBIN5gfco5hlJJ1eipVEn5W,user,0,1996-07-19,0332042725,"Incrocio Brenna, 398 Piano 5",Rosario,TR,03014,2025-02-26 09:46:57
1258,Marcantonio,Pacillo,vanessavespucci@example.net,$2b$12$oSHo/d7Zi7MbGtHgsGmALe5G12kyaTgGE1RkqDjZ2YrdkbUFxyHo.,user,0,1993-09-24,3500961003,"Contrada Goffredo, 627",Anoia Inferiore,FR,03034,2025-08-19 05:19:50
1259,Livia,Papetti,letizia61@example.org,$2b$12$/zGNkWYunmf9hPyeRaMUjOYrz6uiiv9wHiiUeBeCjQqr5mdiFt1Y.,user,0,1942-09-19,+39 329476030,"Via Lara, 5 Appartamento 9",Marzaglia,CL,81057,2025-10-20 23:44:47
1260,Giacomo,Malatesta,michele54@example.com,$2b$12$kTRTiFrGAp11tU1YAFhgIe8ekTZEFjqnbm70s.ueSRqyI8bQzRcyy,user,0,2000-09-05,+39 3859175713,"Incrocio Durante, 747 Piano 8",Niederrasen,PC,67024,2025-02-27 07:04:25
1261,Roberto,Florio,severinotagliafierro@example.com,$2b$12$o/GMUhSlOdhh80.Drf7.bemYazu/FVo8BNJT.G7.BzpP26QYCuSwO,user,0,1990-10-11,+39 054734282,"Vicolo Valentina, 923",Cogna,PA,03023,2025-10-22 03:01:37
1262,Bruno,Avogadro,sandra42@example.com,$2b$12$dnV5pCh4xBMRBrnJ08.6KONBoNABpojzZ/3pPhILKxOV4rfBu9Mc.,user,0,1965-01-30,+39 0491501685,"Vicolo Lidia, 97",Torino Di Sangro Stazione,CO,23016,2025-05-21 05:15:27
1263,Pierluigi,Nicoletti,xtaliercio@example.com,$2b$12$0OC3/3BC1GAGfsRNivsyHem986IJbDVYKkrCnW7/t5AJGlwJaS.Ie,user,0,1971-03-31,371548779,"Contrada Carosone, 90",Pisoniano,LC,35047,2025-08-18 19:03:24
1264,Marta,Campano,uferraris@example.org,$2b$12$0SMMA/P3pSnnpfM/B3VW0ukXGtOdB3MK4pSlAFQUf09H5DQu/nmga,user,0,2004-11-08,057746350,"Canale Sabbatini, 110",Finale Ligure,PZ,98065,2025-06-17 16:53:51
1265,Salvi,Pugliese,tomasellienzio@example.net,$2b$12$ykp5tY5Wz9qCmL8X5Q3pLe/7cbFRqde407X37uMVXPAiQZNyYPaDW,user,0,1954-06-25,+39 042477280,"Stretto Vitturi, 33 Appartamento 3",Crosarol,SS,20019,2025-09-20 17:49:57
1266,Ugo,Zola,federigo29@example.org,$2b$12$X88iZwWeg49mp110E/paDO0STsQsSxWpTde4uAnmhIX.5k9sCQsZa,user,0,1964-08-12,0883647979,"Viale Paolo, 822",Tol,SR,85034,2025-01-16 01:22:27
1267,Gelsomina,Curatoli,teresa04@example.org,$2b$12$.iXlb6tiV7YJWlw6cxcgDOSVDsu8zt0gLDQnBDzkGnr49iyCiBWj6,user,0,1958-05-20,0586111932,"Strada Medici, 0 Piano 8",Casei Gerola,MO,09127,2025-04-26 12:39:45
1268,Antonio,Pizziol,ilariaspallanzani@example.org,$2b$12$v8N.p18Q.cRCLv0V0lRbYOkaupOBqTbS.LD5J/u1Khic3OzrH5Uwu,user,0,2005-11-11,+39 017118584,"Vicolo Veronica, 52",Pozzo Sant'Evasio,CB,60128,2025-02-23 19:06:10
1269,Fabrizio,Micheletti,bartolomeo51@example.com,$2b$12$WUmf53fZnC9zaS65s8e7NOZqtorgBKe1QkfpYRy6zHhI2ytYPBmwe,user,0,1966-04-04,388479974,"Stretto Leopoldo, 360 Piano 3",Monasterace Marina,NA,81047,2025-08-03 20:05:19
1270,Ferdinando,Parmitano,damianogolgi@example.net,$2b$12$zHij09mJAWTRvzhhbfcZHOOAgPb2OphFtvBjydla7llPHNKHkhJgK,user,0,1944-01-11,+39 0434361744,"Rotonda Lina, 9",Atripalda,PO,63061,2025-11-21 04:04:59
1271,Patrizia,Pagliaro,fogazzaroclaudia@example.com,$2b$12$gsUJkNeWntO2mV8LDm3dyOutdem5wVMpscIEzRAb/XciAxCf4zBz2,user,0,2003-01-09,+39 0541015356,"Incrocio Fabio, 173",Staturano,MN,34078,2025-05-28 07:56:12
1272,Loredana,Cignaroli,xmanacorda@example.com,$2b$12$n8mTFKmDyMf7pVaSDqi6Wux8gMFaOTbVxggreZUxIDpfDi.8S1p2.,user,0,1984-08-30,0825398410,"Canale Platini, 29 Appartamento 1",Villanova Mondovi',CR,90019,2025-01-31 09:59:33
1273,Lamberto,Beffa,nrighi@example.org,$2b$12$.qXzodwTj7.f1ibw3IPucuv.pvv4tgdG1ZjL6qi5DDhQiuYRAeGPm,user,0,1974-05-27,03430623711,"Borgo Morena, 76",Cassolnovo,VV,61045,2025-02-18 03:42:53
1274,Piergiorgio,Ioppi,martinorastelli@example.org,$2b$12$epLQjwxF72WLBtVg2llLMeZvPPHQ18f8/wrJxpAltYSlK9ev3VDFK,user,0,1948-04-13,39132863153,"Incrocio Simone, 337",Montesolaro,RA,21042,2025-10-14 02:55:38
1275,Veronica,Caironi,yargento@example.net,$2b$12$nRQEJPXOpWze9hsH/77S9O2S2lbFP7kKIhOvMADBb608em2SkRPju,user,0,1989-03-02,0771297837,"Rotonda Martucci, 87 Piano 1",Mezzomonte,MI,02040,2025-03-02 15:57:39
1276,Ivo,Casale,patrizia47@example.org,$2b$12$0P/9XgDTGE0h8r9QUaw5XOslWzlk1YMkDvmcu6TQ82jVqlnchWPVu,user,0,1941-10-09,0825226561,"Vicolo Hugo, 87 Piano 6",Terzigno,BI,60030,2025-11-25 20:06:08
1277,Achille,Storladi,alteragiuliana@example.com,$2b$12$04p2dO6KZN7klr/cxAn2KuocndV1vAncz4iky/3pTYTyEpUHNORam,user,0,1991-05-16,0962307276,"Canale Zamengo, 58",Pezzolo Valle Uzzone,MS,86012,2025-11-18 16:16:03
1278,Salvatore,Telesio,ypascarella@example.com,$2b$12$4WpRtocHXH1nVfpj6hd49eYQ5Cc6Fl7HT5y3XyjqUmKNo.iJHue.m,user,0,1996-04-08,0544696558,"Via Bombieri, 15 Piano 0",Ortezzano,FI,42032,2025-06-23 08:15:35
1279,Filippo,Gioberti,rauricaberenice@example.net,$2b$12$j8JbXwjb8dXkpK85S.eAd./1CgyaCXFrVIzmP3npgp5gXyJWQeMPm,user,0,1993-10-18,0921080123,"Strada Malacarne, 668 Piano 7",Orvieto Stazione,PG,14018,2025-06-14 00:09:20
1280,Francesca,Collodi,agostino89@example.net,$2b$12$qr7518U3x6sV.sbk1u6BKOwemmVxsSpi6htYo9Kxy2DZ3I4vnC7Du,user,0,1955-03-21,371330150,"Canale Virgilio, 97 Piano 1",Coperchia,PA,40021,2025-06-24 12:03:51
1281,Coluccio,Conte,gasparepraga@example.net,$2b$12$umK5HaEsMErT./0VX4pPueLA57f8AblnvZ9rBfPwQOP6wGeS6infy,user,0,1972-08-01,+39 0899414406,"Viale Ceravolo, 88 Piano 3",Regona,RM,90022,2025-04-29 16:00:39
1282,Margherita,Carfagna,pasqualbandello@example.net,$2b$12$eoF4vCQHz5Q0TKyLor804erCAdWCdqq3X7/PqB0baGlyU3hgV9Ng2,user,0,1996-08-29,379171457,"Stretto Sagese, 882",Rivarolo Del Re Ed Uniti,CN,17055,2025-08-31 22:56:56
1283,Pierpaolo,Ossani,xgasperi@example.com,$2b$12$qFnQn0eZeqXKfqzbF5VgA.SWZBEywlzR5SUkHpdB/X6z72fapEQge,user,0,1967-06-29,+39 088118693,"Piazza Zaguri, 36 Appartamento 99",Castellonorato,GO,66036,2025-10-25 11:23:05
1284,Susanna,Fischetti,pinafischetti@example.net,$2b$12$N4VxtbkscnRnBAnMJ2pnx.hiPdMElcYkhdSWlryTyPnpP8fzo988S,user,0,1988-11-18,+39 3311580240,"Incrocio Orazio, 72 Appartamento 1",Taverna Ravindola,LE,89028,2025-05-09 04:15:01
1285,Gemma,Orsini,gelsominabocca@example.com,$2b$12$RmIgszTT9FSkOUyJVRtF6OXtDhNTn/E8YbtKpPZKDsBPyHg7bWAN2,user,0,1963-05-13,0721672725,"Stretto Filippa, 17",Pellare,CE,26028,2025-04-06 12:09:54
1286,Matteo,Natta,antoninamontanelli@example.org,$2b$12$NKM7e2f9XpdlmPVs8Sl3z.S0GBeuMYsy4DOqF6KPi/CZ2lhYCiwtu,user,0,1948-11-08,+39 03514069526,"Stretto Gelli, 85",Nocera Umbra,FE,13854,2025-06-14 02:38:28
1287,Giampaolo,Interminelli,vmorgagni@example.net,$2b$12$np0pO7dOMa1ldIPzXqVmbeKszg3MDcxorMeotVwhcTchfCJqMv0em,user,0,1982-02-12,+39 3892599875,"Viale Ramona, 417",Nicastro,VC,44011,2025-10-27 00:50:09
1288,Bruno,Maglio,geronimo52@example.org,$2b$12$RqwZimNNbD5cOh1sQQuVKOqvRxrOb9WbmGk69FaRaZOt/O4BN/jva,user,0,2003-02-10,343152973,"Viale Giacinto, 26 Appartamento 54",Rocca San Felice,LC,45019,2025-05-07 19:39:40
1289,Salvatore,Pavanello,igradenigo@example.com,$2b$12$3U/xnTwxdrrl6HNZYcMAXuiV2VbEx3QXDbczm7k9eKUlqTROxsmZW,user,0,1986-01-09,+39 3715828570,"Canale Anguissola, 983 Piano 6",Valeggio Sul Mincio,GO,41022,2025-07-12 06:18:41
1290,Mariano,Doria,graziellaborrani@example.net,$2b$12$srQmE8BWVZN5UJkGroXcA.0Y9pNfZbSC/6Z2j1wroRAEVwmaULTnm,user,0,1979-09-04,+39 016362107,"Via Melina, 0",Brembio,LC,28045,2025-02-09 07:05:36
1291,Erika,Palladio,fantozzidurante@example.com,$2b$12$UJKTYjN.V2faCJBCu5ur8u5Q8o/AjL2cmmW.YkZ7WEaSWgI1U1Z5m,user,0,2005-09-11,+39 05036414495,"Piazza Travaglia, 374",Premana,VB,27019,2025-10-21 00:07:45
1292,Gloria,Siffredi,mario08@example.org,$2b$12$p8pcV/ZuDouJR6LrxPN6Zu1XWsJMq/3WQ/CjLkm0nvARdOHMf.B0u,user,0,1967-03-03,+39 018707753,"Canale Venancio, 4",Sanvito,VT,00046,2025-04-03 12:36:15
1293,Lodovico,Vergassola,benito67@example.com,$2b$12$gmXmiKZeEcoy/iT1UYuL8OpEordIW2EcASftjFCZt4ii4FzcyE6IO,user,0,1960-08-16,0577205888,"Canale Mancini, 44 Appartamento 76",Fossalta Maggiore,TE,09100,2025-10-20 07:25:36
1294,Mirko,Andreozzi,volterramarco@example.com,$2b$12$TnFemtgoLAvRDJwaG.ppaOQ44/9jxAyvKRgRYj1ZOWGt3gI937WMC,user,0,1967-02-15,077315621,"Via Mirco, 2",Castelvecchio Pascoli,GR,38053,2025-10-23 10:14:08
1295,Azeglio,Fagotto,ocanova@example.org,$2b$12$q3TFlAXQk9CGQD8osuNN4uNl.KTYE.X/7/pe.QSnu3sF/XvZU2iDe,user,0,1964-09-19,0965703260,"Stretto Morena, 362 Appartamento 9",Coderno,TR,71025,2025-10-16 12:50:59
1296,Maura,Turchi,mbignami@example.net,$2b$12$UNERh/LMVVckpOO08RHkAeUOg3D7jwtK0iw4Ll0AEQkUm8Afclfl.,user,0,1975-12-09,0124102630,"Rotonda Serena, 536 Piano 1",Villaggio Dei Giovi,SA,36054,2025-09-19 01:06:46
1297,Guarino,Ravaglioli,susanna43@example.com,$2b$12$BUMgrxWsY7wcRVRmuSZd2eJPEEYOs0eezEMDpooD8uEj6IgjrIF96,user,0,1954-08-03,05036909802,"Via Arnaldo, 58",San Severo,PD,17019,2025-04-11 10:18:12
1298,Marta,Salandra,luigiluciani@example.org,$2b$12$mMtlHOtFBo80ZaTfHBc7CeBICxrVdq3sLOYK5ggK9vkes9RL1bnoK,user,0,1995-10-25,056694306,"Piazza Donato, 697 Appartamento 3",Ville Di Fano,BN,88819,2025-09-28 10:14:19
1299,Livio,Accardo,fredozaccagnini@example.org,$2b$12$zGS3aH/rOMROn26WAwW57OUNlMBMyI4ZDR.g/G/KXvzVD7szWwWGy,user,0,1952-08-03,07147998719,"Canale Mariano, 23",Sinopoli,TN,35127,2025-07-04 07:56:02
1300,Orazio,Tacchini,usforza@example.net,$2b$12$FeIuwC/dSmK8mJ3lbpslW.ooA8oJMzGrz08Y7tVs/rYZYGHAjtGla,user,0,1956-10-26,037218011,"Stretto Eugenia, 448",Lavino Di Mezzo,RA,60048,2025-03-11 03:08:04
1301,Ermanno,Paruta,oguarana@example.com,$2b$12$pXYohcu0M/sre37hoa6wsOvgkwxYfSn4gtzaYB0zbrQzVBECcKRtq,user,0,1977-11-07,+39 3760339429,"Via Raffaellino, 57 Appartamento 73",Romea Vecchia,NU,96019,2025-10-25 22:52:00
1302,Alberto,Montanelli,vgiorgetti@example.net,$2b$12$E66aKRg.F1O8ADzA4xe5YuPPebGnOiKOalcwenZalmo/MNDARcnGK,user,0,1997-06-06,3826536947,"Contrada Luciani, 888",Colleponi,PG,26824,2025-01-04 15:13:14
1303,Pier,Lettiere,condoleoseverino@example.org,$2b$12$QGP/Ld5igLVRryWqOUlbp.CI0RDcybVpKbUO.Om15Lc.JlFDDMczm,user,0,1940-09-15,01951528670,"Contrada Benedetto, 97 Appartamento 7",Salce,CL,20068,2025-04-12 18:44:55
1304,Lina,Ponti,sroth@example.com,$2b$12$3bvBXL/kz4vAY65CPoMgYO28ukJSadjzJwXPXcYUcVFBXoL1M821G,user,0,1987-01-31,012389469,"Rotonda Ricciotti, 613",Schianno,IM,05029,2025-06-20 08:07:09
1305,Sandra,Tropea,uantelami@example.com,$2b$12$QsVAFj3RLTL1LcD/EZMFD.2SiCClMpLHrjY0g/t9aYl23//rkcp4e,user,0,1975-07-26,05220878540,"Stretto Giorgia, 0 Piano 7",Brunate,PD,27035,2025-03-01 22:11:24
1306,Hugo,Leonardi,ucarullo@example.org,$2b$12$rC4WkJQkHSlmkAB3lB/SPu/D2/NQzhmhgoM/UIozgs0QowBjqTAze,user,0,2001-01-16,0445204846,"Rotonda Cesare, 96",Monte Amiata,RI,38026,2025-09-22 19:36:09
1307,Sandra,Castioni,turchilodovico@example.net,$2b$12$5KVCbJZdXNomVnzc6oHWoeorHFuAZal4ev3RHVOD./MyyF9E9FpHq,user,0,1945-04-19,+39 05727104665,"Borgo Iannucci, 521",Posticciola,CL,34018,2025-10-01 21:31:05
1308,Fabrizio,Ortolani,frescobaldiraffaella@example.com,$2b$12$r6CEhZyPOqWatqNNGQoR9e4Vmf6Zu7mdeXdzO5fK/tqQSdDQ0wWCO,user,0,1958-06-17,+39 0432812105,"Incrocio Damiano, 84 Appartamento 5",Vanzone Con San Carlo,ME,52029,2025-01-17 05:08:54
1309,Ludovica,Malaparte,rbettoni@example.com,$2b$12$kJH9um8lDdAb9CkM74fzt.2P.CZfJqW4D6T6Etj.8n0VgYA/TOinO,user,0,1945-08-12,0759230337,"Borgo Guido, 823",Agnosine,BG,32041,2025-03-14 11:12:07
1310,Gionata,Zola,rmezzetta@example.net,$2b$12$oBcfTMCUBHAAPEwEMTMYPOevc6sq1QN7NhHUpqP91suUSDBklB.Xm,user,0,1995-07-17,3772871686,"Borgo Puccio, 48 Piano 7",Grotta,IS,21037,2025-03-24 01:16:55
1311,Salvatore,Caruso,fabiagrisoni@example.org,$2b$12$BmMX8A33A/pMW/Nr52gKwe/t4zukKNBsBQq4.oW44y66nTZDfG1lS,user,0,1997-10-29,+39 3382777951,"Strada Ruffini, 28 Appartamento 20",Susegana,FM,06021,2025-07-30 00:56:31
1312,Calogero,Pucci,dino84@example.net,$2b$12$64G2u0YjJVcSiHphcLjv5.KEnyr4kAmE7ZdVoE7ndFKO3hU2Sep.q,user,0,1983-08-06,0584889605,"Stretto Esposito, 88",Bagni Di Tivol,AL,88816,2025-03-28 00:43:33
1313,Amadeo,Smirnoff,armanirocco@example.com,$2b$12$g3Dr3tZP6N8LyzAwfIwNUerQESHs.H7tWRN54oWhqYKvFWPGgDDz.,user,0,1966-08-01,+39 3221398642,"Contrada Leonardo, 816",Presa,PU,40137,2025-06-05 13:04:36
1314,Livio,Mezzetta,giampaolo27@example.net,$2b$12$ddC6VafOik6UaFjYVJek8eVUPXaN88.8kNQbK1OkvazCmfuXpeo0K,user,0,1976-08-29,+39 373613388,"Stretto Vincentio, 54 Piano 3",Piedimonte Etneo,MB,23034,2025-10-15 16:41:03
1315,Filippo,Aulenti,crisafullipriscilla@example.com,$2b$12$2p5QXssrRUpKVWzdonujwuJdDBaz/u0ErpWeja0bV7QEuwHXCXar2,user,0,1970-08-12,36397428965,"Via Druso, 9",Lillianes,PG,61010,2025-09-07 05:15:53
1316,Piermaria,Dulbecco,amaliamartinelli@example.com,$2b$12$OULaKeGxpld2YgMRRXerDuDQ/lLQTCVeTDvLxyS/YlGpi.XLghusS,user,0,1964-06-30,+39 32917077789,"Canale Dino, 87 Appartamento 47",San Massimo,RA,52046,2025-05-23 18:28:03
1317,Michele,Ariasso,priscilla43@example.com,$2b$12$bGbryv.MCLGn/8FyWBrG1uhl6M9z7J0hWCTssURlOHpH8118mXPvu,user,0,1948-01-13,+39 06159145796,"Via Novaro, 31 Appartamento 1",Calvanico,OR,95032,2025-11-15 07:13:25
1318,Piero,Pisano,vanvitelligiada@example.org,$2b$12$tp/fyDJjnjm6HDOPmThFHefyq6l/JWgBMFVMyumlljWF3YZzJKi8u,user,0,1997-01-25,0159038249,"Canale Ubaldo, 60 Appartamento 94",Castelbuono,SR,14017,2025-09-10 12:56:31
1319,Rocco,Zoppetti,ninosandi@example.org,$2b$12$uPbAjWSVEGmSjpH85alfg.f50k2NHuZSySwV9RS3XQVpr2ksv6wmS,user,0,1940-01-12,+39 3311856286,"Via Sabatini, 592 Appartamento 1",Rio Marano,AO,82023,2025-06-24 12:37:04
1320,Giovanni,Romiti,gianluca67@example.net,$2b$12$I4khdN/Fno7351BJ2SXfoeRUHk2MgKOXT1nSAwIPLHj2IXBwQiOJe,user,0,1955-02-21,0832304352,"Incrocio Giuliana, 45",Villa Fornaci,MN,00155,2025-02-10 06:12:49
1321,Lodovico,Borgia,vespuccilivia@example.net,$2b$12$l4EKj2Ct71.n6hLghASjUeTdOKOA0GYrBJd7QeLx3MKKeUOv6uH/u,user,0,1952-01-27,+39 37773872342,"Viale Gabriella, 491",Finocchito,AG,24018,2025-11-11 23:33:06
1322,Francesca,Franzese,catenazziadamo@example.com,$2b$12$kUUK9D1oD04324LwSFAY/e8Em1GvuIxgE70wtlvTckjmSuPchQcNy,user,0,1996-01-21,0375964499,"Rotonda Maura, 4",Sefro,BL,10057,2025-06-26 21:05:34
1323,Bartolomeo,Pertile,amalia24@example.org,$2b$12$N47tGNSGffpwsJuXvij8MuCmu2WHn0dTYJBHV3z7z6iOMs2uJ.nXy,user,0,1964-01-31,+39 096258844,"Stretto Lazzaro, 46 Appartamento 36",Borgo Piave,SR,84060,2025-05-05 22:01:53
1324,Annibale,Montanelli,gibiliscogabriella@example.org,$2b$12$eDv.dyKWpoklwlUwYZmJ5ez3rvGo3les2F9z4bVBckj0vS.tMRami,user,0,1977-05-18,+39 03620706755,"Contrada Verri, 71",Vernagt,LI,28010,2025-08-10 10:42:03
1325,Bernardo,Mondaini,ubaldo43@example.net,$2b$12$nEnUooKn71pQWhy7RX/XVuR/A/TtzGcHmKBy2LHoCrrjdo3V.7CV.,user,0,2005-05-16,+39 013116491,"Piazza Iadanza, 566 Piano 5",Motta San Damiano,VB,44035,2025-04-20 03:38:07
1326,Giacobbe,Lucchesi,cesare07@example.org,$2b$12$jgB98HnT5vDoBBsuqnmeA.XuVWsuOMVKRENhvXlxmmdXF6XRP2Gv.,user,0,1940-02-29,3514279960,"Piazza Tresoldi, 24",Degagna,MS,27051,2025-04-30 17:24:34
1327,Melania,Luxardo,ennio52@example.org,$2b$12$NU8pzvt75qmRh8A7Ckx.rut/20hqsvQz523SqWsWQ3HgwL/dG9fb2,user,0,1990-02-01,3703865327,"Rotonda Tremonti, 86 Appartamento 7",Casacanditella,CA,33052,2025-11-09 04:09:48
1328,Valentina,Polizzi,sbulzoni@example.org,$2b$12$WoUuQmJ3vzyiaLPo77v0Ye3XxYbdSJ46h2Zljgs/R2dDoYEMR6nMu,user,0,1980-08-16,+39 0584265809,"Contrada Lisa, 2 Appartamento 60",Gravina Di Catania,CN,57014,2025-06-30 22:08:47
1329,Carla,Borromeo,vanessa32@example.com,$2b$12$cUWxIONDZdqg8713YqyXLutf7rDG0DOY10NQ9mc1IrX.8tL19ntCO,user,0,1987-04-04,+39 375650170,"Rotonda Ferrazzi, 566 Appartamento 3",Perinaldo,SA,30015,2025-04-07 18:02:21
1330,Vanessa,Fattori,perandacalogero@example.net,$2b$12$0jxAVyzwLrT9LeLp4vveC.vMybhjrp8pvGyQpsr2KuaRdiBeN25Me,user,0,1979-07-25,0425728716,"Borgo Antonio, 674 Appartamento 0",Valvestino,SO,10092,2025-08-29 01:09:38
1331,Marcello,Marino,ottonecrisafulli@example.com,$2b$12$wS5AzycTYlhLtgRfBDzjYu/4oTLdkA7xAffVhIDvK5v/PKj6oK6rG,user,0,2006-01-14,36887736608,"Contrada Torlonia, 18",Torricella,AQ,81040,2025-02-23 11:40:26
1332,Flavio,Ossola,eugenia41@example.org,$2b$12$GujS84kkCluDzxyZpKpV3ehIZciQ5QAGRULt5pdJl4ZIpVmgnq8s6,user,0,1996-09-24,05857488315,"Via Piccio, 65 Appartamento 9",Tempera,MC,36062,2025-08-06 12:04:56
1333,Geronimo,Caffarelli,giovannasordi@example.com,$2b$12$4TpPqefR4.tuYDgrXqCPBePsw9tnnVN33HzkbiXJbP3TB34yN2SSC,user,0,1968-08-24,0773511226,"Strada Cantimori, 328 Appartamento 26",Cupra Marittima,PU,97012,2025-10-28 01:17:58
1334,Giulietta,Gentili,angelica11@example.net,$2b$12$YFGs3dcTgmdFTmPipWAI/uk7TLNBM5c5fwoMwzP4ZR7vSr7/lAvl2,user,0,1948-12-26,+39 0118523694,"Strada Ignazio, 482 Piano 1",Lengmoos,FM,24041,2025-09-28 17:14:26
1335,Piermaria,Speri,ermesvenier@example.net,$2b$12$MKyRQv.cWMogdMKuifeW1OgoM.rmw1WT3wrtIWWe4f.jIJxMzYcrW,user,0,1976-07-22,092106455,"Stretto Paoletta, 71 Piano 6",Giglio,AT,84078,2025-08-18 11:30:42
1336,Eraldo,Corcos,matildabevilacqua@example.com,$2b$12$7F3TCD2RiofVa.Wm7fw3V.K26GuB2Y/znr1.SCMFHGSY.V760no4S,user,0,1964-05-01,3881156943,"Vicolo Abate, 66 Appartamento 8",Turbigo,AT,15032,2025-07-01 08:15:33
1337,Rolando,Montesano,ugo92@example.net,$2b$12$3K7l7dkNStqskGjJWmNq3un.TQTYZ7U66wcweNY09pUj3BVxEf4xO,user,0,2007-01-21,+39 0922162354,"Strada Costantino, 81 Appartamento 9",Lanciano,CH,95028,2025-02-26 16:30:26
1338,Annunziata,Florio,pietro12@example.org,$2b$12$YxVNGchJJR/GAz6Eqbe4IOMG6G3k3jT4G88OapPwGYIcGuhFDB0ZG,user,0,1970-05-26,0573374781,"Canale Boezio, 1 Appartamento 1",Montemaggiore Al Metauro,PZ,34070,2025-06-23 20:54:29
1339,Rodolfo,Vezzali,lorettascaduto@example.com,$2b$12$VVhPsgbRNWhFz.OwFmh02uC95Db0d.JrCWUoQESZ94Bj7oShHl7X.,user,0,1983-06-15,+39 0791475141,"Borgo Pontecorvo, 659",Odolo,GO,98067,2025-03-17 17:11:54
1340,Ida,Turchetta,dina72@example.com,$2b$12$TuWxB943BP02nx6rusBAY.bhpcFckCIrX6SJQ/ISSPFYCikBhCvMm,user,0,1992-11-25,+39 0343870016,"Borgo Ivan, 4",Serravalle Di Norcia,AO,50132,2025-10-27 06:26:39
1341,Eleanora,Interminei,hraurica@example.org,$2b$12$IQ198aMTBM0C9NhMpP0/pOEs7gtKQgt3EY2pefWGzn/LoHbWI0Eam,user,0,1965-12-23,353305859,"Incrocio Piersanti, 26 Piano 7",Sant'Ottilia In Renon,VA,14053,2025-05-01 00:19:21
1342,Nadia,Casaleggio,baresimanuel@example.net,$2b$12$NTSKXYOcBlM7HpM/4h7pzegqMwMhZ8X6qGQj3X/0sPE86rGCyPZxm,user,0,1968-11-29,+39 39727805605,"Via Cundari, 21 Appartamento 76",Marina Di Ravenna,CN,98134,2025-08-11 19:01:55
1343,Valerio,Giulietti,piergiuseppedoria@example.net,$2b$12$Qzsij6vZHpGXkLbCag75XOyt90BV5m8yeXSjiKWsxfXoktuCYE8Si,user,0,2001-03-16,091432549,"Vicolo Inzaghi, 14 Piano 1",Roure,RE,84042,2025-01-27 12:00:23
1344,Alina,Branciforte,qbixio@example.com,$2b$12$mw5qJL4E5zZJVHVMtMB2FuyqE6PBscI.bs.Oglpv5GGHf7OvgodOS,user,0,1999-06-23,+39 0382744584,"Canale Omma, 526",Villaggio Bucchi,GR,25015,2025-05-24 11:31:40
1345,Veronica,Medici,ronaldoiadanza@example.org,$2b$12$x5su1TA56lQAC2g9aIgdU.yPajFqoVV9dz/LFVKeD8puwqcHd.Kye,user,0,1973-10-29,+39 03321305784,"Borgo Avogadro, 444 Piano 7",Coltano,VA,74024,2025-06-25 18:39:27
1346,Giovanni,Palladio,tizianatommaseo@example.com,$2b$12$viOrYZkASLWgXZjyLf4hF.RAQlMPldGBKtW9Nt6mWKRoArpIfjm8u,user,0,1980-04-17,09345932390,"Vicolo Taliercio, 46",Stevena',VR,00135,2025-05-04 03:55:17
1347,Delfino,Nicolini,pgaliazzo@example.org,$2b$12$2kshCjYQhfAAqQr83P.pbe/.uJ3eBdvp7mQWU0gzuW9vh6yjAGEEm,user,0,1978-09-01,+39 3341332377,"Canale Schiavo, 85",Asta Nell'Emilia,SR,47039,2025-03-26 21:33:28
1348,Biagio,Peruzzi,vittadellotemistocle@example.net,$2b$12$4FeDDbuF6IZb6IkcK0cwA.UGqWhf.e7dPu17E5FTV.pUKdpANFyUK,user,0,1941-01-04,044499253,"Via Flora, 177",Occhiobello,SS,20149,2025-02-19 21:33:57
1349,Franco,Gatto,pirelliangelo@example.net,$2b$12$83YGj3Y1xCq10l0B6ajG0uYWrpZyrCzfa7pA/bsQ4BIQdFZLF89iW,user,0,1975-10-28,0423388889,"Borgo Sanudo, 76 Piano 3",Bognanco,PO,95022,2025-06-18 00:11:43
1350,Roman,Bocca,desioamico@example.com,$2b$12$PUNEXhjKrFmaeY.NL5vmO.ToRiDRiYcF2/iZtfDOVOcop69lwpn9i,user,0,1955-06-25,340883992,"Rotonda Cagnotto, 928",Mandello Vitta,MT,00118,2025-02-07 13:54:33
1351,Franco,Vattimo,ornellaubaldi@example.org,$2b$12$6U5DUdsaHE5amZQZkrmNkuknr1nBtxojEm33NXOSDBn1Ed8bt7/sW,user,0,1940-07-11,+39 379252231,"Borgo Eva, 541",Le Prese,PZ,82034,2025-11-04 15:00:02
1352,Raffaellino,Mondadori,gianfranco47@example.com,$2b$12$Yv9TRl5UdvldtuT9/a6IWOVnXpO4fwxzc8mocb8Stp9c/NeeiguxW,user,0,1958-08-20,348488806,"Via Augusto, 159",Casa Del Conte,CH,01014,2025-01-17 16:58:07
1353,Leopoldo,Gabba,galassosemitecolo@example.org,$2b$12$qfLCumU180FUwPN7ApLIIO51I1RvUYA2rUAFQ2aptQ51JQk7Nelwm,user,0,1981-09-05,0783095833,"Via Pistoletto, 20",Valle San Felice,TO,28814,2025-09-30 23:04:40
1354,Valeria,Giusti,sbazzi@example.org,$2b$12$fTH4IG9nf57asgtImYgYbepyD2BktsIwMwV83st7JiizB0mqnZ8C2,user,0,1968-10-18,0543243083,"Viale Ferrucci, 29 Appartamento 7",Osio Sopra,AQ,80074,2025-05-28 04:23:28
1355,Sebastiano,Amaldi,achilleconte@example.org,$2b$12$byQNVQoRO4PNGxY9csShfOlYFDT2VrzFvgLoboZ0D9iQ5cUAJKN/S,user,0,1999-03-19,+39 33302067500,"Strada Amico, 319",Fuipiano Valle Imagna,MT,66037,2025-04-07 23:30:22
1356,Letizia,Musatti,petrocelliornella@example.net,$2b$12$zPWHIda4oKS5yfGyKirwZeynwt7gah8E/GLGWCFzNmVptXG6O7jSu,user,0,1955-07-18,3238374075,"Canale Campise, 56 Piano 6",Villaggio Aldisio,FE,41026,2025-01-27 02:25:42
1357,Rosa,Stradivari,olgacarpaccio@example.com,$2b$12$7VqlWlG40QxXrlK2CwS/y.h2yp63C.1cqVqkc0Of4559q7W.MQOam,user,0,1973-06-26,059449209,"Viale Corradi, 59 Piano 3",San Lorenzo Di Vasto,AP,06063,2025-01-13 12:16:25
1358,Camillo,Balotelli,ugolinotomasetti@example.net,$2b$12$e5fbKj2QzX.7VfbyLrPOGuMwVX8cmqfxSoc0QwqLttr77MNWnlWT2,user,0,1998-04-10,09234796988,"Strada Saragat, 654",Plesio,PC,61041,2025-04-30 19:10:20
1359,Enrico,Valier,jcalbo@example.org,$2b$12$wdNA8tMTKec8acuwDPXCBOulokGfPbo/krvFuqh0gYAixt5./6bIW,user,0,1997-10-07,07846498845,"Vicolo Federici, 84",Farra D'Alpago,TV,37013,2025-06-07 05:53:57
1360,Antonello,Nitti,trombettaelmo@example.org,$2b$12$BZ.70FawoBvzhpuhFrQxF.ut6Jz/jMQy9uGZLYGc4fLcc3MjUM8J6,user,0,1960-10-05,0941658825,"Via Virginia, 0",Fontana Di Montella,PU,30100,2025-07-06 11:01:50
1361,Beatrice,Pagliaro,gioele78@example.net,$2b$12$Jmd8XKqinoVhlDBIPA.ayu2euMuMr7KXNIj6K3etcLSLND1CWYvQW,user,0,1978-02-11,391552544,"Strada Alessia, 46",San Salvatore,CB,54021,2025-04-21 09:15:25
1362,Tonino,Carli,romeo17@example.org,$2b$12$ranbeiUVogJV5lG1b9Lnheb1168oA55Jd34FyxrB6cX4p.njjrQTC,user,0,2002-08-28,016363570,"Viale Cutuli, 85",Carcoforo,PR,47838,2025-06-24 18:12:27
1363,Romana,Pucci,ornellacrisafulli@example.net,$2b$12$ep3NPr6dVAVXh5E47gM8FuzF9cue7HWmJ3FifhcGv4qqRVEzdv2q.,user,0,1979-01-27,057394262,"Contrada Salgari, 58 Piano 8",Paesana,MC,12026,2025-01-06 22:15:05
1364,Tonino,Fo,dante78@example.net,$2b$12$6ucWYPdwvpcTiS0xMjuA5OKuLDyujto3FgEn20pHxf2HMyfoK2NtK,user,0,1944-09-23,+39 3661085733,"Via Mozart, 738 Piano 7",Sestu,PU,06043,2025-09-19 10:41:00
1365,Gaetano,Giunti,ebonanno@example.net,$2b$12$MtpIuGiL28LR6yGXD3.ExelwM.Rl3ehlmo8SzcBUKtC4bokhmajQW,user,0,2004-11-14,3459879327,"Stretto Ferdinando, 80 Piano 2",Dervio,AO,07039,2025-06-29 07:45:07
1366,Oreste,Andreozzi,ktanzini@example.com,$2b$12$m2V.caLjgS5rsIltMGAFe.phQe8Om6Cvme6zCb0YhTqf32MGjLn9O,user,0,1983-09-26,+39 3491105414,"Incrocio Niccolò, 3 Piano 4",Casabianca,TO,14016,2025-05-10 04:10:38
1367,Ettore,Franscini,giansmirnoff@example.com,$2b$12$g/7CGCbF/hgo90JqjqjCM.kGt6l722Vft6WR1c3esn..Srym38pb6,user,0,2005-01-30,+39 37738333061,"Incrocio Abba, 1 Piano 7",Mondolfo,MC,60128,2025-06-24 11:38:25
1368,Ilaria,Cherubini,gagliardimarco@example.com,$2b$12$l9Djr1MEKTCZFMN7MRdPbuLFeALQmUba59q1rxwuO.41Jv7cDyaky,user,0,1956-05-31,0547329179,"Stretto Gozzi, 86 Appartamento 85",Quaglietta,VB,33015,2025-09-30 14:52:27
1369,Alberico,Zampa,aurora62@example.net,$2b$12$cZNgDP40dkf01LIuR3jUmO0PB06SofYahk/22FHOnZ2tVT4JSBbQi,user,0,1972-06-22,+39 0823735484,"Canale Mercedes, 45 Piano 5",Prata Sannita,PR,46019,2025-11-26 08:28:59
1370,Mirko,Corbo,ceciliaangeli@example.org,$2b$12$QrIg5ZQmmZFilgcREn43NeWdQKDTFLoKW2kcw18iGFoR06V3THjki,user,0,2005-03-02,04445655415,"Rotonda Ilaria, 624",Villanova Biellese,VI,64042,2025-08-16 11:03:35
1371,Amico,Bellini,caterinapratesi@example.net,$2b$12$dGFmCRiwErtp93ximi1WSudCPsI1fBw8wTmUnmdW.NWKRRc6b2.zm,user,0,1966-06-09,+39 0934838415,"Stretto Federigo, 2 Piano 2",Cercemaggiore,LO,12038,2025-09-29 17:09:41
1372,Greca,Marsili,gzito@example.net,$2b$12$rcGX2tYVE9Kb8Th.6/rMWurMamXlOkH5p8ePDOBsZVcIITBCA5NkW,user,0,1966-08-31,+39 0824245992,"Borgo Fuseli, 2 Piano 9",Scigliano,LO,38088,2025-01-19 23:48:09
1373,Piergiorgio,Renzi,telemacofalcone@example.net,$2b$12$cjTbhIx9YcmJLf5kOEClUO.8WTX1k0ZCwGoZC5v4bnJ3gNipdiPHG,user,0,1950-03-01,0481585373,"Viale Spinelli, 95",Schenna,AT,73025,2025-05-28 04:21:15
1374,Bianca,Spinelli,nadia43@example.com,$2b$12$xd1BBq1DtlAYvxBzZHseYu2FjZnyphZ7/wplVdthEZDTdMmqtPHFm,user,0,1990-05-07,3511689239,"Via Togliatti, 53 Piano 9",Secli',AT,34139,2025-06-10 02:14:25
1375,Amedeo,Tarantino,bereniceboccaccio@example.com,$2b$12$oeAElnDMXQcp7FZH9oj0/enmIdttMAFjsg6.3TjtRIkEx3w0C6GMa,user,0,1970-02-07,375794897,"Strada Morena, 72",Fontana Di Montella,LC,84127,2025-06-30 12:03:23
1376,Raffaele,Papafava,adrianofornaciari@example.com,$2b$12$PQh8P126eHaVXZxNNAKsSuLsTUUFDOG1lGxA30qfsFtzP5xaqpfF6,user,0,1992-12-11,0906367112,"Borgo Taccola, 0",Ospitale Nel Frignano,TP,89062,2025-10-04 15:06:08
1377,Vincentio,Mengolo,roberto84@example.net,$2b$12$HuBlhmNnN3/zfDXvtO5vyeLIW6NvrZGiiaDjnpy0mADF2uKRaDICm,user,0,1998-08-28,330780477,"Contrada Iannucci, 54",Sarissola,RM,51039,2025-09-19 04:00:11
1378,Alessio,Giovine,falbertini@example.net,$2b$12$S5cY2txq2YZvOeaRSXqvBuMoshPUO/B1Hx4g8ymrYZCAA8hgY3fYq,user,0,1961-07-25,+39 0183092064,"Contrada Catalano, 88 Appartamento 2",Cabernardi,RO,80129,2025-03-31 12:10:06
1379,Baldassare,Guarana,virgiliosole@example.net,$2b$12$QfpXNdtENnn9Z9M0zJDbAOkSoAbaNUMGaXfdEWJ8w0GMwYs3kHqbu,user,0,1956-04-18,+39 0412538234,"Stretto Gionata, 18 Appartamento 6",Villaggio Aldisio,VT,84098,2025-10-12 15:37:23
1380,Giacinto,Ferrari,soranzoserena@example.com,$2b$12$RZLWlPKx1EevouTmZwVpGuqiJXjhe2DHJNepE/hQ4SyMEl41tFSQ6,user,0,1947-06-13,0372609610,"Piazza Rossana, 2 Piano 8",Campli,PO,38075,2025-08-20 07:34:11
1381,Nanni,Luria,tina79@example.com,$2b$12$iboK/i1x1jjnr.MDVW2ahO7GI8UTB3YWawmybMc1RJ1BPOWjmN26m,user,0,1961-08-25,018712719,"Canale Metella, 41",Rodigo,RG,57021,2025-08-10 18:57:55
1382,Raffaele,Navarria,torquato26@example.org,$2b$12$lY6vrZX2g3EeLeEu2fp97uz1svwrSFhX7b3BnD7knqpjytz.EscDq,user,0,1969-12-06,+39 03650790253,"Canale Salvi, 95 Piano 2",Sant'Anna Di Valdieri,FC,26047,2025-04-09 08:50:34
1383,Allegra,Tonisto,bompianialina@example.com,$2b$12$rWrnuV7npQu4qS.btdVwW.Af3kYzi6pbRWpMtSqoRB7H6e1uj3WCG,user,0,1951-04-29,0956932925,"Stretto Tiziana, 38 Piano 4",Sestri Ponente,BT,84042,2025-09-11 23:32:54
1384,Ferdinando,Conte,aborghese@example.com,$2b$12$cWnogx4qwz4iY8P2qpXbsupL/o7xIQYwv7sabHpy/OtmHeIEtoFKa,user,0,1948-04-23,096113851,"Contrada Sibilia, 6",Bardineto,PT,86072,2025-11-17 13:06:13
1385,Mariana,Detti,ninettaalmagia@example.com,$2b$12$abn3iz5LPpcICHXBlx3PSuPlokDxgqB8NW.ldYuYlQXTCf9KgHaq.,user,0,2007-01-08,363312539,"Stretto Piergiorgio, 27 Piano 5",Romea Vecchia,CN,00018,2025-06-20 08:33:39
1386,Liana,Bova,reggerita@example.org,$2b$12$MR3vp5u6MfrAhx4Y7gI31OjbYznugKoAeY.M0gnvY16lHv4Q069M2,user,0,1979-05-06,+39 04448686301,"Piazza Ezio, 293 Appartamento 28",Casez,VA,06123,2025-11-14 19:17:55
1387,Fabio,Prodi,bbernardi@example.net,$2b$12$23pZN9cIm7Z14bTDGNvUFOort5/qXo4aBSIJnSWTxB7CvZsCRuV6G,user,0,1973-11-06,+39 0426851511,"Viale Chiappetta, 7",Rosia,VE,02045,2025-06-09 04:20:20
1388,Concetta,Ruggieri,letizia77@example.net,$2b$12$Xe.EM0kR6wdrQBLoNgFEsO4fSLUqLVCKIz8o1JKSy4Y9jVJYEI.0m,user,0,1969-04-21,+39 07316294066,"Borgo Cilea, 30",Stevani,VT,08043,2025-07-10 15:54:46
1389,Leone,Tarantino,lnicoletti@example.org,$2b$12$eRI6dlMdb0lz0nxmBM7nVeQZcOEgwYR1Bd3oNHVROiU4bIQLO4pAq,user,0,1985-09-29,+39 012476657,"Stretto Marisa, 59 Piano 7",Poggio Berni,AV,66022,2025-03-01 18:06:07
1390,Rossana,Lettiere,qvasari@example.net,$2b$12$Mz2mOmIf9iWuzsSW6u2x0OsY1wwgb9APL4tNOiJI0XpF6XGezRB8.,user,0,1960-11-01,+39 0187328238,"Stretto Benedetto, 74",Borgonovo Bardonecchia,CB,55021,2025-07-26 17:09:33
1391,Liberto,Porcellato,xceri@example.net,$2b$12$0pRZwR5bYi78UPNPnhm3eOtzpu0GTZt5agGChyVbvhy03HI8d4oVW,user,0,1980-06-21,0438886644,"Stretto Piccinni, 60 Piano 4",Maresca,FG,98072,2025-10-30 14:07:58
1392,Ermenegildo,Trillini,paolettiannalisa@example.com,$2b$12$xp8X4DoSGSqBXM/GdWYVc.buawVs4cgmkckDP82EG.wqx5CLUvmbG,user,0,1968-12-19,3375786383,"Piazza Gradenigo, 62 Appartamento 4",Chieuti Scalo,CZ,63094,2025-03-22 22:10:54
1393,Donato,Catenazzi,annalisa65@example.net,$2b$12$bIIgVLyNr0Gw8HES0YGRG.HLS5SUeF.cSouxbv3bugK7/q3OjxnGS,user,0,1944-04-05,3859175966,"Stretto Gioacchino, 42",Comiziano,MB,41011,2025-06-21 06:56:49
1394,Tullio,Guarana,sobreroamanda@example.com,$2b$12$eH/h4xuUWlJz5i3gRFk1suDcWwVSmILCDpbR/rDcRoTuHkpTBRwDu,user,0,1969-05-08,+39 0166560885,"Strada Rosario, 1 Appartamento 3",Capo D'Orlando,VR,38088,2025-08-04 07:16:58
1395,Morena,Marsili,xstein@example.net,$2b$12$Cga.qAAoF0rX413Iu8b/nuRw9jLNEkw0VBYfts8rnZwE8J.SFs23W,user,0,1992-12-29,088412606,"Via Bianchini, 86",Pontida,SO,85018,2025-05-31 09:59:33
1396,Adriana,Niggli,tartagliatatiana@example.com,$2b$12$ho66quZNgjCDKgpjpcWFLO/QUJNI2vf/2PbIyXC5GDTcSfG0oALSm,user,0,1978-03-09,3334896591,"Piazza Corbo, 95 Piano 2",Spinone Al Lago,PV,50127,2025-10-19 17:12:24
1397,Maurilio,Pizzamano,xiannelli@example.org,$2b$12$DBY8Iiu4wKFFTV9ayeoQs.VAsR2vMO8svYQ/v5UMh5.JhuxGICYCq,user,0,1948-12-26,0583389159,"Canale Gualtieri, 30 Piano 8",San Michele E Grato,PZ,37127,2025-04-21 18:09:08
1398,Gabriella,Treccani,adelepisano@example.net,$2b$12$CpyNx4yGJooYW9VZFyhhcuNVcMi0J0i5q/pd9LUAm0nnaEflH99hi,user,0,1949-08-08,+39 371393126,"Vicolo Amleto, 89 Appartamento 20",Scoppito,PE,86080,2025-06-18 14:56:00
1399,Agnolo,Pizziol,varanobianca@example.org,$2b$12$YSxsLFXyXQAUyJoY3dztR.yhAgL0y7tbnkWhp6Hm22NL66LYedXpi,user,0,1963-06-27,0775468862,"Stretto Galuppi, 94",Jelsi,RN,36034,2025-10-31 12:45:53
1400,Giuliana,Andreozzi,abatantuonoantonio@example.com,$2b$12$xfWbsy7jCmjXAomYD8ZK9uQOu/UVG/02fqJDJbumqv4GIJO0L0FO2,user,0,1946-03-18,3760509854,"Via Missoni, 99",Sismano,VB,13024,2025-02-09 19:06:17
1401,Eva,Bresciani,lamberto20@example.org,$2b$12$mcIl6zhaWvK1RHIbHz1TwOKrvl59/uA.TxJj3OVKP2X5T99kRxaFa,user,0,2005-04-25,3513812063,"Canale Emma, 1 Piano 3",Mortegliano,SR,36025,2025-03-02 22:04:35
1402,Benedetto,Barsanti,silvio17@example.org,$2b$12$eqm23kDz3C2idFQSxEJfpOj13347oe/VOclhKWTQ2tGZnDoNAsT4q,user,0,1949-09-22,0573991385,"Strada Bodoni, 87 Appartamento 1",Grottaminarda,PR,12076,2025-03-10 11:35:19
1403,Carmelo,Cesarotti,mscalfaro@example.org,$2b$12$vtG8sT/hLX3IUfTZLArxj.qOE7.v1wh7HRsyepr32fXkJp9Bf9EWq,user,0,1956-06-25,+39 375602538,"Stretto Solari, 62 Appartamento 0",Mittewald,CH,80055,2025-05-11 23:01:19
1404,Camillo,Soprano,farandaivan@example.net,$2b$12$yI8lWqdYuqlEf0mrCWfB8ON2pBi4zO0tQxRRXFAq7mY78onWvwPam,user,0,1984-02-03,0965151332,"Canale Anguillara, 0 Piano 9",Bacu Abis,SU,22035,2025-04-07 06:34:05
1405,Telemaco,Filippelli,adrianaalfonsi@example.net,$2b$12$HSDgW4f0fmbMh8qvSSQ4i.PWxsEyui3Os0V/A.SxKjXoN2aIr/dua,user,0,1949-06-10,3715184547,"Borgo Morlacchi, 451",Formigosa,TV,91012,2025-03-15 16:42:34
1406,Manuel,Cagnotto,gionata41@example.org,$2b$12$9jdkwNEUezDkY5xG75VohOHJJYVHH7Vz/P01ur17P4nbRQe.PJJMa,user,0,1951-09-14,345463096,"Stretto Tasso, 261",Basella,FM,83013,2025-05-30 23:28:37
1407,Ilaria,Pausini,laureanotosto@example.org,$2b$12$CpohnAbdxLXuibbntTzGE.48EoSGiDNzpCpVH1CeFs598HyYCf6L2,user,0,1980-08-04,+39 33969337682,"Viale Ninetta, 178",Toritto,SA,85027,2025-08-02 02:33:33
1408,Laureano,Juvara,wpetruzzi@example.org,$2b$12$mXSnzJtPdEXXxhpvq8hzb.ukDDHJPNneRdzuKGiPYEFLt4V1f4K0q,user,0,1989-09-11,049590772,"Viale Sebastiano, 43",Pieve San Lorenzo,UD,90133,2025-08-06 05:34:11
1409,Riccardo,Sinisi,pasqualdepero@example.org,$2b$12$EQUjUuLbeSTOd5yaN9wV8eYQ2b0U54WuFj/hT/Xcb0DnRd1SUxLAy,user,0,1958-12-08,0344074336,"Via Trobbiani, 79 Piano 0",Mottalciata,AT,21062,2025-07-26 06:38:01
1410,Giustino,Majewski,maria51@example.org,$2b$12$Ww2K5Wr7PhSZGJ.uwpE6U.8qn4inmr1uyl3CA5uVkAFwYlrT6gX5K,user,0,1947-01-26,04619221707,"Vicolo Camiscione, 173",San Donato Di Mango,PN,38047,2025-03-20 09:40:48
1411,Isabella,Avogadro,medicienrico@example.org,$2b$12$6iF29AB/K8Cf5b1szngCUutZANtMAPkmJSCp88vvMFEDSX.Gb7q/6,user,0,2000-08-03,+39 01412899292,"Rotonda Pininfarina, 2",San Cosma,PV,90022,2025-04-21 16:44:15
1412,Bruno,Prodi,alfiofuseli@example.com,$2b$12$9FAkKfSIxqFGDt//hnkHguRjiom8jzKnH.gK1Iq3j1gNwIRk011Rm,user,0,1986-11-26,0107011559,"Strada Giovine, 488",Vetriolo,SV,17041,2025-10-12 10:22:57
1413,Toni,Venditti,gianni52@example.org,$2b$12$3yey2MytpD9MUAXbG9ayfO59Auay6p8syjU5YpRwvbLjBsrUTIhJG,user,0,1958-04-03,+39 0800391001,"Stretto Anita, 45 Appartamento 95",Daone,VB,22043,2025-06-14 12:25:49
1414,Mercedes,Boiardo,emmatelesio@example.net,$2b$12$LwjM3qoRYv9uG767GjuoD.L6o67vCQ4Bdzk7gr.37/GZqYGGH0hai,user,0,1967-08-30,+39 0998041318,"Via Leonetti, 27",Borgo Carillia,SI,98167,2025-01-06 07:16:10
1415,Loretta,Ferragni,silvestrobrichese@example.org,$2b$12$cU4qoJJJIInGm2nte/0.uudfAFFDU5ioK7mW8kJzlyvZqzhZnkBrS,user,0,2003-07-23,3516841938,"Viale Goffredo, 3 Appartamento 3",Rizzolaga,SI,87018,2025-07-24 13:34:41
1416,Ermenegildo,Russo,rosalia91@example.com,$2b$12$EwI6QcKTtPG5j.yErI0Vvuhi8F4fpMxrmGU9/ABZ.NUHzlPyBkzS.,user,0,1989-05-24,+39 07752290253,"Stretto Germana, 48 Piano 5",Codevilla,TS,25085,2025-01-12 06:30:26
1417,Ugolino,Notarbartolo,pausinilivio@example.net,$2b$12$47k7oh/OxScfbXTp1QOGKeHSsKu8Fks4qCVZWrakjTQHW2Gsjdpuu,user,0,1965-05-28,+39 3731316990,"Canale Interiano, 895 Piano 8",Ursini,TO,95131,2025-09-22 13:01:04
1418,Marcella,Pizzo,pianepiermaria@example.com,$2b$12$0j6KHF65U6wC2RRD2N7N3O5Yg3QsoQKmd7Lipci/nkM4W4OeOayhK,user,0,1964-11-26,+39 3716231320,"Via Sabatino, 64",San Tommaso Tre Archi,TN,60100,2025-07-31 22:03:40
1419,Gaspare,Roero,xbixio@example.com,$2b$12$KtEhTljvSSZhVu6TCxp.9eBKMosd3iJ0XP9FVO9mtFfPX2IivxU9q,user,0,1971-12-20,+39 01847502943,"Strada Gargallo, 944",Mühlbach b. Gais,CS,31100,2025-06-10 15:55:49
1420,Valerio,Catenazzi,victorialovato@example.org,$2b$12$nCnXsyQkfuDqIC4sIwfMtur0WwkoSaa354tR0WsjCxnzV2B8UTyQm,user,0,2005-12-31,050305508,"Rotonda Luciani, 737 Appartamento 34",Cortabbio,NA,28061,2025-11-09 12:20:43
1421,Marcella,Sokolov,kstorladi@example.net,$2b$12$eEai5wr8Sxy.AU44/.gv7upSzcSDPgfZ3jEFH.IAiFokS9IEtcbHS,user,0,1996-05-12,0789972315,"Borgo Cimarosa, 64",Lupara,MC,87010,2025-04-25 03:22:15
1422,Lucrezia,Tresoldi,scarfogliomargherita@example.net,$2b$12$.coX4HmvX5Lm787046/4eunJa12TPxIfAQI2Gr2ERPonfcrqZ5tXi,user,0,1988-02-14,0376936116,"Borgo Camilla, 81",Piobbico,PN,16039,2025-01-12 10:31:52
1423,Sonia,Borsiere,gianpaolo92@example.net,$2b$12$babqcFK9d6R6qw3ZE/68UOWlhSCZwJoO7xClyfB3FTuWGLMabqpEW,user,0,1991-01-31,0122552234,"Via Sobrero, 47 Appartamento 61",Taverne,MT,67026,2025-02-07 21:39:30
1424,Francesca,Zetticci,ludovicoroncalli@example.com,$2b$12$N7hdL9QujsvhRjEo04TjDe3wtP.kffljTauGwdJQTt3wsE/nZQ.d.,user,0,1952-08-09,0774484848,"Incrocio Marini, 791 Appartamento 80",Molinara,BS,95017,2025-08-15 00:21:17
1425,Giacobbe,Giulietti,antonellooliboni@example.net,$2b$12$MVqkMa9mB.QcpNRYy7Ewtup5sPfMXYW4a9ieH9IumO0CAFYDQCIsW,user,0,1995-06-21,072116689,"Borgo Cammarata, 2",Striano,FG,02037,2025-09-07 11:13:00
1426,Tiziana,Toscanini,foscarimaura@example.net,$2b$12$SznhFpZi6Sz0Mn8hFuicOOKOht/52wq2q8dC6c2HrclTCOHw8ZDZG,user,0,1978-12-01,+39 351275046,"Canale Vecellio, 823 Piano 5",Villa Littorio,CA,84085,2025-09-19 21:04:20
1427,Greco,Manolesso,ezio96@example.com,$2b$12$Wj1d.BPE0xUzOlhAOjPmQeZp7UVLilN1MugxtXq3RYmscSFiwiUQq,user,0,1965-10-13,379175533,"Contrada Gabriella, 5",Meco,MN,20127,2025-07-08 01:41:15
1428,Filippo,Vigorelli,romina49@example.net,$2b$12$qDmGOY/1YdpZ1wkgQs2kQ.j2qbR1F/hJmbK3Qv22dX2mUiDGsRK/i,user,0,1955-10-06,+39 0733374532,"Via Adelasia, 844 Appartamento 6",Cazzago,PV,44034,2025-07-20 23:01:26
1429,Laura,Fallaci,filangierilauretta@example.net,$2b$12$ehq9sVQ7K3BWkmKlXv2pLecEMTq.yArK3G.TSvLxucGCM5YuXT9ym,user,0,1972-05-23,+39 04042632809,"Vicolo Mogherini, 285",Donnafugata,PO,01030,2025-09-21 04:26:32
1430,Antonietta,Notarbartolo,yovadia@example.com,$2b$12$JUQ4G0gmmCAShQoSRpPJR.xS9STLO34O39xMvfix7k8Qxf1xOeWlm,user,0,1993-03-07,0776078777,"Piazza Garrone, 90 Piano 0",Mandas,TP,31011,2025-10-31 13:28:37
1431,Corrado,Traetta,villarosaornella@example.org,$2b$12$R4jqGQv/elFTveDysxoxIuMYl5Q.GCCsMtl2k8NmyvODSnbF208rW,user,0,1947-03-20,39224924608,"Viale Lilla, 80",Badino,RO,39021,2025-02-17 13:44:18
1432,Luchino,Gozzano,wpedrazzini@example.com,$2b$12$FBpuU4QxZGrkswPrXMAoWuew.cUrI0HqAP7yGPhj1Ya1SHsfT5TwK,user,0,1977-06-29,353370009,"Canale Ettore, 7",Alteta,VV,56126,2025-10-23 01:04:46
1433,Irma,Orsini,cscarpetta@example.net,$2b$12$OZ8pAZeZOQ2WTH0e8H1jCeS1unzIVZoT.CeQBsW40DSfSBEJG1ZGu,user,0,1940-03-10,3780439210,"Incrocio Pozzecco, 5 Appartamento 8",St. Martin am Kofl,BT,47842,2025-08-01 11:27:51
1434,Angelina,Govoni,gentilierika@example.org,$2b$12$BemM3UH6EV9gfJ3GvWOaOOTtjH7qmToMvNppCydKfH6D7k/GmJAty,user,0,1950-08-16,+39 033232755,"Strada Lanfranchi, 1 Appartamento 2",Castell'Umberto,GE,10122,2025-01-30 02:18:24
1435,Mercedes,Montalti,opizziagnolo@example.org,$2b$12$Cz55p32.I2yZmL5ocuRKhO2gBcSc/1ivxrnCpo3oQyxT1AhD38yGe,user,0,1984-04-21,054112574,"Incrocio Trentin, 253 Appartamento 6",Sipicciano,RC,24043,2025-09-15 07:34:29
1436,Ramona,Zanichelli,gemitogiancarlo@example.net,$2b$12$Li8H1VMAPqVarehe6xJRHO.HHvDnz.kml/VkjcV9u3qpG6sKm2Rci,user,0,1987-07-14,+39 07523933641,"Vicolo Armando, 895",Isolabona,FC,12046,2025-07-01 07:39:47
1437,Pierpaolo,Berrè,kbonomo@example.com,$2b$12$t95231qfVfCULc.7nzEXP.YUFjuqRQmlvnlRU1itjxfP3t2r3uLwm,user,0,1968-01-08,+39 01581510176,"Stretto Favata, 93 Piano 7",Saltaus,LI,37063,2025-08-14 16:14:16
1438,Luigi,Giannetti,imelda61@example.org,$2b$12$kbApg5rIDcQAqhfw1NZzB.Z6HLnjbAxa4e5YjbIFNsufz9N3ocf0q,user,0,1983-10-22,+39 0572290226,"Canale Raffaele, 322 Piano 3",Sueglio,RG,19031,2025-10-13 11:52:12
1439,Isabella,Antonetti,pierinafantoni@example.com,$2b$12$irZXjz6sx9Mc1qL1uaaZiud.T/GgITl0KfM5fbmlVPlOoczENokBi,user,0,1979-06-02,+39 0345382766,"Viale Gianmarco, 6 Appartamento 99",Scaltenigo,MT,87040,2025-08-16 17:30:09
1440,Melina,Borromini,ymorabito@example.com,$2b$12$sF2pPrZlN7GOBIO79GzNIe9xZfpbobqWr20DzHR8fvDQIYD1KxCqe,user,0,2002-08-23,08629268006,"Incrocio Inzaghi, 64 Piano 7",Ricigliano,BI,38071,2025-11-12 17:15:04
1441,Concetta,Pavarotti,mercedescanali@example.org,$2b$12$wCASRuoBHuTFGHW5xwfUN.kmGvWj/ARzyZzjLA0vnL40QICSqybd2,user,0,2002-07-05,+39 07914880255,"Via Milo, 15",Centenaro,PD,53042,2025-09-03 21:10:01
1442,Fausto,Tonisto,federicacicilia@example.com,$2b$12$UVXrQRoB0XN9.Ff/C41Jx.8jlRWjf.rSU.T8.fmdpJIrPJ0Qz6Zwa,user,0,1989-01-12,0771597670,"Stretto Enzo, 47",Muravera,TA,12051,2025-08-07 10:08:23
1443,Durante,Aporti,uabate@example.com,$2b$12$kpWE90xQq0S3qfOV3VQBauM7nDkxcj0I0rLO1lnS.gagPoRz4PWOi,user,0,1962-02-04,+39 056604008,"Rotonda Foà, 520",Lichtenber,VI,21055,2025-01-22 00:00:05
1444,Lara,Troisi,lpignatti@example.net,$2b$12$bwmq43xLtNK95z5vyJAo9.td7A6SIPvMGtvQMU.d2iBKB5o6gUzdy,user,0,1971-01-12,+39 01666173841,"Incrocio Margherita, 584",Buonvicino,SI,98125,2025-03-03 05:18:29
1445,Antonina,Dulbecco,fiamma90@example.net,$2b$12$L3Qt67lySIKYGzG3.ehu7uNXrLyLJSeR1fniIvwgqvA7j8zH2c8rm,user,0,1941-12-30,0426029358,"Contrada Pisacane, 4 Piano 2",Roncogno,NA,97012,2025-05-07 06:02:47
1446,Clelia,Grisoni,anitafaggiani@example.org,$2b$12$Ma3nGD.w8pAwwgWO0ZKQge76ML/m4fy/lNl32NkLBNlWQ0k5j8jA.,user,0,1999-09-15,+39 3792227495,"Borgo Turci, 4 Piano 2",Olba,RO,87036,2025-10-22 13:08:36
1447,Milena,Borromini,mfagiani@example.net,$2b$12$rZzDuXz8WpILyfI1RGqczuFfL09vzE7t8UeORJ3qstDrIEVWsoOmi,user,0,1951-01-05,0965787117,"Viale Nanni, 20",Frassignoni,PG,23019,2025-09-25 12:24:24
1448,Dionigi,Burcardo,xmorellato@example.net,$2b$12$rjnqQcNgfd9b/MoSdHeUEegLlljv0Ehrl4OQrClDa9jyiX9hM8rN.,user,0,1950-09-08,09328244348,"Borgo Biagio, 69 Piano 8",Castelleone Di Suasa,CA,13867,2025-04-11 03:14:52
1449,Silvio,Goldstein,ymazzacurati@example.com,$2b$12$VwTVXPApi5fbT/ykLsMioeOqb.DOqkBM3IwymD1JxjzDwueAUfoPO,user,0,1977-03-24,0461925585,"Via Lazzaro, 875",Aurelia Di Civitavecchia,NU,80128,2025-10-15 12:59:40
1450,Alessia,Squarcione,paulina05@example.org,$2b$12$sPuARyvGkQOVxrwzl0jOXeYdC0dqYkml1Y/42keQFx9YG/5pdA7vu,user,0,1940-12-17,+39 35183731342,"Canale Pina, 87",Caprino Bergamasco,VC,16137,2025-03-26 12:51:38
1451,Elisa,Borsiere,sermontiloretta@example.net,$2b$12$96Ym1Iue7eRG2vtxZRjiCOQ5zk73R3AQRF6s8PI66PDMwIV52hfJe,user,0,1952-12-17,0736013335,"Canale Piazzi, 34",Casamari,AR,85015,2025-07-19 20:08:48
1452,Ferdinando,Marino,rusticucciveronica@example.net,$2b$12$tOLMncnpqnM0UyjFXV/lAO79DgOyust/hMPCwJ7mLP79ztoVYD4Fq,user,0,1948-01-17,0564863420,"Rotonda Giorgetti, 31 Appartamento 71",Contrada Val D'Ega,AR,29019,2025-09-10 10:28:44
1453,Marcella,Foà,paulinabalbi@example.net,$2b$12$iQoX/bVW/8yxwt7LOCxk2.efu24ZDXtrzT09vp93zLb28gn7XjGYu,user,0,1977-04-18,+39 377957061,"Rotonda Schiavone, 6 Appartamento 0",Guastalla,TS,26032,2025-10-10 02:38:22
1454,Roberta,Pigafetta,camillaantonelli@example.com,$2b$12$IN4j.PX78a7KC8ypLsbqAeqFdzfp/vPMl2jum5A/yFGBn.8xaUGsO,user,0,1945-03-13,+39 0783151543,"Viale Uberto, 764 Piano 2",Sant'Elena Irpina,MO,21041,2025-06-20 15:05:32
1455,Ruggero,Veltroni,tantonetti@example.com,$2b$12$hCacDMVrbCNsBTPKyieiAem4jOkzQvaRENUtkG89sXgOSQsmrzMV6,user,0,1999-11-26,+39 0424464782,"Incrocio Gionata, 12 Appartamento 5",Castello Di Serravalle,LU,13048,2025-03-28 05:34:12
1456,Nicoletta,Galtarossa,mercedesgentilini@example.com,$2b$12$iG9EIcpItTJsEZLQXrcfLus00B6JNm4SdBJ3Dudr/u325inK6S7EC,user,0,1946-04-06,37113995125,"Contrada Carlo, 12 Piano 9",Belveglio,LT,42017,2025-05-23 13:44:53
1457,Greco,Tuzzolino,randazzotonia@example.org,$2b$12$BL2We6X4jWb/RtXhZifCxuXwwbcPvK2hucBbsd7Uk90SbUeQSCtYi,user,0,1943-02-08,+39 058586284,"Borgo Buscetta, 336 Piano 8",Grazia,AL,42042,2025-09-22 20:08:30
1458,Nedda,Iannucci,tnavone@example.com,$2b$12$2vznrOpXbmqSGg1kpvhDquioG/4gzbCWadOr847eHLoK2g7kaQSYO,user,0,1964-10-21,0376386524,"Incrocio Melissa, 89 Appartamento 5",Cessalto,MS,58031,2025-01-11 23:19:24
1459,Dionigi,Interiano,alfioborzomi@example.net,$2b$12$JYKqHmhWvQDJvWCigFu9P.p8/GFFN4NB6yBCcqdxJaEP7hQVeBkbS,user,0,1980-12-19,0522692476,"Via Cappelli, 78 Appartamento 27",Crandola Valsassina,SP,84090,2025-07-24 06:29:13
1460,Maria,Balla,brambillapierpaolo@example.net,$2b$12$ZqNckMxYO1KQwd6eh2p.gu1R/H3nc8G9hZoigf96i4GKvLsWU7qQ.,user,0,1999-04-18,+39 3236598477,"Borgo Amanda, 671",Lauzzana,RA,31044,2025-01-21 17:11:57
1461,Giovanna,Mercadante,mariagiolitti@example.org,$2b$12$YqiVEywj9u418wFlRE23LOZNja.RSntXy76IMsZJmi4TmZIMRyy2.,user,0,1946-05-09,361895808,"Contrada Marta, 3 Piano 1",Vasio,PG,89035,2025-08-19 12:07:13
1462,Annalisa,Amato,enzoargan@example.org,$2b$12$MJ8MTZT1Rt0hEuqEf6dgFuTxmcJQo7yIyn3kUbDBXyOX.8N480bha,user,0,1966-05-24,+39 07829437982,"Vicolo Pierluigi, 3 Appartamento 60",Torino Di Sangro,CA,53034,2025-02-16 21:54:33
1463,Ugolino,Simeoni,costanzocostalonga@example.com,$2b$12$xh/3.RVtFsRijWf1uqk9OuwMo1xqDkfxz2tuS.XKZrugOq70ovICO,user,0,1987-03-16,0761129503,"Stretto Damiano, 2 Piano 4",Pietramala,LT,06059,2025-03-05 16:55:27
1464,Venancio,Caracciolo,everri@example.net,$2b$12$SWJOiV3ioD.aMMbunt3aUu117DD7MYF6iJY0UnANCGMrGVcN0trna,user,0,1986-03-19,087411817,"Strada Achille, 93 Piano 1",Lora,BL,33045,2025-01-24 07:04:58
1465,Giuseppina,Spallanzani,santinoargenti@example.com,$2b$12$nNryzcsmxgx9hAH3KW9rvOK4T22lDlLM2WrQWwebxmxyUE/ZFlWqW,user,0,1990-01-14,0308945504,"Piazza Spinelli, 61",Campodarsego,PV,26847,2025-02-11 07:14:33
1466,Paoletta,Accardo,annunziatabragadin@example.net,$2b$12$LV5NVGUrKFLy4dmk.gUeseXqJwUtGCssFVbI0mkEmR.4LT3PSg7oe,user,0,1949-04-04,09843028310,"Incrocio Coardi, 19",Stazzu Bruciatu,PE,09034,2025-03-03 23:46:36
1467,Paloma,Lucarelli,germanataliani@example.net,$2b$12$M0TaQKiaPIhCAxa3vFNke.beGXDFdaHxtlE9D3btNv2kUoXtvJXS2,user,0,1943-08-18,07372301155,"Rotonda Vidoni, 130",Sant'Antonino Sciortino,FE,23025,2025-06-30 11:08:58
1468,Roberto,Alfieri,jacopo97@example.org,$2b$12$OhGyJX3K5izQeawV4nDfbufxvXr.XflmSEYO8nlgtAKWtzmjrho5a,user,0,1985-09-15,096123176,"Incrocio Liliana, 32 Piano 3",Andrian,ME,56033,2025-06-17 22:16:16
1469,Eleanora,Chiappetta,antoniobettin@example.org,$2b$12$WgYiaKnqoGkmy8z/M8R2u.fOR82Rwshjl3hhs93EHConTEFSs60bG,user,0,2000-06-29,+39 092146274,"Stretto Ferraris, 49",Filorsi,TA,07019,2025-02-01 20:23:40
1470,Milo,Mercati,hsoffici@example.net,$2b$12$lVMut/vBpDpkUORnvJXlcezuW5BsENGV9U.Q98c5r8Fg6Z5SdSQp6,user,0,2006-09-16,+39 0456414654,"Via Monteverdi, 2",San Michele Del Carso,LT,56024,2025-05-05 15:39:30
1471,Pierpaolo,Badoglio,ltoldo@example.com,$2b$12$v8hPXTbMBVoQql8QBDhOjuYWStLjXHo2Jp8sQrRAQrfHdhcvlI196,user,0,1975-10-27,0835536997,"Canale Canevascini, 60 Piano 5",San Valentino In Campo,AL,84131,2025-08-23 23:09:02
1472,Gioacchino,Asprucci,gianluigimurialdo@example.org,$2b$12$yM2ZSORJhSuHYEamfpYJH.xzYHEOzeS36.TO4ByqacMmOiigIZ66i,user,0,1944-04-29,+39 0141817619,"Viale Andreozzi, 285 Appartamento 8",Lunano,AP,08020,2025-09-22 11:55:12
1473,Nina,Correr,griselda70@example.org,$2b$12$SmJayOO4P3JIpA0RPoL3O.gbfJsVrbyFSHQvQk6PCIcyztd6SeEC.,user,0,1950-02-03,0650344510,"Stretto Martucci, 63",Sennori,PV,13020,2025-11-04 22:22:54
1474,Fredo,Montanelli,giada00@example.com,$2b$12$6zCZtwCL5.kCHjt6IUGFwOduMnwVrEkNGMuAC1osWjEa0.Utgcjjy,user,0,1968-03-07,05773406022,"Contrada Sylvia, 5",Cloz,RM,16124,2025-10-15 15:27:53
1475,Adriano,Lovato,ecapecchi@example.com,$2b$12$PmgQHd5gHAJbqt3X2oBOx.MIjS9wUPk.kKvWJsNMGxNosUEcMGw9.,user,0,1975-12-08,+39 05222911161,"Incrocio Gaito, 423 Piano 2",Adria,PG,26812,2025-04-07 03:08:46
1476,Flavia,Gemito,ernesto18@example.org,$2b$12$hxjVpgQBMO3MezwrCk3lqOblTQvHXuMqUPeAPa5YWZQQBO1eOrlG2,user,0,1974-06-07,04381594663,"Contrada Loredan, 831",Castel Giuliano,LT,20068,2025-01-06 22:36:27
1477,Ivan,Mozart,pietrocollodi@example.org,$2b$12$CdqP9ib1Srm0/15/qMBvbuQm1OcPXu3kNPoijvL7mztrUb6wJkW.u,user,0,1964-07-16,+39 0784344916,"Vicolo Onio, 17",Baganzola,SU,20026,2025-10-15 06:56:42
1478,Giovanna,Granatelli,antonellieraldo@example.net,$2b$12$P3RmxUSd0sa4mPBfOGoBdeTh0WDmIa0/cX2szj9LXfDdY/NUxjrh2,user,0,2002-09-08,3774129285,"Canale Serena, 7",Vernue,SP,26013,2025-04-13 07:05:21
1479,Tonia,Nicolini,bartoliserena@example.com,$2b$12$BHIiSFP1/xB758mk6V8j/OOVFSag.Ds9iqtJ1z/6bW0UKweFkrHQ6,user,0,1967-11-14,+39 035082537,"Incrocio Bonino, 2 Appartamento 47",San Marzano Oliveto,MB,95048,2025-11-16 18:26:21
1480,Romina,Michelangeli,dzecchini@example.org,$2b$12$ty9BSisl0NkAcWmOf47WteBCVOmz3NCLVo6Z3L6OVn1LRkK2lisNS,user,0,1989-06-28,33389658598,"Via Alina, 422 Appartamento 2",Torrita Di Siena,FR,90019,2025-09-22 22:26:57
1481,Veronica,Brambilla,kvalentino@example.com,$2b$12$VC2K/twiiygj6ZhfJHsFdeH0pHHdAzL.H2Zws9IS2icXV0X26XDMe,user,0,1990-01-10,0423237937,"Rotonda Antonella, 57 Piano 8",Confine,RO,09098,2025-07-07 22:30:46
1482,Mariana,Moretti,irmatamburini@example.com,$2b$12$bzDKRrhk16aor30a.tT/Q.IBrgTAIlYgikCRYZmRXm7tfFtRTzR0q,user,0,2005-07-19,+39 375726299,"Vicolo Zaccardo, 80",Sessant,LO,60043,2025-11-15 11:51:17
1483,Anita,Rizzoli,giobertiserena@example.com,$2b$12$GcSjNLeB0Ty3hiArsLFXX.MLK4ayWsvLFw2e97jCvAM6jp28zG94u,user,0,1948-10-14,+39 3514381139,"Contrada Amico, 93",Serranova,SS,35024,2025-05-22 16:11:06
1484,Cesare,Camicione,ymazzeo@example.org,$2b$12$3KXWLuTbbh1357o/8mYWpOqopdT5st2yEhV3xMBuLzz//ixKxwFKu,user,0,2006-06-10,3479273302,"Stretto Benvenuto, 9 Appartamento 71",Piraino,SR,39028,2025-07-30 22:56:59
1485,Gianpietro,Foa,leone39@example.com,$2b$12$bmT2uDNtH/ui0gf9ibMw1eHOdMNktWUqClrHhaz8uJgwpgYnb6O6e,user,0,2006-11-15,+39 086192653,"Borgo Ceravolo, 271 Appartamento 7",Villaggio Frasso,LC,97017,2025-04-11 05:20:08
1486,Uberto,Corcos,bianca41@example.com,$2b$12$Br9r/n0SUzRzSaBg0Pmtg.s7L2gpEZWJyeklzvdu3P.NoJxjv.Bx6,user,0,1974-01-11,+39 35116743690,"Incrocio Ermes, 46 Piano 7",Fontaniva,TV,29012,2025-04-16 18:05:57
1487,Maria,Zeffirelli,sophia98@example.org,$2b$12$D8kapY1dKsQLTYsCfhvp1.37UYC53bWhdIijPwMLsS0A/wIhdZ2Fm,user,0,2007-02-22,+39 350583425,"Rotonda Tiziano, 713",Santa Severa Nord,SV,57126,2025-09-04 09:35:56
1488,Ezio,Musatti,gagginileone@example.net,$2b$12$5DqkK7m2XeyCVgvIg8ehFexoAM2t41TrSUVVcRxumggrbGkgNx4VG,user,0,1988-01-04,+39 05770278183,"Strada Lazzaro, 78 Piano 2",Freins,LC,36032,2025-07-12 15:42:04
1489,Loretta,Ottino,rtuzzolino@example.org,$2b$12$lV0RJYg3OXaRQxiH54JmG.jVo60OmK8pC34qhY400jMlwcUqJ6qNG,user,0,1973-10-31,+39 08838708786,"Vicolo Margherita, 1 Piano 3",Cortenuova,PO,07038,2025-02-21 10:59:48
1490,Salvi,Einaudi,hugo05@example.com,$2b$12$y2bEXSmwR4c2zL4jpyDm7OOOol9iP50J7OENIE0At0eoNvq7Sph2q,user,0,1985-08-15,+39 0835392641,"Contrada Ermenegildo, 60",Bratto,FC,64100,2025-02-19 23:30:53
1491,Piergiuseppe,Russo,mauriziobragadin@example.com,$2b$12$.svxJtQfutRHzOPCJxc6d.5z4URP4fA5Xpiw2iBm68X/wilXwIx3.,user,0,1941-06-27,+39 35097885381,"Piazza Missoni, 33 Piano 0",Barbiano,NA,09085,2025-11-10 23:15:04
1492,Ansaldo,Scotti,virgiliopomponio@example.com,$2b$12$l0im9nKS3pea4vJyDWzteOIC/Y884pXKt2EgNh/qaclxhiPB0jVf6,user,0,1953-02-11,+39 0184470910,"Contrada Calvo, 11 Appartamento 4",Piragineti,EN,90141,2025-11-13 22:22:20
1493,Dionigi,Nitti,vanessa53@example.net,$2b$12$9.ipMSdUfe0BVpK/EDRjN..C/u2XQBUVclvEw7UHnlj1iyU2cY9.K,user,0,1974-05-30,+39 3710273643,"Rotonda Treccani, 649",Orta Nova,PI,67043,2025-02-21 13:03:43
1494,Viridiana,Piacentini,eva97@example.org,$2b$12$scXyGHV1ebPdhHyKYYAcOOb.E38iUl3N2waXtc4MmFeEcDpmvj5Y6,user,0,2002-08-17,+39 3780213539,"Contrada Zoppetto, 50",Monteferrante,CT,60126,2025-01-27 15:38:17
1495,Angelo,Scialpi,morellatopierluigi@example.net,$2b$12$gdrDrgXkKP5lfmGgzyZm/uSVpnqG1pwQP5KRWRn0x9p152y8HzD9W,user,0,1960-07-03,3509076093,"Canale Tina, 524",Castel Cerreto,CH,23851,2025-02-10 23:34:43
1496,Maurilio,Schiaparelli,tizianaborsiere@example.com,$2b$12$pN5HtffQaVtMWzkQtX9jQeSOSORPZjLm3lLWVgHewWej8kBxL2I9i,user,0,1997-11-22,035854891,"Rotonda Gioffre, 43",Ardenno,CB,84027,2025-05-25 20:22:27
1497,Lara,Sagese,faugnogianmarco@example.net,$2b$12$0VnpBVG6FA3kcPUBn8RpFutAlnrnd2VtRRwYZN2zw5r/tx0J4DSC2,user,0,2001-04-29,039561207,"Incrocio Randazzo, 5",Montagnana,TR,95032,2025-01-02 16:42:31
1498,Damiano,Pacomio,vbartoli@example.net,$2b$12$lftXhi6mUm9CeMBEgVydAOCkA1d6K7wSkORCGnx.i4dICm0Z2LW92,user,0,2007-01-12,+39 3513561896,"Via Endrizzi, 90 Appartamento 1",Monticello Brianza,CA,84037,2025-05-08 03:27:16
1499,Ilaria,Renzi,marta85@example.net,$2b$12$tBH5SiSIlqr6IyYC4XrA...o0nxYOHXfJcUq/fDVO8utBC5qtaB9i,user,0,1973-05-30,+39 3512474428,"Via Gonzaga, 8",Carbonate,FG,27043,2025-05-12 16:14:29
1500,Armando,Bova,antoniniveronica@example.com,$2b$12$wiH48bl59pAZUK2KCHc5w.MluyibhMuSBoiwUZ0LCUZ4ScHLLF9eS,user,0,1974-11-01,05831061832,"Viale Righi, 7 Appartamento 8",Spiazzo,VT,34100,2025-06-30 21:09:37
1501,Caterina,Praga,agnolo69@example.net,$2b$12$DCEZHYlkvt3zvUz11KTr3u76jRfKk8cEKRrSsgFkVX1N94VJDPLvW,user,0,1978-08-02,3520862006,"Viale Rosiello, 560 Appartamento 23",Bottega,SU,89864,2025-03-08 21:55:00
1502,Lamberto,Panicucci,benito79@example.com,$2b$12$lHkMTrbqlZUulM0.Lvy/ZO6ofNePQZT9gBe2c/WSBp3C8zEEk3.Za,user,0,1965-11-09,+39 34899230539,"Borgo Sismondi, 63 Appartamento 50",Rocca Ciglie',VT,14030,2025-05-10 01:39:51
1503,Sabatino,Bonanno,franco40@example.net,$2b$12$nUogWozA46M/W76YEh.C3.uqWyAwc6QDnJ0xg6bEA9DmgtJQ49bAO,user,0,1974-02-10,+39 0775620908,"Rotonda Dante, 17 Piano 2",Succhivo,CH,25131,2025-07-26 09:57:56
1504,Bianca,Tedesco,rcasale@example.com,$2b$12$Ru8ycrNWL/YgAUZG99Cm0.YPMT39Hn4HR3DKe8nePKM3t4CVwuTt.,user,0,1948-09-17,0775804300,"Rotonda Alfieri, 98 Appartamento 3",Fossona,GE,00068,2025-02-16 03:24:41
1505,Patrizio,Dovara,jgualandi@example.com,$2b$12$5HUJsJDXtyI.JcUnINF4POa65ksNsW2QE0Z9aBlL.1sq1eR0F47qS,user,0,1974-10-16,375555143,"Canale Conte, 4 Appartamento 8",Lentiai,CA,88834,2025-05-15 13:23:08
1506,Loretta,Farina,xbello@example.com,$2b$12$o0rKTmg9oZNKWBQg2mLe4OlfiDF.4uNb7HjQL9ZF.LblSxyEYvN5y,user,0,1999-09-29,+39 37139942307,"Incrocio Benvenuto, 13",San Lorenzo Di Sebato,RG,30174,2025-07-18 05:58:31
1507,Tonia,Cesaroni,apadovano@example.com,$2b$12$OTh5Zk0s3Ap1gzNljEo5TulIqxWiybMDdSfE3gNh0hqiTv7LZRiQ2,user,0,1991-10-16,+39 0959022040,"Piazza Rodolfo, 683 Appartamento 16",Masciago Primo,AO,20083,2025-09-07 07:49:12
1508,Tiziano,Berrè,antoninamicheletti@example.org,$2b$12$g1wRdfRdw3tZPdl//YeGKeiBreZKTOxfHJGkVDaG3R2R31XSV9MU2,user,0,1981-11-11,3475782368,"Stretto Germano, 8 Appartamento 9",San Giovanni Alla Vena,AT,97014,2025-07-24 16:27:14
1509,Nicolò,Comeriato,neddarizzo@example.org,$2b$12$Ky9To20XcDWR3fM5/KEB0.qWEADQUWVYLOFn4BQAGmbpX5o.7DNTq,user,0,1946-04-12,+39 3772342577,"Incrocio Fabrizia, 624",Chignolo Po,LU,41011,2025-04-17 09:26:36
1510,Gemma,Borroni,bgasperi@example.org,$2b$12$0NM5C5thx35N/cPSGSN9..umAZkl.NRHncpn1w80vK9lke/khvh6q,user,0,1942-08-02,03047847777,"Viale Paride, 19",Magugnano,BG,00062,2025-06-20 17:15:52
1511,Ezio,Papafava,massimiliano88@example.com,$2b$12$fFYlQCPccOIPonxwusb8aOXYl3K4ppOaQffSsda5GfNLELoXm/gKu,user,0,2006-11-28,+39 0426323231,"Canale Galasso, 382",Castelluccio Cosentino,MI,84039,2025-11-03 17:32:30
1512,Fiamma,Giannetti,luchinocarnera@example.net,$2b$12$0KB5SfCweabmYfslU7gEBeJgVurwen3pdxprO1rk.eGrgSQy23uWC,user,0,1995-09-29,+39 08741868559,"Contrada Faggiani, 91 Appartamento 78",Reane,SI,60035,2025-11-14 06:13:59
1513,Benvenuto,Tozzi,ftoselli@example.net,$2b$12$ZYQVq27KRJHJvO8X9fqsauRZsnHOXAu2MkGYjsjjwABXvPbGpjyiq,user,0,2007-08-05,+39 377484222,"Stretto Loredana, 169 Piano 9",Castelplanio,AG,89063,2025-06-11 10:38:23
1514,Liberto,Gullotta,girolamo12@example.com,$2b$12$y61RKROuEjPshtTmYTTH9O81RyqWG5L7CFYu/Iyz31IaDHrp7u9zW,user,0,1952-06-09,+39 0775722557,"Viale Griselda, 950",Vigevano,PR,23897,2025-05-29 20:50:31
1515,Antonietta,Boito,tuzzolinoosvaldo@example.org,$2b$12$X6P/QXONFhpo5dRCI070QeqQxwTCX7xuGNbyLfbkQxHNY7NZGlqL2,user,0,1959-10-13,+39 08653973649,"Vicolo Donatello, 4 Appartamento 47",Camisasca,PA,11027,2025-09-23 13:14:50
1516,Liliana,Stein,gguglielmi@example.net,$2b$12$TsXbVYAL3jJaK1mhoWvXVeUMWyAq5PYiyyruZKhQ6cXBkYXxyWOFG,user,0,1944-10-25,03753939228,"Via Luigina, 0",Cartabbia,CO,22045,2025-04-24 14:33:42
1517,Vincenza,Boccioni,giampaolopacelli@example.org,$2b$12$rIjyRXV4pnXam9MbWY4SwuljR2aM4iDx6TYQ9JvbFzr7LHpT/4T9O,user,0,1969-11-23,+39 036362723,"Viale Michela, 5 Piano 2",Terenzano,IS,01024,2025-04-13 16:40:42
1518,Piergiorgio,Borghese,massimocoppola@example.net,$2b$12$X7jujSmOUXhfElC.eLwKt.pbmrE7/d4SjjJnpb7x4iwJFGTTLnwbm,user,0,1987-01-15,0322715988,"Strada Danilo, 97 Piano 0",Camarza,CZ,10029,2025-11-06 05:09:55
1519,Salvatore,Frescobaldi,wmaspero@example.org,$2b$12$eER7j5VpNkXoI0uLoCcxWefd6mDymGiaQL5D4Kxr38O.HJki9G38C,user,0,1955-03-29,36183780352,"Strada Pierluigi, 60",Gricignano,SA,22038,2025-01-26 19:44:19
1520,Benvenuto,Savorgnan,elena11@example.com,$2b$12$f/LuNNiSiURikXAbPAXkNuZTL0iyJrEVMxkvOTFW/Jc3y8RPxGsKK,user,0,1958-01-31,+39 3501552635,"Canale Montecchi, 2 Appartamento 96",Bondo Petello,CS,82027,2025-06-29 02:37:14
1521,Gustavo,Missoni,giampierofantozzi@example.net,$2b$12$gutTZBZaFt6mpo97J9xAa.H9n2ivCS9.C/zWyK0EFpEqr84KHTYTi,user,0,1987-08-03,+39 3756223067,"Stretto Tagliafierro, 33 Piano 2",Rivignano,PT,95046,2025-08-18 08:13:39
1522,Michele,Gadda,palomasanti@example.com,$2b$12$hz0KyDJXq29YIF8tv3Z3TeabgqnqX91y74nr0a0C8J84ejzUttDPq,user,0,1947-05-11,+39 0963262624,"Stretto Piovani, 5 Appartamento 73",Clodig,PU,57031,2025-07-30 12:02:24
1523,Serena,Conti,pisanostefania@example.org,$2b$12$Ls67a3AZupBus8ZCFEl/tu6lAzZp9nOyLZwL/SwxkdwjzwqPqDgdS,user,0,1959-06-25,+39 07766139245,"Contrada Fedele, 8 Piano 7",Canalello,FC,60125,2025-10-21 21:19:02
1524,Liberto,Tamburello,ioppigiacinto@example.net,$2b$12$pvuAaIU6oz0mSRrGhCFr2uwzLsgG2nQmCwHEfdNOroupNoD4A2cbu,user,0,1971-04-27,+39 3756087322,"Vicolo Norbiato, 55 Piano 5",Prea Di Roccaforte,GO,16125,2025-05-27 15:53:08
1525,Teresa,Bramante,nanni85@example.com,$2b$12$MyrUxwuhPoRtztTak5LVxO5waYOjmFtCM9XKU2xzqdFiLRgwm2x6y,user,0,2000-06-22,+39 375757040,"Rotonda Montalcini, 8",Battaglia,SS,50039,2025-04-19 11:17:23
1526,Tonia,Priuli,silvia23@example.org,$2b$12$1mg6SSSjmNUfD0ilnmsMQOO.h6NNCYxy4rg1oneRQlFaqYmpO7azy,user,0,1951-08-01,35163933655,"Borgo Gagliano, 266",Sala Consilina,CE,09015,2025-07-27 17:35:30
1527,Carmelo,Marzorati,gabrielemorandi@example.org,$2b$12$kWM6C.NKkWWFbsO1UPzUn.i03ti5BYf8SRz0crjPkcjam7sfTQRGu,user,0,1944-09-01,09639435212,"Viale Gianetti, 84",Quincinetto,BG,30035,2025-04-17 11:41:10
1528,Enrico,Morucci,alfierirocco@example.com,$2b$12$bZs.svIktwUQ.NqajwJFlOSEhmuKJ.YO6mP24DcFqm/omlaS3H5Ey,user,0,1976-10-09,+39 079378576,"Piazza Pietrangeli, 21 Piano 2",Ceretto Lomellina,MS,20816,2025-04-13 21:22:35
1529,Virgilio,Cainero,armandogibilisco@example.net,$2b$12$GKWNBji5nboUwxwWB7llSuffWls2R/Md9pHjSQpY5T6rXeMlgH6nC,user,0,1991-04-04,+39 0165475264,"Canale Nanni, 89",Ardesio,TN,36065,2025-04-28 23:11:32
1530,Simone,Trobbiani,nplatini@example.com,$2b$12$Yd8WMDCiOquNhhRp1E5ok.aHSlE2qAzNpgs5XGrSRRPG13SNxoSCW,user,0,1944-09-23,+39 37797168689,"Vicolo Cirillo, 49",Montevettolini,AN,40046,2025-10-01 03:26:58
1531,Napoleone,Udinesi,canillucia@example.com,$2b$12$M3CzM3Q7q.tQLn47EgSA9.omoaowE0jgcxvkdck2hhG/JcQbNeqRC,user,0,1995-08-25,+39 3807652226,"Piazza Botticelli, 96",Monteverde Di Boiano,RA,89866,2025-09-07 10:32:33
1532,Cecilia,Scarpetta,ubaglioni@example.org,$2b$12$eUxk0PIzZHw7jubC/NAkdOQXKbLFCe8iDIadMxRRAiE9iQ84H16tK,user,0,1987-09-07,+39 32450293460,"Rotonda Roccabonella, 6 Piano 3",Sambuci,CO,73027,2025-05-24 05:43:02
1533,Maurilio,Romiti,rosario06@example.com,$2b$12$/BzbFCm82DFR28b4OoLEQeksTni2.KTtOnvB44uRy94Oz5Ia8GqKO,user,0,1950-08-13,+39 3501250735,"Contrada Lucchesi, 78 Appartamento 55",Cavour,VC,10134,2025-10-22 19:53:20
1534,Romina,Verga,rosario90@example.net,$2b$12$W9cfBggVFkdstcOgojDfAuj6Vw.8YQS3SrKC9dgCoYZd1kkBA35N6,user,0,1942-12-24,+39 33024557918,"Canale Durante, 90 Appartamento 9",Bocchignano,MC,98123,2025-06-27 06:12:34
1535,Ugolino,Giannetti,paolaudinesi@example.org,$2b$12$Qqh/Xb7Xf5wBAmPpGTkyAeukQiTl9S4h4t60XwysaTXzLTemz.5Bu,user,0,1992-07-21,092370784,"Canale Moccia, 781 Piano 5",Rumanedda,AL,63853,2025-03-25 03:23:50
1536,Fedele,Collodi,raffaella98@example.org,$2b$12$rJuZXsRE00SXi3eWM1k/NuizkXunW3LtotFyqmtSBxh7GQKRgei8O,user,0,1968-09-04,0125075172,"Viale Orazio, 2",Romans Di Varmo,VR,16100,2025-01-28 11:42:58
1537,Torquato,Marzorati,marisa15@example.com,$2b$12$kr9dyiBiO3/.dGwJfzjeRe1XiUYEJC/ZZXla7Bz1YI3x5rruJPCxa,user,0,1947-08-12,0991111797,"Vicolo Cipriano, 79",Carde',RE,20843,2025-06-29 23:43:27
1538,Eliana,Muratori,teresa24@example.net,$2b$12$3DTVxZ.mt7hC5vtWGazV4eocx2OoatnWLJancISEUnjd1KgtMKVYy,user,0,1991-05-07,+39 0824783554,"Canale Carriera, 6",Brecciarola,FI,10073,2025-10-09 04:12:32
1539,Antonia,Majewski,doriamartino@example.com,$2b$12$yRC/M8w7MTXRHudRcSMV3uvZ3FdazyLRMrVf.LiRUzALyfLKqVg0O,user,0,2007-02-07,+39 036512929,"Strada Erika, 63",Ortomatera,RA,98038,2025-11-21 18:55:58
1540,Greca,Casini,sabatinozamengo@example.net,$2b$12$CDHlNKyAbj5ZOrlGO7Zc4uwbj2oQXD2DUexwwlC/BiDYncGViGPfO,user,0,1945-09-04,+39 0774756796,"Contrada Luigi, 44 Appartamento 16",Masanti Di Sotto,TV,43012,2025-05-11 15:38:53
1541,Rolando,Mortati,antoninofuseli@example.com,$2b$12$JyormgaDw1BKAImAnB9whu/o0dvRRZoFaMxQsSnXHQDm6.dGiNkU2,user,0,1978-12-15,+39 05735203955,"Canale Sylvia, 74",Valli Del Pasubio,TR,09040,2025-10-24 02:38:26
1542,Enzio,Bondumier,giannafranscini@example.com,$2b$12$XjKdp90VtAqqOg.rBfHLDuI7YkGKs09k4CWC6yGrwhMpyphi//Cb2,user,0,2006-06-29,3774741348,"Vicolo Morena, 15",San Lorenzo In Campo,CS,26039,2025-06-19 23:41:19
1543,Massimiliano,Pucci,ysmirnoff@example.org,$2b$12$V1TmTQZ34HcLC//ZxG5YEulfTYayc2xZsCtOaIfjUOu1JGNEzZmki,user,0,1945-12-07,+39 3802357923,"Strada Martino, 0 Piano 9",Piano,SI,84047,2025-06-21 12:46:47
1544,Piersanti,Traetta,jprocacci@example.org,$2b$12$yAkVWQzcEL9naiyVY2cb2uul3rtzeQ.Q6fvaSBwxapuy5v3Zf6UHe,user,0,1942-05-29,03921014096,"Contrada Barcella, 292",Sibari,TP,20094,2025-08-04 12:47:17
1545,Ronaldo,Lombardo,tencallaflavia@example.com,$2b$12$8r/woHEAWL0VfdHf/M/j/OBsKSNrui3OuP7pSohIyPSnQFgIDcn/q,user,0,1983-09-26,05321056194,"Rotonda Lussu, 22 Piano 8",Arignano,VI,04018,2025-08-18 05:41:23
1546,Liberto,Botta,ecalbo@example.com,$2b$12$/va7Qjslh0xUDS8ryPgdTOH.w501NPoCzJ6kzjME6ggUXeC/EMKFO,user,0,1980-04-15,+39 0344077550,"Borgo Silvio, 95",Francavilla Di Sicilia,PV,72019,2025-06-14 13:14:54
1547,Sergius,Brancaccio,cbadoglio@example.com,$2b$12$D.1g5mutxwDmKnGOeUZV9.eIjVwYaSR9Xr6sHtjdXL3OXFWi1xzDS,user,0,1972-04-03,+39 0931572552,"Borgo Amadeo, 15 Appartamento 7",Nicotera,BI,32045,2025-10-17 10:17:09
1548,Renata,Gaito,mazzinigioacchino@example.org,$2b$12$M.meKTB0dgR0xITQJOFk7Ok/hu/lX2SjhKrOtPaqm7XLTwJiBAhE2,user,0,1943-11-14,+39 077569871,"Via Meucci, 7 Piano 0",Canalello,AT,43047,2025-04-15 09:42:05
1549,Zaira,Bonomo,puccio59@example.com,$2b$12$kVHAC9Noi7IFbKXH2h.Sb.wUtDjHoLZjkX48yP/KJ2.uvy3sXGNru,user,0,2005-12-10,+39 092361210,"Contrada Barbarigo, 568 Piano 2",Vessalico,BZ,00063,2025-05-02 23:27:32
1550,Puccio,Puccini,cossigaerika@example.org,$2b$12$O6Nxu1UCfvsefK2PjkbRl.FBzm8CNJo55o4RWxi9GXThHWG1kOpR2,user,0,1996-09-18,+39 37107991899,"Incrocio Morandini, 6 Piano 6",Pastenelle,VA,47837,2025-01-02 07:13:13
1551,Giampaolo,Caetani,donnafiorucci@example.net,$2b$12$5Gf69uFR30OdVvwKuP5q.easgwzGwHfC3GCORB6d28wmreTfWUGY6,user,0,1960-12-12,0165645927,"Stretto Morellato, 268 Appartamento 8",Fara Novarese,SA,25059,2025-01-11 03:27:30
1552,Salvi,Salgari,kgaltarossa@example.net,$2b$12$.GCJS0HdkU1xHyfIR3qIf.jPXh9CjMiLLzaLfU8dK3fBA19TO2wpS,user,0,1968-05-24,0394608871,"Borgo Pietro, 5",Petrizia,UD,00135,2025-04-14 22:45:46
1553,Luchino,Moschino,atutino@example.com,$2b$12$4MHWnkw.Rfz/g1Exuyzqmu11dVrdXxYmu9ifg6dgBvYT3Zgzf6CIi,user,0,1989-10-10,3703349187,"Incrocio Martina, 12 Appartamento 9",Domodossola,VV,13020,2025-08-11 16:46:38
1554,Niccolò,Giannini,idacontarini@example.org,$2b$12$skwxO7UeeB3iQCHJDA3y9uy13/x/As2WywiyqhyLc2c7MF1pUh8/y,user,0,1980-02-14,0412953189,"Vicolo Rosalia, 59",Gizzeria Lido,RE,74022,2025-07-31 03:40:34
1555,Annalisa,Mercalli,ranieri95@example.com,$2b$12$pCoqKqY56kuMiH3Qh6iD0u9tPY9hxCborC8QpSE1WfvYyZ5DUCBKy,user,0,1996-08-22,3792823355,"Vicolo Boaga, 949",Premaor,FI,41048,2025-09-07 13:16:20
1556,Ezio,Zoppetto,fiannucci@example.org,$2b$12$QqavtRYsA20A/FkFAW.7hurMLPBkMic0vXXzNwLUkGzKUNDJi3Hm.,user,0,1953-01-16,0521069078,"Piazza Tartini, 67",Castelletto D'Erro,VT,38053,2025-11-18 19:45:42
1557,Annamaria,Mercantini,errigopasqual@example.org,$2b$12$uE4hMSNwKIpupVNPmMyVVuHwlNWt7iZvaZKwcbSzGnzVuIPPvK/Ki,user,0,1962-12-19,+39 3478865531,"Vicolo Ferrante, 797",Casaleggio Boiro,IS,53030,2025-04-15 23:30:59
1558,Cassandra,Balbo,adelecarocci@example.org,$2b$12$fQZJle4KZachmvrTw9jYx.izd8.wm7iid3STyvTke0EaxyFy7dHm.,user,0,1969-11-29,+39 3716566540,"Borgo Roman, 34 Appartamento 2",Calasetta,RG,67045,2025-02-17 07:57:01
1559,Sylvia,Modugno,brogginiirma@example.net,$2b$12$mZmR2hUHF5CU6vfP4iT7B..7KPAqJACDigsG8odi7sDLG77m7FhCi,user,0,2000-07-09,093370996,"Via Crispi, 59 Piano 0",San Fior Di Sotto,MT,53018,2025-04-28 21:10:08
1560,Ippazio,Luna,msandi@example.org,$2b$12$OX6jXOXjqzETOeZrnPFM4.lpgEHus6xFNALwZ.0bi1j1Qu2W9esWy,user,0,1994-02-08,+39 3356685144,"Piazza Tosi, 262 Piano 5",Naz,PU,50025,2025-08-08 16:14:43
1561,Pietro,Fuseli,luiginafanucci@example.org,$2b$12$cYc6e.ePThWl2uT5dS02OOMJHdF2Z1/ji5DHYOa9/tCdWbP21xJD.,user,0,1982-06-15,+39 344888152,"Incrocio Grisoni, 19",Gazzo,BR,28868,2025-04-21 17:16:29
1562,Danilo,Zola,tomasettiatenulf@example.net,$2b$12$XnBwArbH5suUqJm75Sf9TOJWJ3i93a3eilgbgO9b9WXdMZER8I2ee,user,0,1953-12-24,073181273,"Viale Mazzi, 39 Appartamento 87",Bovezzo,BO,92100,2025-08-27 14:46:51
1563,Fausto,Franscini,melissa90@example.net,$2b$12$fDNOPAFbpwK9fQYS64G5U.t32rplplE0Z9ZZudWgwvS3OpdfZVD6G,user,0,1970-11-16,33725832813,"Borgo Eliana, 518",Ilbono,BT,84129,2025-07-28 23:32:34
1564,Napoleone,Nicolucci,brescianipaolo@example.net,$2b$12$AHhSox3.47uSK6YMHRnebeSYAo2ZK0Lt7alhz3IR8vaBr/9fhxTTe,user,0,2002-01-04,37731028939,"Vicolo Pelli, 15",Gracciano,VI,50021,2025-03-26 18:45:56
1565,Gaetano,Leblanc,adamoferrazzi@example.org,$2b$12$KpfJKaokJ2Z7fewNEW9Qcuml9ougbgNoOxg48k/BsvGpldUREOgae,user,0,1945-09-15,012496414,"Incrocio Melissa, 81 Piano 3",Irma,TA,20086,2025-05-25 23:57:24
1566,Coluccio,Bellò,baldassare51@example.net,$2b$12$xJTmgXITP7GJ41f1ECGHvuNgBaRCXFFAGNVDK1kqBx1Q49qjpZzrG,user,0,2002-05-13,+39 33386842192,"Via Torricelli, 77",Villasor,CE,21018,2025-05-26 14:22:22
1567,Tonia,Terragni,sandipiergiorgio@example.net,$2b$12$wqKUaEkLSk6OjSQQM9pNcekIfrTx2Up5lzapSqIEaP6tvu3x.Uut6,user,0,1968-04-21,3436541377,"Vicolo Daniele, 4",Castelvecchio Subequo,MT,09042,2025-05-08 01:31:04
1568,Damiano,Asprucci,filogamodolores@example.com,$2b$12$QOtZDfTNk5sGu6UcD0jcB..H.l2bEJnypCulLpFehwUEIs97SVZi.,user,0,1953-12-18,042230598,"Borgo Tiziana, 2 Piano 8",Comeglians,PA,45032,2025-09-15 07:40:06
1569,Riccardo,Gaito,panattaermenegildo@example.com,$2b$12$1q49F/w32mFOS8mgJhvaZuF2I4C/XC/eaAnjuOesBJLd/Ga2LgAWG,user,0,1962-04-22,+39 34574215385,"Stretto Norbiato, 14",Messigno,KR,06025,2025-03-26 01:34:58
1570,Ernesto,Mazzi,lauratrevisani@example.net,$2b$12$JwnDkGjvexpLzgUw9AkzVui5mVSMUgo6iiXa9jz3SOGlS0bH/CeAO,user,0,1961-10-02,01878987383,"Stretto Piero, 16 Appartamento 45",Tret,TA,25024,2025-09-04 06:53:06
1571,Marissa,Scarfoglio,germanogianni@example.org,$2b$12$9/hf60S3r0RzPosjwUzYOe/60bXRhF/cYbDjqFHzgd2p/.m3pPc.G,user,0,1957-12-10,07325759393,"Piazza Varano, 9",Seppiana,RN,10011,2025-11-24 11:20:25
1572,Orazio,Combi,kcarriera@example.com,$2b$12$rvaDSWwnwbrBw0bz25VcR.C9pDvE9yeDhwfWdgLaOq8N0hTjBWufy,user,0,1992-07-02,+39 07371681872,"Viale Pacomio, 9",Talmassons,RM,73028,2025-03-29 01:04:03
1573,Armando,Mozart,bersanieva@example.org,$2b$12$w.WZW3DXMt97J0PkFi8Pu.w5N6sdm6gfFHmyvRbb5v4JO7tIop2XW,user,0,1971-08-14,+39 3839576551,"Vicolo Olga, 384",Staro,BO,37020,2025-11-08 05:08:07
1574,Loretta,Giannelli,romeo66@example.net,$2b$12$4H.LvOp/hrP/H1l3Qod27uPlS7D3bOgWRP70cSLTHvdbCJA.91eFi,user,0,1955-04-08,0508957681,"Incrocio Pareto, 2 Appartamento 99",Valestra,BR,27061,2025-09-10 13:49:59
1575,Agostino,Pizzetti,lidiacibin@example.net,$2b$12$MSxIj0bY/NcTvCv0R5.m2e1IyBE4xTfhUWeRSa.om6n.lt0xSTQ7O,user,0,2001-04-02,0161469368,"Strada Farina, 34",Strove,CR,80132,2025-02-23 11:26:08
1576,Marta,Marconi,pierpaolo25@example.org,$2b$12$qG4JMgKI2hvymepfWcjFtOueT9lnZ4l8rCzQ4Y98s/JSQ64mBF6Cy,user,0,1977-05-20,+39 3824339394,"Strada Flavio, 60",Buttigliera Alta,RI,26833,2025-01-19 01:43:27
1577,Lisa,Pincherle,rmarini@example.com,$2b$12$Nc4RUoIZDKvalwjL2.IYNenTZHJosmZysORKcUgbtPvRNmFebeG/S,user,0,2001-09-09,3550183771,"Canale Ruggiero, 413",Preseglie,BT,65124,2025-05-22 20:10:08
1578,Gelsomina,Camicione,fabiagori@example.org,$2b$12$QPNoyhdRG0FWEnpcVQ2Nz.A.u.O9k/iNr4F2J.LsmBpRWctAGO5i.,user,0,1940-02-03,351261966,"Piazza Durante, 61",Crespole,RA,73040,2025-10-22 07:13:44
1579,Gianluigi,Bragadin,alessio56@example.com,$2b$12$6mWh9l9kpNKL/D8Hux7x5.mz3ZpX9XbP2Qb9GV3L7Nr9igoszAtIi,user,0,1985-05-14,085290321,"Strada Trapanese, 90 Appartamento 33",Trepuzzi,BA,87057,2025-01-20 06:19:24
1580,Oreste,Scamarcio,rismondopiersanti@example.com,$2b$12$2i1LDPa2tSCKqi91U9XdpuCgPxS5t/yZc5isVQ3rrBEf9Y.udS5ey,user,0,1958-08-09,08069675074,"Via Morena, 26 Piano 6",Loseto,CH,89049,2025-02-16 20:53:35
1581,Elvira,Barsanti,littizzettociro@example.com,$2b$12$ZC1hd0X9N/kAkqUMY0E6VOTEgIrM2RgePJkTR6EkEmZ352d7ZxdNa,user,0,1952-08-01,+39 377978820,"Stretto Bembo, 2 Appartamento 7",Pasturo,MI,04011,2025-02-13 06:07:07
1582,Calogero,Bombieri,ranierisalandra@example.net,$2b$12$uhYO9kSIU3Pf4uGwGtfZceFjd518JKGz0xUkGCYYYYNqW302AS5x6,user,0,1957-12-29,0124452248,"Strada Adelmo, 99",Rozzampia,AL,02025,2025-08-14 05:08:19
1583,Vanessa,Farina,ronaldonicolucci@example.net,$2b$12$QOdoUz7cr8KoIJIGRdbereJDl2W6xa5ev3VU2eooTk4htf0hTBftG,user,0,1945-01-24,0882943392,"Contrada Virgilio, 96 Piano 1",Pisterzo,FR,27030,2025-05-14 15:25:29
1584,Letizia,Tomei,solaristefani@example.net,$2b$12$XX9IVNLQSoNOkeUtgnyqy.xW.jSD7f56v9jHLzQDrvfnJwwl1kDX.,user,0,1968-05-04,+39 0782049466,"Strada Ferdinando, 5",San Felice Sul Panaro,SS,86019,2025-08-31 11:48:01
1585,Severino,Montessori,coriolano69@example.net,$2b$12$oeIuD5wiVrfqXlntQuvS..xizZW0bY0To2nRfI9V1834wGPzoKgOC,user,0,1941-08-02,+39 3610757597,"Piazza Tirabassi, 819",Morgano,VT,40025,2025-02-15 05:02:15
1586,Amanda,Florio,malenchinicipriano@example.com,$2b$12$TwsNVcKXLq0pJy8PmejM2Op8rgluya2krKZ15zNz2ScmY1g7eMnhy,user,0,1977-11-14,09214456220,"Canale Nicolò, 32 Piano 4",Caporosso,EN,86089,2025-07-06 13:39:07
1587,Stefani,Toldo,ciprianostefanelli@example.org,$2b$12$C4Y.eAVeevUs.mxthCNkmuWcorSaEmqLIzV9r3DXfIaGHH/g5a1xi,user,0,1995-03-16,0399150226,"Rotonda Giuliana, 6 Appartamento 65",Marausa Loco Grande,GR,12011,2025-07-27 01:10:23
1588,Antonietta,Parini,nudinesi@example.org,$2b$12$BQF0RzW0gIJ2Sps4Mg1f1u7pfg0tPKDkVB9hTrO90pYBQSvxVC0oe,user,0,1994-11-29,0157697860,"Rotonda Briccialdi, 5",San Magno,EN,62038,2025-06-18 03:53:09
1589,Alessandro,Sinisi,bolduaugusto@example.com,$2b$12$HykG7VQPEKBGWY64/aKcVOYOeWwyt/ZB7gWp..SRC1tf8JsbEZGNy,user,0,1945-07-29,054506402,"Stretto Eliana, 4 Appartamento 8",Masanti Di Sotto,RG,46031,2025-03-17 15:01:36
1590,Luisa,Conte,xnaccari@example.net,$2b$12$ocNUf05/XmxVUsv9/ztTG.qXei6L/YT5jH.ocJxu3nz4vOxhlBcrW,user,0,1985-08-02,037316976,"Strada Morricone, 36",Brecciarola,VA,92015,2025-03-31 22:10:40
1591,Donna,Ammaniti,bandelloludovica@example.com,$2b$12$XhMoIiOt4EEiPTUods7o7OxI5IaCim4vQJ2cjrvdnYmNZh.Ymf/rm,user,0,1980-08-27,+39 320956334,"Canale Casagrande, 734 Piano 7",Rivalta,GR,08024,2025-06-18 13:11:09
1592,Alfio,Musatti,gelsomina10@example.net,$2b$12$J9pC/CAcO78nQfMu/56t0uSLFXuDVsJPe81o6Fwb/2Eu1IyRK2Z.S,user,0,1982-06-02,37559159603,"Incrocio Lucciano, 43 Piano 2",Barumini,NU,58022,2025-07-14 17:12:44
1593,Isa,Sbarbaro,francescorizzoli@example.org,$2b$12$iO0i/3GmrxsrgNaiqzmppecS6MCR3FYbFEpQYDxHr3Dn/V3tnc44G,user,0,2002-11-16,+39 3686673997,"Vicolo Torlonia, 372",Front,CS,41056,2025-04-05 09:33:48
1594,Mariana,Pasolini,lodovico97@example.net,$2b$12$u6okkdc2yLGRgeegzeET0uf7Wl9t120nh6S.iDOMxlpezcUX5s3Mu,user,0,2002-02-02,+39 3904013246,"Contrada Raimondo, 63",Pieve D'Alpago,SA,12024,2025-09-17 11:11:57
1595,Agostino,Bandello,lolitadibiasi@example.com,$2b$12$9Yu7CX.HgFZrfmfSOvbg/euZc/FbvYNjLiNgEHFCBNO0D1VSpTgYW,user,0,1944-03-12,+39 0166129849,"Strada Antonella, 27 Appartamento 5",San Giustino Valdarno,BR,65129,2025-02-07 01:28:04
1596,Vincentio,Moresi,rosario96@example.net,$2b$12$bNxg41czimxET79G3eU3veLkgbxPLBMaPrhrDFrLeRdfJVQ7y2fwK,user,0,1979-05-03,0925479699,"Piazza Tolentino, 735 Appartamento 7",Gradisca D'Isonzo,FM,10024,2025-11-15 12:28:13
1597,Uberto,Lombardo,giuseppina36@example.net,$2b$12$sYamFoJlB7ujTKMvEnSaRuMm2fv7XXct/9m5pg9wYeBCF73UC8nSq,user,0,1997-06-14,+39 0566623347,"Vicolo Melina, 21 Piano 6",Villadossola,SV,30026,2025-09-15 08:13:23
1598,Annibale,Pace,bchechi@example.net,$2b$12$cJViMGOMQZ4Pt.Ze3ED40OrGNfOT0BTGik3oREht.nuLyFaQCqtJm,user,0,1949-06-05,03212026714,"Strada Crespi, 963 Appartamento 0",Cortina Sulla Strada Del Vino,VR,11026,2025-10-17 15:25:27
1599,Rosalia,Mastandrea,oraziozanzi@example.org,$2b$12$4ViSd9WUE5qzVaIdfun3d.AaOy7AL06fDbmz2AhsHw9rZ9982oDQ.,user,0,1993-05-13,0341815104,"Canale Marcantonio, 43 Piano 5",Moransengo,MB,56034,2025-08-27 18:50:39
1600,Temistocle,Turchetta,vfederico@example.net,$2b$12$DqcOvO08AeK8ZOnmnXazv.Q1j9eWMFAy0IMqGTWofGzYZiOc7o22a,user,0,1969-03-04,+39 054168462,"Piazza Maspero, 15",Villa San Secondo,CS,23898,2025-05-16 07:00:29
1601,Dina,Visintini,dovarasalvi@example.com,$2b$12$Y11iSGtZc38p38phMqC9tO6THimE1r4LkD1FQu2JE5HixYedhqq0G,user,0,1995-04-06,3894356091,"Piazza Renzo, 22 Appartamento 28",Pienza,VR,98042,2025-06-26 01:12:56
1602,Fiorenzo,Orlando,pietrangelilisa@example.com,$2b$12$5kuJycZwUhDLPb00NS6UJOhrRxzY5p4zViM3wX3LOX4MglajXZg..,user,0,1976-10-27,+39 0784971036,"Rotonda Anastasi, 10",Fallo,TA,93013,2025-06-21 22:21:58
1603,Pietro,Cicilia,adelmo51@example.com,$2b$12$nw0DKcYx11ZyxaZd4BjED.JpjNcqWQE/lCXMkG36Jgp2p9dAHuScC,user,0,1999-05-28,+39 3756023408,"Via Leopoldo, 94",Villa Fontana,FM,25026,2025-09-25 18:05:59
1604,Alfio,Pastine,rmoretti@example.com,$2b$12$mvSUu/PAiU4HeGksawXkmuzxa5Ad.N39xfepAwYsYOzIZWPmzZgHu,user,0,1945-03-11,+39 32223283664,"Rotonda Lancisi, 760",Zogno,AN,46047,2025-08-24 00:27:03
1605,Ninetta,Panicucci,kpareto@example.com,$2b$12$oo1ltdxMLJkXvGpUN7fRU.Wr1VwqAtCOpa9yJ76YQS9GWKObBJozC,user,0,1945-03-05,0376156258,"Rotonda Marino, 4",Campiglia Cervo,LC,21026,2025-09-26 03:20:54
1606,Ivan,Bosurgi,olittizzetto@example.com,$2b$12$zA.loDqcVb9NANiy9nm/Z.F2/iP6i8Pxo4RnhQbiNdlpNU2A9lzCS,user,0,1943-08-10,+39 07755550878,"Vicolo Ricciardi, 90 Appartamento 0",Beregazzo,LT,20053,2025-08-08 12:15:57
1607,Silvia,Callegaro,siffredimanuel@example.net,$2b$12$oy5XOy8IArkojWF.iu5aR.oayS4hnRVfV.tLJodpMbXssmd42es/e,user,0,1964-06-27,0761488664,"Viale Sgalambro, 6",Vitinia,AQ,27014,2025-07-08 15:39:10
1608,Pierangelo,Pedrazzini,pmazzocchi@example.com,$2b$12$oKJzyoll6Lh5gD1Gzcpuj.7fRgMRVf/Vu3z1Ji5Qi62Ni63m7MsYe,user,0,1963-12-28,+39 0575751236,"Stretto Tommaseo, 374",Giungano,PO,10081,2025-01-31 17:18:01
1609,Lucio,Tuzzolino,pellegrinosansoni@example.org,$2b$12$ndLCk/42p4ham97RI1DQ6uvUi3ngLNwEFp4Oh1BR/g9be.IOf.ri6,user,0,1950-02-25,077311037,"Piazza Volterra, 865",Monserrato,VE,97014,2025-05-17 15:14:49
1610,Federico,Gotti,elenagabba@example.net,$2b$12$rVE.HcvX88xOqhayC612IujbaoICzh/uYfD3AiZUg7HlZ81qa92Cm,user,0,1969-09-19,+39 37731385904,"Via Cerquiglini, 665 Appartamento 55",Fasano,PU,37045,2025-10-21 11:46:18
1611,Raffaello,Turci,gabriella84@example.org,$2b$12$5CcTE6hgD9IBcYrfFDJCyOLR5fCzhK5m.QCtl3oYHb6qifAiFZGb2,user,0,1993-10-08,094228822,"Stretto Giulio, 26 Appartamento 25",Mombasiglio,LT,16121,2025-09-04 12:11:41
1612,Luciano,Gramsci,scaleragiacinto@example.org,$2b$12$c0YBCA.VvxOfAgTmfUhWv.gRjRIDNI0J5Gowg58u4Ci26OjcjC2zO,user,0,1997-04-08,07846459122,"Piazza Puccini, 89",Firenzuola,SA,25123,2025-03-10 09:21:48
1613,Pina,Gullotta,mfinotto@example.com,$2b$12$JXbc1aBdSWWi8Ti1H0UNOeXPR3vmbHTkQKcnrnRa4jyyFp6FcwWbK,user,0,1960-10-15,+39 371504155,"Borgo Piergiorgio, 36",Bettole Di Buffalora,RN,35030,2025-07-05 02:21:32
1614,Danilo,Soprano,masperobarbara@example.net,$2b$12$WUlly.T6P.fBYespU7LtaOZm7N9UjtzkB.0GHDs.VtfhRIKUArryO,user,0,1998-04-06,+39 045434239,"Viale Daniele, 56",Fabbriche,AV,10023,2025-04-24 10:29:16
1615,Luciano,Traversa,ansaldo87@example.com,$2b$12$oJRSTbwwIkSNwi8RdkYOOuDR1GXHti445naflAy3nlV5QvwEy7l7m,user,0,1949-01-19,+39 040029854,"Contrada Panzera, 98 Piano 9",Tombelle,MS,02037,2025-06-22 04:42:50
1616,Lidia,Rinaldi,santino67@example.org,$2b$12$WR6TLmvTX4j2d61CsfHOJu5TWqnYud6fJA/FkIFqcDFQM14PVo5AS,user,0,1993-03-07,3487238051,"Vicolo Baggio, 10 Appartamento 73",Paiane,MT,23826,2025-06-19 11:42:35
1617,Alphons,Sandi,riccipaolo@example.com,$2b$12$AQgeLeIVL4xix3EA0NS2COW8hjLmeAtrX7wSf4VfkVPIAnOAYszx.,user,0,1993-04-11,0776855939,"Contrada Giovanni, 61",Citerna,AQ,10054,2025-03-23 09:23:33
1618,Antonietta,Cusano,ggotti@example.com,$2b$12$qp9QarNZ9pPa1.OQwZCs6.f1cJzN41HbFBsWgh8jjS19F8ZOd9oFy,user,0,1954-12-07,+39 03414212948,"Incrocio Gianpaolo, 8 Piano 9",Protonotaro,VE,09122,2025-01-07 13:27:26
1619,Elvira,Fattori,allegragiannone@example.org,$2b$12$mM63XwvQHVhwGrQU.SDwJ.BrVZOaU7Q.Jiy2S4QOpt6Dtqk1YEjx.,user,0,1957-01-19,+39 0161312153,"Incrocio Ajello, 99",Pantano,PZ,34127,2025-04-03 06:52:17
1620,Amleto,Maderno,romana96@example.net,$2b$12$pDgd1BqFM56nCq1RLRxlbO..B4Rd1DSNSkwg87j.j3nm4US1kFsxO,user,0,1986-02-18,+39 02751282416,"Strada Lucrezia, 0",Cosio Valtellino,NA,00183,2025-03-28 01:38:25
1621,Aurora,Cociarelli,letiziaspinelli@example.org,$2b$12$CDVJI2TzQLAXr7EUEtYaCux8WZyTHOHBM8LjEdmkhFdE5QxMFE36q,user,0,1951-07-31,350526296,"Piazza Mondaini, 5 Appartamento 53",Vallio Terme,IS,53041,2025-09-26 23:13:36
1622,Pasquale,Oliboni,simonemannoia@example.com,$2b$12$6.mUravdf3sObXjAYGPHC.a8taWA89V.B1Y8/1BlGG.InhsfxQEd6,user,0,1999-03-08,0163678165,"Borgo Tomasini, 7",Fabbriche Di Vallico,PT,36015,2025-09-02 23:11:10
1623,Nicoletta,Canevascini,alfiocortese@example.net,$2b$12$oTWTf1ApT9V6Re4Y3dx6cejYvuPF.UbrT0iSZ/uV7nchMW8DCw8qe,user,0,2003-03-29,032104059,"Incrocio Piero, 319 Appartamento 3",Urbania,BL,90031,2025-07-26 04:51:58
1624,Nico,Cociarelli,lisa79@example.net,$2b$12$upsFzHaUOvO3p5waXVoT2OO0Wd8BZT1JIYU7iFx1DzdX9KFyx8N7S,user,0,1972-08-26,076142692,"Canale Greggio, 134 Appartamento 15",Lucca Sicula,SR,13026,2025-08-10 09:04:53
1625,Adriano,Zamengo,martinoricciardi@example.net,$2b$12$WIbBry2A58Km23.4H6psFO4twhEuXsdgv5nTIaMTEH6x7j/DLJ1Lm,user,0,1971-05-27,+39 0157953835,"Via Onisto, 61 Appartamento 9",Rignano Garganico,RM,56038,2025-02-18 21:04:02
1626,Mario,Soprano,saracinobianca@example.com,$2b$12$hfLcMCWL43RwD1SJOFYsxOvK/uwsQmaxQnDtGxO4gxks8STfjMJma,user,0,1944-04-30,+39 346927536,"Vicolo Eliana, 90 Piano 4",Orfengo,PA,25028,2025-03-12 22:44:38
1627,Zaira,Toso,biancacalvo@example.org,$2b$12$wO2iinFy98iM/kbj5pI2/eXHX4xMJY3LeXJor2vnjkFgsiQ/pEuQe,user,0,1972-10-02,0363179854,"Viale Gianfranco, 53 Appartamento 28",Castel Gabbiano,SI,30133,2025-08-06 05:33:59
1628,Ernesto,Vigorelli,hcanetta@example.net,$2b$12$.l89VwcZ./BeHLoh7dSRkuoTXC.uZOfM3FACBa.lcZNEWTq7zddrK,user,0,2006-09-02,0131106900,"Vicolo Beatrice, 334 Appartamento 0",Vajont,FM,20121,2025-04-15 05:55:26
1629,Coriolano,Moccia,lodovicoferrazzi@example.org,$2b$12$12rstDvrimdSzDLgSJWO3.BnbYd7LpjkCTDefJBt851/68Y4j2j2G,user,0,1973-02-28,0773438059,"Strada Cociarelli, 5 Piano 1",Frassineti,LU,12038,2025-08-10 09:40:40
1630,Laura,Telesio,sorrentinovito@example.net,$2b$12$YyneqHK6AIL2Tx1GTJi0kujNX3j96rwwPWx3V0hKVQ/KoUO9vN2zC,user,0,1959-07-02,0573168550,"Contrada Gonzaga, 218 Piano 0",Castelnuovo Bozzente,SO,05020,2025-07-31 11:48:49
1631,Beatrice,Cicala,guido44@example.org,$2b$12$3XwOyzk1JR93xRyRQk5JXu/v2WSzX/AqRhq9ZegheAgaXC8C49OTO,user,0,2006-02-18,3499679547,"Contrada Antonio, 620 Piano 3",Castelnuovo Bocca D'Adda,BT,20838,2025-03-02 18:45:03
1632,Alessia,Comencini,laureano92@example.com,$2b$12$h9DRbMRaoOkTitLk4zgiRuRne2BY0gSowEhpvWpvyzjwASWmWRO6C,user,0,1980-05-22,37722365833,"Incrocio Fernanda, 326 Appartamento 4",Terzolas,FC,20064,2025-10-30 10:30:47
1633,Sandra,Turati,urinaldi@example.net,$2b$12$gRYqRq.WNQEyk7Pnt2Jn/u8tmguK04zzeKaRVt0g0C60GsFr4Qxpy,user,0,1989-06-30,058491125,"Piazza Mario, 744",Granozzo Con Monticello,AT,35138,2025-03-15 05:49:26
1634,Vito,Petralli,sebastianoaloisio@example.net,$2b$12$uKVQrZgOhR.4qzLShmMxn.DOPdH9kyXwazEQA8tESwBWO2reOO9Qm,user,0,1970-08-08,0322711216,"Strada Lanfranchi, 88 Appartamento 37",Edolo,BG,10090,2025-07-29 14:11:19
1635,Tullio,Antonucci,costanzo52@example.org,$2b$12$jLAA4jZop9Pgr/FA7hQOguULpKnARGPduI6IBepfddBV19kkQyF.a,user,0,1999-04-04,0825493254,"Vicolo Salvatore, 60",Agliana,VI,44123,2025-01-13 23:28:37
1636,Ida,Lombardi,beatrice30@example.net,$2b$12$GsnzA/1nT3roVsUeoFrbJOgo40I4pSYsKOMIIVw59RLasYsmaErI.,user,0,1981-11-23,+39 3770903651,"Canale Salvini, 198",Poggio Garfagnana,SI,13046,2025-06-18 18:52:07
1637,Patrizia,Piovani,dendrizzi@example.net,$2b$12$Gl1FE1BD1LGrBqAFa5.6suh3j.Y9Bgrwgk3k8zHzuWhZFn9iiHKu2,user,0,1993-10-14,+39 349458909,"Rotonda Guarato, 25",Grillara,CL,38048,2025-06-16 15:13:23
1638,Santino,Gianvecchio,loredanamazzi@example.org,$2b$12$P9JhGQo6XvLh2AEiCU2y/eq0TIzCgHILpGiXnO2N8t6rFcH8kgimW,user,0,1994-11-11,+39 0532308265,"Viale Lippomano, 25 Appartamento 91",Chiomonte,ME,22010,2025-07-07 10:10:46
1639,Alina,Lopresti,cassandra44@example.org,$2b$12$CLEv.hVGV127f2CTcKcndeSHfWQtYvSPM6mBh90ggjZ1TGggf99oW,user,0,1942-10-12,+39 351322455,"Canale Spadafora, 9 Piano 1",Doganella Di Ninfa,NO,26036,2025-04-05 03:46:05
1640,Tatiana,Trentin,martinacaruso@example.com,$2b$12$cyTJJUU7m5anMH364CPlAe9gkqI.lBgp6q.PlKUgI27oRWFj7vpl6,user,0,1949-07-26,370340029,"Borgo Boito, 59",Valli,RI,35143,2025-04-29 17:21:09
1641,Patrizia,Treves,santoriodomenico@example.net,$2b$12$TH62E2/bD2QMkYGz2ZSlmemDrGwTyUINjeZfNzgRMQsKYUwdniSUO,user,0,1949-09-20,0355731650,"Rotonda Maurizio, 60",Barbianello,SU,38063,2025-03-18 14:06:26
1642,Lina,Micca,igagliardi@example.com,$2b$12$qYky7JpsEz8TypvVIMJ8dOXu5FQgccZyP1FKLHyXs37mAYi4W2OLm,user,0,2002-12-26,+39 042583155,"Piazza Rosalia, 70",Novate Milanese,TV,20095,2025-08-22 10:05:59
1643,Stefano,Pisani,giacobbe25@example.com,$2b$12$AakJ7DeOaHYIOpvxNt.t7OSb8mVO4jBfQsgoQ3bRSm5CY9vBjDzZy,user,0,1975-01-28,+39 051968190,"Via Bernardo, 25 Piano 8",Tires,VA,80136,2025-01-21 07:48:59
1644,Pomponio,Onisto,ydoglioni@example.org,$2b$12$d68QIT0ec8Zrj9EuPhhi.uj5TFBnUfoR3cR7A7aVXGYf9TjQyQnbK,user,0,1982-06-12,+39 33578488671,"Contrada Tiziano, 6",Villassio,TE,81025,2025-09-15 07:14:16
1645,Mauro,Vergassola,gabrielerensi@example.com,$2b$12$S.8A7d5L/oMl0nA5oX8EgumEG2Rz80JDHHWlHraXx3gwa5F91hUm2,user,0,1954-03-19,0343533997,"Vicolo Vincentio, 80",Retegno,BA,46049,2025-09-29 18:03:06
1646,Griselda,Berengario,rembrandt63@example.org,$2b$12$TgvRtUs020/r8WEto1UDHuj54Au6wqeDUEhai1C0IvbAsV9C6As1i,user,0,1942-05-01,0522963728,"Canale Falcone, 79",Monale,LE,10072,2025-09-10 12:06:51
1647,Paulina,Bixio,eniscoromni@example.net,$2b$12$.ncX1S9qMi1EG97wmevTA.dxBpAGBVhvgGlP2DMHt0us4r2UaGqEC,user,0,1988-08-03,+39 030242624,"Incrocio Pausini, 3",Faggeto Lario,VV,87058,2025-03-05 01:02:03
1648,Dolores,Capuana,nadia86@example.com,$2b$12$Fjuq.gVHeL/BmhUZgtUSWuJ1nuXPq79kPxlC4hhLyYNI7yyCYPmXi,user,0,1989-12-20,+39 0962956291,"Strada Antonia, 65",Melle,VC,95123,2025-10-04 14:41:36
1649,Riccardo,Bergoglio,goldonisusanna@example.com,$2b$12$O8F6.PJ1Br8m2iKZBjKoVOKMwhKjHOW/v6IDhdMAh6jFs2qQm9QV6,user,0,2002-03-10,+39 0585774662,"Canale Pizziol, 78 Piano 7",Acceglio,MI,39055,2025-07-12 03:14:05
1650,Aldo,Fabbri,angelina97@example.com,$2b$12$QLVpZZrDVV/H7K2GWQVe7.S1Yw367U66Hms9ZCYYYjvKBEcO7yg.2,user,0,2000-01-28,+39 3780553575,"Contrada Flavia, 17",Villascorciosa,MS,36031,2025-03-10 05:32:16
1651,Emma,Sonnino,ubertoduse@example.net,$2b$12$OCRmlRHso3S7kCNw/s607OwqcLNpQdVPv0NBn1t/vsD/Foo8pWQaW,user,0,1976-10-22,042230429,"Strada Petrucci, 99",Sorianello,NO,38059,2025-07-12 02:51:59
1652,Riccardo,Boccioni,veronica26@example.com,$2b$12$UnD6BnS.vSUSYkLHmN4jse1YYWvkb7zPY48QoUkwvA30x4V1hxFCK,user,0,1958-11-28,0171109721,"Borgo Bartolomeo, 188 Piano 7",Allerona,GO,17038,2025-08-21 02:11:30
1653,Bernardo,Venditti,lbombieri@example.com,$2b$12$npGf2U5ahJyj/h1U/AJqM.xtE8WN3aWffmprbxXG1QDaE/8Tew3gu,user,0,1981-06-30,08816665920,"Piazza Anita, 53 Piano 6",Pietraviva,BG,25061,2025-07-13 18:04:30
1654,Annamaria,Interminelli,alfierigioele@example.net,$2b$12$1ADHFvmQmGM.28leNgoiC.iuS9/jeWSgeN2unik1n.sNUeCJ8Cibu,user,0,2004-04-17,+39 0445571580,"Borgo Giuseppina, 62",Trento,PN,47838,2025-10-20 08:12:41
1655,Damiano,Fabbri,qgaiatto@example.com,$2b$12$xEtzOaChmtrbnMQnLJDg9ul2nWTtMf7T8spTAboKQsfL6y4U1ySUS,user,0,2001-04-19,0158655382,"Piazza Argento, 798",San Nicolo' Di Comelico,PT,24061,2025-05-07 11:38:44
1656,Leopoldo,Cheda,agnolonosiglia@example.net,$2b$12$7nVN3RUiofKJY1q4JYQcfeZCptEzG84F3jgx.hFhqWTUQwUQLWWKW,user,0,1960-09-19,+39 0183881334,"Stretto Gemma, 2",Scanzorosciate,PT,23030,2025-09-15 10:14:08
1657,Gabriella,Chindamo,fiorinotrotta@example.org,$2b$12$do7fuLk3Ods6J2kmpmW.I.C6DsCgNk.8DafZ5i2/UeJYuP9yHsGVy,user,0,1954-10-18,+39 3779868702,"Via Bersani, 82",Pelos,NU,50121,2025-07-29 04:17:00
1658,Emma,Fantozzi,ettaperuzzi@example.net,$2b$12$84Bh/32g7neyCaeR3oqmSu/FEZ9hNqc0YSDlJ5HQLVaXNePTmBZTm,user,0,1945-04-11,0331542321,"Canale Canil, 253",Malonno,FR,34017,2025-02-05 16:16:34
1659,Romana,Dossetti,francescofinetti@example.com,$2b$12$H28jW8hNIPnePPXCCexnWuqNkiUeGsPU5XlH3pD0335xr7TdiOYdS,user,0,1967-04-02,09316977540,"Vicolo Lodovico, 9 Piano 4",Duomo,IS,84095,2025-10-21 03:19:27
1660,Graziano,Tamburi,umberto47@example.org,$2b$12$vtfV/hsDPo38cBTemsJ1teoO5Dwe4KYVRIZgkmJ0imX11jhuB/Hbq,user,0,1963-06-29,+39 094257137,"Borgo Melania, 4 Piano 5",Traghetto,BL,94017,2025-05-12 11:52:41
1661,Rosina,Condoleo,ypetruzzi@example.net,$2b$12$5MXu54QRlXgeDsyR0u1Qa.gpSZZAE./N2uoWbsDWme1FOni6tRnna,user,0,1985-02-25,05642448831,"Via Pina, 86 Piano 5",Valnegra,CO,22015,2025-09-20 17:35:12
1662,Morena,Marenzio,vincenzobarillaro@example.org,$2b$12$5Rl0DOHU1Gq7KMdLuanjc.qB6d.yEc1cGGOuiHQl4hKdSQ2PX9nCq,user,0,2000-03-25,0771559130,"Incrocio Miniati, 1",Borgo San Giacomo,KR,23026,2025-04-30 06:15:21
1663,Liana,Carullo,uberto73@example.net,$2b$12$96ifwXrDHhPUvJ2aoZvcx.KHUXZaF58MPNUNr.apG7jnY/k0rYeR6,user,0,1980-10-29,+39 01589999455,"Borgo Fausto, 1",Wahlen,CE,23883,2025-07-22 01:45:32
1664,Michelangelo,Roth,marisa49@example.com,$2b$12$Tlk4qZe4RX3aIvohu82HYuCHMvuLybc5xvWfr95BdEkpjDUqnwv5m,user,0,1988-01-02,37160465022,"Borgo Eva, 49",Ponte Ronca,CL,21032,2025-11-18 06:38:34
1665,Tina,Sokolov,fiorenzo48@example.com,$2b$12$qAYrcJDDyqN0j9awgpGJwO5KIYfpY7S2SiCfHz1qdwn1yypWR2m8.,user,0,1972-06-13,+39 0776744008,"Incrocio Goffredo, 25",Robilante,AN,22017,2025-11-04 21:34:24
1666,Giancarlo,Nievo,luiginadraghi@example.net,$2b$12$uLbLuit9uuw42X4GvBfrbuf.YBG8G11qJ4coisrjbGCgV/S3Na9qm,user,0,1976-04-03,+39 0419874051,"Incrocio Isa, 86 Appartamento 2",Tol,RM,48015,2025-03-08 09:49:17
1667,Giancarlo,Vigliotti,silvio75@example.com,$2b$12$mGoqjFMMxqRdfx4wb/TDSOP56.fNl/flEoTr1aqB1Yxpy0aRHuSXW,user,0,1995-11-07,+39 3756198082,"Viale Ilaria, 274 Piano 2",Torreorsina,PD,23833,2025-02-03 14:00:21
1668,Lina,Costalonga,rschicchi@example.net,$2b$12$vKzZSIPcIm3ZUrMilwveGeaoLZ7cf7pSG6WUQB4XEey5oKKQbykVO,user,0,1954-12-07,+39 0549980056,"Incrocio Fagotto, 55",Ozegna,TR,48010,2025-01-29 21:46:43
1669,Fortunata,Golino,xtorlonia@example.org,$2b$12$.uO9wXmaV8Um8YFqiW6cr.15Av6sw0p.hs1nHd85PkF7wIJVH.5pG,user,0,1946-06-15,3755084770,"Vicolo Finetti, 6",Agosta,PR,16147,2025-11-07 01:00:13
1670,Maria,Beccheria,milenacantimori@example.com,$2b$12$SVFF1sY6LTNvDh8pKjapaesnMc/KWLZlX5A.jC3jhk0rbUmhwLb/2,user,0,1996-12-26,+39 3777086663,"Incrocio Lucrezia, 353 Appartamento 9",Ripalta Nuova,EN,57028,2025-02-02 21:59:52
1671,Lucia,Morabito,blasigianluigi@example.com,$2b$12$j8Q/lLi..kMPKgGf9ihnUesclDoEol3RZA3b.IIXQ90t9N6405GFS,user,0,1991-12-21,+39 333154136,"Canale Irma, 7",Talocci,PO,22077,2025-01-18 21:13:23
1672,Ramona,Golino,wluxardo@example.net,$2b$12$2TW94SLqBzLWMPH/clkXNONwOxt4yuNGX2DUOTOUd9AU0Vev6M59G,user,0,1991-04-12,33148930943,"Contrada Giulietti, 689 Piano 0",Pieve Di Compresseto,CE,50037,2025-05-09 20:26:54
1673,Cipriano,Contarini,tatianafabbri@example.net,$2b$12$eoyucOJj3I3JxVd3HuiZ5OetnuhF5QJWB7JizqN/YMuiSz/DR9Ff6,user,0,1979-05-11,+39 0365936195,"Incrocio Michelotto, 3 Appartamento 8",Santa Domenica Ricadi,BG,13855,2025-06-24 13:51:38
1674,Luciano,Vento,gvismara@example.org,$2b$12$0EhME7AKS2jSdkZsLY40MOWiJAUdIxXijbHyrGzb6GYKyaJ3O/Wyy,user,0,1976-01-25,05788846559,"Contrada Biagio, 62",Modena,AL,23897,2025-06-17 10:33:19
1675,Zaira,Druso,luchinoinzaghi@example.net,$2b$12$Jlm9/kIP6ufOmf5xEnoRy.SjHJMv0f9ykzbvy.Rphksx8ujqKHddq,user,0,1989-06-29,09414211404,"Contrada Randazzo, 874",Ponzano Di Fermo,CT,13845,2025-01-14 17:25:46
1676,Priscilla,Malpighi,igiammusso@example.com,$2b$12$P45jkovpxjG7fRh36HFA.efnAL7Jn6ZfI5IW3BHov1dTupQMVZ72.,user,0,1966-04-20,3516095055,"Via Dalla, 29",Ausonia,AP,23865,2025-08-12 22:19:27
1677,Martino,Salandra,psobrero@example.com,$2b$12$25NUwQIGjkYGSottkeVeeegEsTr4j4duforztLezA/pC3QeVGLtUm,user,0,1999-12-03,+39 0731146889,"Vicolo Guglielmi, 77 Piano 5",In Via Messina Marine,CZ,07040,2025-09-02 11:00:22
1678,Renzo,Speri,cantonioni@example.net,$2b$12$OzPVg5lhayhFq4awRxptyerHLnUKdycovZeavzR8PxrUKQj52qQKW,user,0,2005-12-22,0585121909,"Stretto Moschino, 70 Piano 5",Seis am Schlern,TE,11028,2025-07-21 04:39:43
1679,Veronica,Peano,romanacalvo@example.org,$2b$12$X2sU6LqZDjL.NLc7DvLCQevJyzidNwL6LX3ctg3kvjdkzHBweXwlG,user,0,1998-03-25,+39 012456770,"Incrocio Serena, 9",Caravita,LO,13012,2025-06-04 06:26:51
1680,Silvia,Morgagni,talfieri@example.net,$2b$12$rX1oTZEaMNtpbgDUNXrK1uEnj5NjLmxGOlj9x92HoxaXEy7cCr95q,user,0,1958-06-20,+39 0925008088,"Via Rita, 93 Appartamento 0",Casa Santa,GO,98061,2025-04-14 19:02:50
1681,Valentina,Righi,argentolina@example.net,$2b$12$K25ZRebEWrnjK.6rCLr8Aumbg6h/PWfiTP4nohmpKGiF6L1RlwNT2,user,0,1973-02-25,+39 0974501260,"Via Porzio, 15 Piano 1",Casamari,CE,20061,2025-08-30 07:13:42
1682,Fortunata,Barillaro,liciaiacovelli@example.com,$2b$12$C9ZJi.7diLs6eey8zBafbudLVFhJDqASq3D9ZHNzKH9AvsNu2LUv6,user,0,1982-11-17,+39 01969684333,"Canale Lodovico, 50",Chignolo Po,MS,20124,2025-10-23 04:29:40
1683,Santino,Metella,tozzoignazio@example.org,$2b$12$.OiuzxTuOQkWeADCz4zrtONxFQ/GBHZft6A6wfwNm6xyBG05EJV66,user,0,1998-02-14,+39 0734614367,"Borgo Piergiuseppe, 51",Balzola,LC,40068,2025-07-04 10:45:05
1684,Sabatino,Pasolini,ninettagoldstein@example.net,$2b$12$/nibal7ONpJUBRodusTtZOTxxlC3tvLWTGEzbV2ESy1zRAXEEZlfG,user,0,1996-07-29,35177712976,"Incrocio Amadeo, 673 Piano 7",Ried,CB,06066,2025-11-23 23:33:27
1685,Amadeo,Depero,antonella92@example.org,$2b$12$9S06jsLnwRlpsDVhHytRy.U8ZwINPWdvjBS2nOgWl4hlUzgAi12Fu,user,0,1942-05-19,0514888393,"Canale Giuseppe, 693 Appartamento 8",Frigole,AG,04100,2025-06-11 01:27:06
1686,Simone,Farnese,lucacuratoli@example.com,$2b$12$fL7WWHnoQd4.L20aOWrOz.VuY7X4Kj4m1VGCsqRVdcYK1.f4ixZ9q,user,0,1998-11-23,377990240,"Via Trentini, 54 Piano 5",Quero Vas,PR,10148,2025-08-15 19:32:39
1687,Ferdinando,Saraceno,laureanotrussardi@example.org,$2b$12$xg6yDydisIexcW83MDeJHOitCGAQoH9yX6oOFLXXHCBPdg2TfzNeG,user,0,1985-06-27,+39 3778993972,"Borgo Lorenzo, 33",Pino Sulla Sponda Del Lago Maggiore,RC,54100,2025-02-13 21:22:28
1688,Giampiero,Ubaldi,claudiabarsanti@example.org,$2b$12$3RWf.BDoKfZ/vs5OMGwzqOYF.Juqt2WlEjivIy9IoTa5/hRAwqffu,user,0,1971-01-05,+39 0371120777,"Stretto Pedersoli, 12 Appartamento 6",Orgosolo,LC,90048,2025-04-13 18:07:18
1689,Goffredo,Finetti,federica43@example.com,$2b$12$96UzaZtQ2FUazlzPEBEOj.IhUGIEq1v/.llzy3Jb6tnAa4H9soVjK,user,0,1990-06-07,+39 3624277843,"Contrada Severino, 2",Indicatore,RG,24039,2025-09-10 22:36:10
1690,Giosuè,Papetti,robertocaccioppoli@example.org,$2b$12$bZXeXQ5nebkvZI.90dHiVehpN40NpGQeYI4bI7a5zE6UxD.lEZBLi,user,0,2006-11-20,0184256601,"Strada Callegari, 67 Appartamento 34",Graglia Bagni,MO,63092,2025-06-01 23:05:25
1691,Pellegrino,Galiazzo,montemartina@example.net,$2b$12$Htas4r701bfsvJ9FswM1j.gDv4YQwEkvtdkXKcLwd68fgewi5Dg4O,user,0,1966-02-02,+39 36600697747,"Via Giacobbe, 245 Piano 9",San Pietro Del Gallo,PZ,01023,2025-01-03 06:19:22
1692,Pina,Lucciano,gcossiga@example.com,$2b$12$Z39k0L.Z8yF9ydMdE3H7f.dUHpHrF01BOYDHucZy/nbG/g4ewrAyy,user,0,1953-11-09,05878311279,"Incrocio Piazzi, 67 Piano 7",Santa Maria A Monte,CN,98026,2025-08-25 19:59:46
1693,Armando,Dossi,sferragamo@example.com,$2b$12$faSE5Opfwnn4GAQtTOt6Ie.lchGs4NH15xbXtwpG./vB1rqabN/ty,user,0,1983-03-29,01419856027,"Vicolo Tremonti, 71",Borgo Di Montoro Inferiore,GO,20885,2025-04-21 09:09:00
1694,Goffredo,Eco,monteverdinanni@example.org,$2b$12$cEWi0mhGXHz0w9kNhQqVceXiYAEQ8Q7Ih6A9mHgmr3tZGtzP4b.Ui,user,0,1973-11-10,+39 0942273822,"Canale Alboni, 42",Naz,PO,76123,2025-08-07 17:48:45
1695,Ernesto,Palombi,pisanogalasso@example.net,$2b$12$RjFUEpj.0aPDkZKph96Ct.GZEntzk0YYUKWIwBBr0gf5G9/iXMCfC,user,0,1993-05-30,+39 34764412527,"Via Offredi, 2",Terdobbiate,CS,09034,2025-05-08 01:19:55
1696,Enzio,Luria,maurizioniscoromni@example.org,$2b$12$69DtEy876LGXs3jMswCoLe92jkiqLa33qWlmkyQqdDQz/wbsJ3X1i,user,0,1997-02-14,+39 0883219992,"Viale Laureano, 82 Appartamento 80",Borghetto Di Tuoro,PN,16016,2025-04-21 19:30:25
1697,Pierpaolo,Canetta,ferraraalessandro@example.org,$2b$12$CizReKGHL6mwXzhpOyMMNeUehJiTj8DNpMLRdnSzFJekzLbeK2eRe,user,0,1999-09-21,0784444476,"Borgo Greco, 354",Caleppio,MS,00062,2025-09-06 11:16:51
1698,Lucio,Battaglia,uberto30@example.net,$2b$12$W9ZjsUDmkj5vTePmMniJn.a8qzeLhL15TrY64Z.U0QtqxGQgBvXpK,user,0,1972-12-30,+39 080171811,"Vicolo Scotto, 68 Appartamento 9",Costa Calcinara,RN,09036,2025-05-17 05:15:31
1699,Patrizia,Bova,antonella56@example.org,$2b$12$Jtx4uZI2wJXCZXgnbga8Ae9n3YmEpty0OtMFmWI2hTubhKhfMvhLu,user,0,1993-06-26,+39 012241141,"Via Ermenegildo, 172 Appartamento 2",Pornello,TA,37137,2025-01-31 17:12:17
1700,Gianmarco,Montalcini,patriziofilangieri@example.org,$2b$12$FObnJRFJi.IPdo.fL1ath.ujt5oZSmaIIhR/1bQ54sK5tG3jGOXcG,user,0,2002-10-19,0434629247,"Vicolo Giampaolo, 8",Codiponte,TN,05021,2025-01-08 16:47:27
1701,Daria,Pausini,sebastiano98@example.net,$2b$12$Egxa2zRG9bqmsug09ZHbzexN3W1DKDaxAHMNONcQ9qQNOO.ti8BL6,user,0,1969-12-23,+39 0599088120,"Strada Livia, 75 Appartamento 13",Ghilarza,CH,06081,2025-02-23 13:00:16
1702,Giacomo,Anastasi,riccardo24@example.net,$2b$12$6JK6/xrJNfZwo1GjT152SuIxwQMAbifmFVRgXiiHmNHn8wvW5/zfa,user,0,1946-02-07,0161580002,"Viale Gioachino, 7 Piano 4",Ca' Dolfin,PO,34015,2025-03-31 05:57:30
1703,Francesca,Marinetti,pradaadele@example.com,$2b$12$N76OqFg8kiqTAaQziIeHKehDyymbq/.lYtFFYC704Dw3x8BwA3TMS,user,0,1969-11-21,+39 01250718391,"Via Savorgnan, 21 Piano 8",San Rocco Castagnaretta,RM,63096,2025-02-11 14:58:02
1704,Laura,Montanelli,lcianciolo@example.org,$2b$12$kKWH8DUQXm5vGLeVJLZ.puagenUKcw896zRPkuq1NsiiYpbzhkE62,user,0,1953-03-03,+39 0426114092,"Canale Cerquiglini, 693 Appartamento 4",Calisese,MS,13028,2025-08-04 06:48:55
1705,Beppe,Stoppani,simonetta33@example.org,$2b$12$mwQl4ciUekxP.dtTUzeAxemB9MJpVmwyiDMgUvOffKTjRcyzwM.Z.,user,0,1969-06-04,0707417080,"Borgo Piacentini, 82 Piano 1",La Quercia,VC,61100,2025-07-29 21:46:01
1706,Sergius,Miniati,moruccipaloma@example.com,$2b$12$Zs2uA6ou.RYGugrNLfvG7OyhOOYPd0lbFKs25DKFg3sDpNa07fbAG,user,0,1995-04-29,+39 379279355,"Viale Elisa, 0",Ganzirri,FE,10046,2025-09-07 01:23:41
1707,Pierangelo,Cilibrasi,gianpietrobellocchio@example.com,$2b$12$D90o70L24aq7i1fDSiNwvOm6hducj4yJkXDh7/DMKPdorpy8Krz66,user,0,1986-11-24,38294281710,"Piazza Boccaccio, 48 Piano 4",Cecima,AG,46019,2025-05-03 04:06:20
1708,Adele,Ponti,fulviogianetti@example.net,$2b$12$BsNlih1YgEG4LbIE7FYOq.Z9R3V1KjX92GrhFcVXHJjyYVkwjICqm,user,0,1963-08-07,+39 0357407354,"Rotonda Annamaria, 98 Piano 0",Bosco Caggione,AG,84014,2025-02-25 23:48:40
1709,Ranieri,Campano,agnolovigliotti@example.org,$2b$12$VwkJPKaf6WRS6KJ/FFvO1ukiaieS5WN7p6fwLFEEn5fxIOP.sraLi,user,0,1942-01-06,3209340262,"Rotonda Pavarotti, 425",Nusenna,VC,18037,2025-01-02 21:10:21
1710,Iolanda,Bembo,giannapasolini@example.com,$2b$12$CFXKuvkeQsZioWdVu.IKXuuIc44SxpOZQ4bvM/EbgIQXLiobxr8la,user,0,2004-06-23,371376002,"Incrocio Toselli, 823 Appartamento 66",Valdibrana,TS,20128,2025-09-03 04:34:42
1711,Lara,Cendron,foagustavo@example.net,$2b$12$Rmlgq4wMfZ2.UmGAQFtLR.fT9glZU1ywrDwUq0.laGTc0ep1sXCvW,user,0,1967-01-29,05728439148,"Vicolo Salieri, 134",Cuma,VE,84092,2025-11-07 12:50:40
1712,Pier,Toso,renzo88@example.org,$2b$12$rrRm9le1M3r0DX0e45jRiOuPx8WybxTD6Exps3isTyQRRY.ab4lkG,user,0,1978-04-10,+39 05747073869,"Viale Giacinto, 419",Licata,RN,72018,2025-08-03 19:31:15
1713,Angelica,Badoglio,nfilangieri@example.net,$2b$12$GuKVYBufmTZ8WU.FM9RpYOGFGiOz.L138d6NeMPnmq4EHfy8Kz43C,user,0,1962-06-07,+39 07828684443,"Borgo Nicoletti, 638 Piano 0",Sindacale,IS,09122,2025-02-13 13:25:31
1714,Pasquale,Carocci,pratigirolamo@example.com,$2b$12$RwBODqoPf41w35VxrG2wLe5xSjVRTKtgUTsqc20IN6EmdwAdRTwa6,user,0,1948-12-24,37573696499,"Incrocio Flavio, 0 Piano 2",Sant'Ermete,MO,20081,2025-06-07 20:16:49
1715,Rosalia,Smirnoff,vincentio31@example.org,$2b$12$830FU0XoXTHaRdjeYMXt8einELn.GNgsyyBFDOdeqk8wzPIm09ray,user,0,1948-11-18,0775467466,"Rotonda Paola, 756 Appartamento 6",Introzzo,FE,15031,2025-07-15 19:42:11
1716,Federica,Ajello,adrianabonatti@example.org,$2b$12$GMbSSzSrUFQ7R/UPbQopf.pQVkx.0V1XHDwT3YebI.DbIcrb230je,user,0,1984-10-09,0564983193,"Canale Liberto, 7",Scafati,MI,33095,2025-10-17 00:35:29
1717,Alina,Zecchini,galvanilazzaro@example.net,$2b$12$M9AVWpNUQ1VGrlu36lWNaeoXBfcL2R5L6e61we0Nn2tzmf9tS8AVu,user,0,1958-08-09,350022039,"Stretto Benedetti, 0 Piano 9",Quittengo,AN,20131,2025-03-26 15:00:23
1718,Daria,Mastroianni,nicozola@example.org,$2b$12$t4rV9aq8j/n.hZ9Wvlqjsue2Im9zQXUVha2z67RgL5x4WBOGXsVZi,user,0,1995-06-03,+39 35348325462,"Stretto Severino, 996",Sant'Antuono D'Ischia,PV,38032,2025-01-09 02:06:03
1719,Daniele,Gravina,dsagese@example.org,$2b$12$T9KEvWblKlaNnFE6FRGnCumXhub4muYd/Wbh5l3NxUpOD16mEXjnW,user,0,1965-04-18,+39 097441095,"Canale Clelia, 6",Molare,VI,23814,2025-04-29 02:15:33
1720,Gino,Nolcini,ferrettialberto@example.net,$2b$12$kUqFVfXnLj02BhxLG9x0mOga8NtopUOW07RQkG2vrmLJgCQvZXhmS,user,0,1989-07-28,34135995761,"Stretto Toni, 78",Garessio,RE,57020,2025-01-23 08:40:12
1721,Ronaldo,Metella,liliana95@example.org,$2b$12$nwgPyHqhnC2G5TgRBgXdmejTp0pglrHE0cXPAHBHpR9r3XHZXNibK,user,0,1948-04-11,3514582970,"Rotonda Russo, 3 Appartamento 8",Valledolmo,CN,44122,2025-08-21 00:05:55
1722,Achille,Volterra,dianapuccini@example.com,$2b$12$KMcMDkmm73iH/ZSxfKuqw.jqlxNuzoNWhL5upF.dBnnEZPr87/V.2,user,0,1995-11-08,+39 37378947377,"Contrada Tiepolo, 32",Santa Maria Delle Grazie,CN,24035,2025-07-28 12:26:58
1723,Ludovico,Lollobrigida,benignimichelotto@example.com,$2b$12$JPev65BH9n6MYvHLTulioO7mIjCBIeFS2kK8kW6.VlonsrDh4a.9O,user,0,1989-05-28,+39 094191159,"Contrada Leopoldo, 28 Piano 4",Montebuono,CN,66015,2025-09-16 06:22:52
1724,Marcello,Torricelli,bgregorio@example.org,$2b$12$hKhMR9elt.i7iTWrrDCul.YDKmsd0AHkKT.zdf8zzGWhUUKiJuNFa,user,0,1960-04-20,+39 36248211149,"Viale Sommaruga, 2 Piano 4",Mugnano Di Napoli,RA,47023,2025-06-29 01:10:00
1725,Rolando,Parpinel,jolanda45@example.com,$2b$12$vIO1gesbFJ7.53f696hgEe6NUhNNXAOllnrlpGL6yUOOocJFpJD/m,user,0,1958-08-24,+39 3476505860,"Rotonda Scamarcio, 60",Santa Vittoria In Matenano,GR,83022,2025-08-23 06:17:12
1726,Virgilio,Palladio,aldorossi@example.com,$2b$12$/3xCrvz.6ILsR2SqrWqxnuc6vL/ukBtokJjfsSuvN3XFTOJppNTyW,user,0,1994-03-12,3249574739,"Strada Bodoni, 35",Missano,PG,17054,2025-04-24 00:16:06
1727,Annamaria,Endrizzi,berengarioalfredo@example.net,$2b$12$wj.HapKs6jgJfj9UKyaMb.irPi5AWzmDjzPClhTA9MSCVFP0lOgHK,user,0,1964-08-12,+39 05162456667,"Vicolo Coppola, 21",Serrada Di Folgaria,MN,38071,2025-03-13 05:19:34
1728,Massimo,Mazzeo,ronaldoserraglio@example.com,$2b$12$0vOxYXZbpzG8tgvv/gpvxO..iPw5qCvC.mc8ZKaVn95gZNkQ1.0qW,user,0,2003-08-30,350167988,"Viale Scotti, 27",Albare' Stazione,GE,16024,2025-11-09 12:31:37
1729,Mariano,Rossi,ignaziocastioni@example.com,$2b$12$nXlO0G4sXLMpesQHG4NCF.mIu2fiIjEivoNW92MQ8PKTlNbqLLC.S,user,0,1947-07-11,047131140,"Contrada Maura, 67 Piano 5",Alberone Di Ro,LO,00134,2025-03-16 16:36:05
1730,Jacopo,Argurio,gianni27@example.org,$2b$12$W4soXuLvWI8itkaSD9Andey0eqLflOmNxpGtH/65YmpPQjQji6a4q,user,0,1974-06-16,05717808027,"Borgo Eleanora, 23",Montemarzo,AL,85049,2025-03-07 17:00:51
1731,Licia,Filzi,oscarpa@example.com,$2b$12$8fUWgXPG4WaKPhTwvSihJerWLSAaNMJ81tFOx8blkNOD875hca6ia,user,0,1957-10-13,35056972785,"Rotonda Vincenza, 978",Cargiago,MS,85100,2025-10-26 09:19:34
1732,Iolanda,Curatoli,arnaldo27@example.com,$2b$12$hPMfk8UTZTDre7rsxi.0TumgLiB1hKIU.FkuYmqAdXONTcBvepp7m,user,0,1965-05-05,+39 363509566,"Incrocio Barcaccia, 17",Capaccio,VV,20043,2025-01-08 21:46:39
1733,Bianca,Ceri,cattaneosandra@example.com,$2b$12$8w39zrle8MfXcV8bhOaoueGhCCDu2HNMGQ/.ScfQRpoqngsE0Y.I.,user,0,1949-10-31,+39 0774772868,"Contrada Metella, 488",Buseto Palizzolo,VT,86012,2025-01-07 20:31:33
1734,Griselda,Pisacane,agostinicoriolano@example.org,$2b$12$uDJ/5EpF3t53s7fAr8GZpeiH3jlcChIar20mic3L8egCf3DsO9n72,user,0,1984-12-16,048140755,"Vicolo Bellocchio, 91",San Potito Ultra,MO,42025,2025-04-19 07:16:47
1735,Napoleone,Montessori,bdraghi@example.com,$2b$12$CS/LMkcl4sCVUkTI5g0DS.MC8mSR2gpUPVrazasLT0Ad/dDppPDGm,user,0,1946-12-23,036581881,"Via Jilani, 890",Agello,MO,14055,2025-07-06 09:30:50
1736,Pierpaolo,Morandi,etoscanini@example.net,$2b$12$JxoGbeCEmKidR5mJaX0hYu.qVbwAr2O5Cszg45L62IRdK8y6pB6x2,user,0,1995-05-02,3918897617,"Incrocio Melania, 30",Grezzago,PD,11013,2025-07-27 01:12:41
1737,Maurilio,Zamorani,hcomeriato@example.net,$2b$12$FFcUi05XS5ozWMc98gADJOqBn4.DPZ7PaMYn3K1YkZVpRBjI9C27G,user,0,2000-03-06,0544051759,"Incrocio Ludovisi, 33 Appartamento 4",Graglia Bagni,PI,26035,2025-09-17 20:22:11
1738,Giovanni,Argurio,moresigianpietro@example.org,$2b$12$sGA473.3DCeM..ZVoIv86.0AJw/MBm4RhR6d8D78N42l6MwDpzOSy,user,0,1965-02-07,0461788557,"Borgo Daria, 29 Piano 9",Pasturana,VR,80028,2025-04-22 11:37:58
1739,Marcella,Gigli,ruggieriromolo@example.net,$2b$12$D0Qy7GPSw8/SqOCVmbWNE.mNQ3Vmvgfdj6IMmALVWOBxbXhsXPGge,user,0,1967-06-14,39289243633,"Borgo Mirko, 230 Appartamento 22",Potenzoni,NU,01100,2025-10-04 15:57:59
1740,Raimondo,Tamburello,alombardo@example.net,$2b$12$pvCteJq1Duv2sSeXbXtP3.MMznz4aMYhn75rc9RswUoed1CT9iH2y,user,0,1943-03-29,+39 3715623163,"Via Marcello, 786 Appartamento 2",Castellarano,TN,23841,2025-09-29 11:00:53
1741,Amedeo,Persico,pedronileonardo@example.net,$2b$12$WlWyxgFSjITk6GRluK72Bej6C94lnjenGRFhnbqjBfDpXPxbFnjx6,user,0,1962-01-06,+39 07376861292,"Piazza Chiara, 986 Piano 6",Curteri,AL,43021,2025-05-17 19:57:08
1742,Adele,Scotti,rsollima@example.net,$2b$12$1/IWryqUrSWoqjPjpDy.POpJbvHZ8sB/7EpMNRSskmi7LuH.AN8Ha,user,0,1982-01-25,+39 3633861016,"Via Loretta, 917 Appartamento 2",Villarboit,CN,20061,2025-04-23 14:54:20
1743,Milena,Panicucci,calcedonio24@example.net,$2b$12$JDxERI/.jXk9zeDOg1tiiOUmFjwQG9wRne4CLO7n.lq/RU1S6h33m,user,0,1969-05-23,079101645,"Incrocio Goffredo, 513",Stipes,TS,16022,2025-10-03 14:31:41
1744,Marco,Sinisi,valentinachinnici@example.com,$2b$12$HGTEUG6d8FkEBkYBeNp2DeH9U3J6TCkQUQ8bUnR0EaGdiw2xg7t5q,user,0,1971-05-10,3793499565,"Viale Lippomano, 47",Villa Celiera,IS,28861,2025-09-18 07:44:10
1745,Gionata,Vattimo,raffaele24@example.org,$2b$12$6ZYIwTEYFCg6WdNXfnqbmOSUV/e74tAOBUgkHsz0JOmpN2WfV8Gbm,user,0,1954-11-21,377935156,"Borgo Maffei, 73",Ricaldone,RI,13844,2025-06-22 03:03:57
1746,Germana,Verri,sbertolucci@example.net,$2b$12$gJ1kr.lSulU1CAU1uyJStuBkUt1sX6eXB8QOS/Ka25dGQJgAKW/ji,user,0,1998-04-13,3558381787,"Strada Amedeo, 190 Appartamento 94",Codena,BZ,21031,2025-05-09 16:23:21
1747,Raffaello,Caboto,ippazio51@example.net,$2b$12$gD4FiIvmHGqXE2xPViXnH.YOKmfWSSCWyYnkgq2rHVn1qciAt7dnS,user,0,1983-07-20,3311268910,"Rotonda Fedele, 5 Appartamento 25",Pieve Di Santa Luce,LI,71013,2025-05-02 23:29:07
1748,Gaspare,Spallanzani,lchindamo@example.org,$2b$12$zVjRE4lvME0dxybvh2fxCOOTPDqCMxcXvufV0paihc5u8s4p4W0h.,user,0,1993-11-02,+39 04999178482,"Viale Laureano, 23",Piano San Nicola,VC,80128,2025-08-08 09:32:17
1749,Ernesto,Sismondi,marta32@example.org,$2b$12$2RPj7n25ANvKVTll5ohJw.i8.CiMBK/HDXxMSxIygbb2bRjDMf8EW,user,0,1984-03-21,055432345,"Incrocio Vanessa, 6",St.Nikolau,KR,91026,2025-06-26 10:37:21
1750,Olga,Tafuri,adelasiaberengario@example.net,$2b$12$4D6FmPpOUFf73dPQOfUl2.Lrss7m7QE2houhVPs7TpjW8kWqNG9Ru,user,0,1968-01-21,3509331469,"Borgo Nicolucci, 65",Visano,TN,32020,2025-07-05 12:48:49
1751,Nicola,Anastasi,fmazzeo@example.net,$2b$12$SmYmoymSYL10MR.iy0XKOOaLqfWxl/KfmBXri6vg4Bo/tr.f7HDUa,user,0,1977-06-03,088373994,"Piazza Renata, 697",Cataforio,BR,25016,2025-02-05 01:35:42
1752,Giancarlo,Foà,salvatore03@example.net,$2b$12$VjERcdULCVH5yjeleB5fwuAheBtAGRUi/UaQOAcAfJJOFeEP9UYCu,user,0,1967-08-01,+39 07103759058,"Rotonda Camuccini, 192",Cenadi,UD,16121,2025-04-02 09:23:06
1753,Amadeo,Visintini,xsansoni@example.org,$2b$12$Hn4UjnzbdB1.2lPnlob0uOfTklzp4E5.oSFszgHlzZ2OC2JBwPa9O,user,0,1958-02-16,0547678687,"Incrocio Gilberto, 69",Corcumello,IM,41059,2025-09-07 09:53:08
1754,Guglielmo,Odescalchi,serlupigioffre@example.org,$2b$12$jwXbZf0mim0w2JTJIpExTOhhPZLHyukzvfvaxEZh6hONJSB/Vpk0y,user,0,1952-08-15,+39 37604069790,"Canale Pasquale, 36 Piano 7",San Demetrio Corone,BZ,09088,2025-05-21 21:02:02
1755,Ramona,Lombroso,lara83@example.net,$2b$12$Goo5QaXFcIDqiVrQqqH3h.NPge2Wwgec80jEdohO.12x.4eVxlUfi,user,0,1979-09-25,+39 368958070,"Canale Amanda, 0 Appartamento 29",Sarzana,BR,11016,2025-08-15 11:21:41
1756,Tiziano,Monaco,carla93@example.net,$2b$12$ySf49q4FJ./FhkKIEHdyFuJj3pNwAR/7bvI1/NeJcMLXeklvtOJzi,user,0,1987-11-13,+39 0798915291,"Rotonda Valier, 63 Appartamento 3",Las Plassas,TP,33085,2025-01-08 21:05:17
1757,Maura,Persico,ccundari@example.com,$2b$12$B.du8w96dSuqw1mmksOpHu7PnCFUjm9SsakQLW4qiunwY3nLbrhRy,user,0,1949-09-01,3634071775,"Borgo Costantino, 21",Leverogne,PG,89049,2025-02-14 03:15:25
1758,Gastone,Papetti,annalisa51@example.net,$2b$12$tTbgDOxYMCN2wPk8lfn5NOI.n17d3Hgke1A6QUtDpxuHxwcCMo62.,user,0,1947-08-29,07376531981,"Via Nico, 533",Marina Di Pietrasanta,SI,23832,2025-09-24 00:36:50
1759,Corrado,Bignami,gianmarco67@example.com,$2b$12$FWvyzNXqB1s5njvPKCBGw.VhhyI.t9Dn9jLBpdPId1G95xO9ldagu,user,0,1980-10-07,037576895,"Stretto Donna, 43 Piano 0",Tegoleto,AN,89818,2025-03-16 17:20:59
1760,Melissa,Gozzano,filippomastandrea@example.com,$2b$12$yRt9NmCKKhTJ3Rn9qlQa7e5iryqEP0kBxGjtoiJS2RdNjek9femmC,user,0,2002-02-05,+39 39209216346,"Borgo Laureano, 83",Palazzo,PR,95048,2025-10-11 16:01:00
1761,Dionigi,Pizzo,hmetella@example.org,$2b$12$JBWJ.5Xgm/cTDUbJ5PIap.bau7sqpVtv9I6CAUnIXuwJM9xg87z4u,user,0,1947-02-19,+39 07898057002,"Incrocio Berenice, 5",Crava,SV,21041,2025-04-04 19:07:38
1762,Ugolino,Tolentino,kodescalchi@example.org,$2b$12$yfeoKSpTXxpey1rtx.OJzuuaCtX.FJ/dNgHcJFsLH5RZacupFTD/q,user,0,1961-06-17,037568676,"Vicolo Vittoria, 36 Appartamento 56",Vicoforte,BZ,05024,2025-09-15 15:57:26
1763,Gianpietro,Raimondi,lianapucci@example.org,$2b$12$mcOSns3lpbOFATS7/pFBKufWQVvgn5HsSImzQ/vhNrBNMb.HWsxHe,user,0,1993-08-23,3902196296,"Canale Morandi, 831",San Gregorio D'Ippona,RC,15072,2025-06-08 04:25:29
1764,Eliana,Cadorna,gaetano89@example.net,$2b$12$StHoQE.89pYf310AeEbjquVCWC3jvrSg9KzmnXy4CIe.57grnLwEy,user,0,1965-07-17,+39 330549553,"Vicolo Spallanzani, 226",Mattinella,UD,95019,2025-02-22 02:27:16
1765,Dante,Missoni,vonio@example.net,$2b$12$jYuw6oH1lmyJa4gEfOy6P.6yht4uyXo.lQrcKy.dKNujfRnMNQCQq,user,0,1954-07-08,+39 3505904072,"Incrocio Vento, 83",Boario,SO,13831,2025-04-10 12:38:32
1766,Mario,Trevisani,stefaniraurica@example.org,$2b$12$MV05lQCMAdI9DRoj/RZwAOj6y9p3DJ2eGFhOt1vtQ0BScZglMXB92,user,0,1969-09-28,0509984978,"Via Modugno, 31 Piano 8",Treviso,BO,55012,2025-06-13 21:27:02
1767,Laura,Gelli,claudia11@example.net,$2b$12$AUAt0bHkZLmk.FYrucMyeuB0sxN0T5pTnaHJ9RdieA0JHquZLXsL6,user,0,1980-05-28,083204781,"Rotonda Dolores, 67 Appartamento 75",Tottea,SR,00017,2025-04-15 00:26:46
1768,Bartolomeo,Gregorio,tburcardo@example.org,$2b$12$V7cx339jntZxx68NsjL6mejylmx1FJXFfBrCRkASV30czTdrKUbsq,user,0,1994-12-04,+39 05770918785,"Incrocio Brambilla, 2 Piano 6",Sparone,GO,71019,2025-09-03 11:29:51
1769,Veronica,Cuzzocrea,zspallanzani@example.org,$2b$12$XjPZ7Tyo8c1jLJAHETuvpOj5yl0LO650cG0KbDZ7pH/c1Lm55d3E2,user,0,1967-06-13,049291074,"Via Ivo, 44",Orsogna,KR,88046,2025-10-08 23:34:43
1770,Salvatore,Flaiano,costanziisabella@example.com,$2b$12$bHufJ1TnzO6N.6areKc85.LolxSbNFpBwblUxhL4rdIL7sQH2zm4O,user,0,1976-05-12,33945708781,"Strada Briccialdi, 559",Vito D'Asio,MN,20093,2025-08-13 22:40:45
1771,Coluccio,Gasperi,alessio07@example.org,$2b$12$CJPn4KZiS/6YhPQZxgWwPe5EJuPo5d5zh1WsmxwGJn8T.wmPZtKGK,user,0,1976-12-11,360492711,"Via Carosone, 85 Piano 1",Frangar,TS,34132,2025-03-24 14:56:55
1772,Leopoldo,Trobbiani,lorenzo72@example.org,$2b$12$QJePM.45haTy4ZKvV6cOVOlycGkNS/uvKZkaVozKcJ94OaTqUhHPe,user,0,1951-05-31,+39 0342022215,"Rotonda Loredana, 892 Appartamento 81",De Matteis,AV,50137,2025-02-10 17:56:29
1773,Chiara,Salvemini,giolittitina@example.org,$2b$12$tezMJsK2oHIidg6GKbMwo.DYYsXCWHj2rro9VDoBhw8rr6FXvezLW,user,0,1957-03-20,+39 08045748495,"Via Comeriato, 194 Piano 6",Tempera,TV,19011,2025-02-01 21:42:22
1774,Gianpietro,Capuana,bianca83@example.net,$2b$12$MPPAXlpi3M7dUZF8A1Q/Mutn03pSTVI63BHoq8a5gjOdFnJsX7ygW,user,0,1981-10-13,+39 094122629,"Viale Salvo, 242",Vigone,CH,98023,2025-06-15 17:53:41
1775,Stefani,Castiglione,bbertoni@example.net,$2b$12$eiagCm5FkZw7nSwCGu2DT.fxQ/7Ak3UxJEkLfEEwulMUCAO8Ncxv2,user,0,1958-10-30,37143080734,"Rotonda Ignazio, 1 Appartamento 78",Ponte A Giogoli,MB,34132,2025-04-11 23:37:50
1776,Elvira,Nitto,wsinisi@example.com,$2b$12$S7ZRg/nsluY9BnEU/ps54eX0sjNqyXw/g1mjYyFWedis9h3hDoxO2,user,0,2006-11-03,0773895981,"Viale Telesio, 21",Vigolzone,PE,30028,2025-11-18 11:10:02
1777,Mario,Passalacqua,carmelo84@example.org,$2b$12$MyzbKKbjHDw/pqdkZj6.ueenAd1aucWYd6tIK4zuG5XslfSQ2T1hO,user,0,2007-11-16,+39 0592703958,"Vicolo Ginesio, 617",Villa Collemandina,PA,00148,2025-06-29 00:23:13
1778,Lisa,Traetta,morroccoiolanda@example.com,$2b$12$ZHixYSDmL4h.c44012Tg/e2E3Oi8rO7trt9lKIrNOat5UeBcmEEje,user,0,1972-01-06,+39 0364424830,"Incrocio Canova, 889 Appartamento 2",Pozzolo,TA,33052,2025-09-25 04:07:48
1779,Amico,Pacillo,nguariento@example.net,$2b$12$YXnzaPIiqO7e6Qodb00cu.3mYIikdflFlk9VvyVEC4GmQjyE6uZmO,user,0,1984-01-06,+39 0425604432,"Vicolo Agostino, 67",Ipplis,VE,60010,2025-02-12 14:38:06
1780,Gaspare,Petruzzi,ottonefo@example.com,$2b$12$XJamQKqGy5Ji1UNeMVgt9.IQkEWG5GICr/0cbjmJXZ2vvKEhoNoA2,user,0,1965-12-02,+39 03420040097,"Via Lazzaro, 381",Cafaggio,VT,41055,2025-07-27 12:14:58
1781,Marissa,Strangio,sebastianopetralli@example.org,$2b$12$y2FTKiCHgmiPrnGZbqp.3ub9HcXA4/.KHLapv6n3wal7qiMNQmWru,user,0,1985-04-23,37141016769,"Borgo Dante, 6",Bomerano,CS,40129,2025-02-13 03:28:53
1782,Adriano,Rosiello,prodiangelo@example.net,$2b$12$pA7u4zH1syOJi8zlzC0mKeYNME9nYZ1g/8riSWaM4Gq8dAGaqTvVi,user,0,2004-03-21,0471159654,"Vicolo Angelo, 483",Tommaso Natale Sferracavallo,TO,63091,2025-02-25 12:53:48
1783,Greco,Fiorucci,kperanda@example.org,$2b$12$V1EdmThHtkQ4ZkTffUMSKe6xnKxmufDVhIFgNJOZxL2SVsxbrubdq,user,0,1984-04-11,076140279,"Rotonda Gioachino, 781 Piano 9",Marianopoli,PC,45015,2025-07-03 10:22:29
1784,Ernesto,Trobbiani,vcarnera@example.com,$2b$12$HWfcgtXMEasHFVD6s02rcOM7HukHNS0oL9o2ZCcT/4tQS0aKUIEq6,user,0,2006-12-16,3793382764,"Vicolo Piero, 86 Piano 6",Maglie,CO,10126,2025-09-24 00:14:53
1785,Bruno,Anichini,loretta91@example.org,$2b$12$LtRUpU1pyDaNwcj1uTE.2eMeP/isEzisZuRtP6h0dXh3YTlLoIMZm,user,0,1954-10-12,37018414393,"Incrocio Bernardo, 81 Piano 6",Savoniero,FC,30023,2025-05-01 04:38:16
1786,Donna,Morgagni,antonio00@example.org,$2b$12$JPvxIWlwGEdoQJt5bNpxVeBh4Y.j69x3IchYTFnHJTk6GCCv3AoYi,user,0,1957-05-27,+39 058859566,"Borgo Celentano, 93 Appartamento 4",Casalazara,SU,46032,2025-07-03 03:09:36
1787,Laura,Tamburi,rossana14@example.org,$2b$12$WLzfSf.7zm1JqBPeQVCKOOl3XtUuynXQTPtgbhTCAK8GWDbQD80Aa,user,0,1984-11-29,+39 0376549307,"Borgo Gabriella, 29",Acquarica Del Capo,IS,56023,2025-01-16 22:43:56
1788,Silvestro,Napolitano,montaltiadamo@example.com,$2b$12$qDpDHPmeZagAReKX1K3SmeeJ5O3KhXAR2YPjOJryvAoAoZujgpZta,user,0,1985-12-06,+39 351009203,"Via Cutuli, 84",Monteparano,VE,85023,2025-08-21 12:40:02
1789,Ippazio,Busoni,zairamocenigo@example.org,$2b$12$4AvqLsB8Sh8gyvRwLAYscOaAhmmRHcYVByFJ.vubZJI9T0o8MRUwW,user,0,1945-01-23,0775452389,"Strada Rosaria, 79 Appartamento 58",Artena,RI,45038,2025-07-17 07:41:50
1790,Adamo,Busoni,adrianolussu@example.org,$2b$12$YRJTk7ITbKN1JS8LjNBcKO1wGRXh7zrsKrFHUB/Qa5wxaXWK9o5k2,user,0,2003-02-28,088230820,"Rotonda Alessia, 23",Civitella Alfedena,OR,40048,2025-10-27 16:01:21
1791,Adriano,Cattaneo,biagio96@example.com,$2b$12$fXmhonfMGjRXh/8vfkEZX.Hrt5gukakJpFZaz59hJoUHocyXyOtL2,user,0,1945-07-08,+39 3384547512,"Incrocio Adamo, 53",Enemonzo,FG,36024,2025-05-12 00:49:41
1792,Bernardo,Bellucci,ubaldo43@example.com,$2b$12$9uhcAuE4n4cnGzbhjuPYWeV//GvobxzoTWJwlYAxo4zW7bikMerhe,user,0,1963-01-11,3475855089,"Stretto Rosa, 81",Schabs,VE,28076,2025-06-19 13:15:41
1793,Adriano,Grimani,tomasinifernanda@example.org,$2b$12$4RHJeNCCOtufDTkl71wzM.HaDc7i3cDnLi7EEibD.1WxVNEDHVgFq,user,0,2006-07-27,+39 0429986240,"Rotonda Bandello, 266",Longa,SI,24020,2025-01-04 12:48:31
1794,Ciro,Bertoli,annunziata53@example.net,$2b$12$03V6hPBC.jbRntMf00zFJOSrODMzDESEgHHdU27Ewa.bxbFnqTXeW,user,0,1979-04-21,+39 03439194862,"Vicolo Rembrandt, 24",Ghiare Di Berceto,CN,85053,2025-04-26 23:10:48
1795,Eraldo,Trombetta,geracimarco@example.net,$2b$12$xlDVpdlT/HnVHlgjYOyihecA.5y6SDLj5NDR64MG5jSj5ngHTVVv2,user,0,1981-06-07,+39 0165341962,"Strada Tasso, 69 Appartamento 13",Linosa,KR,19133,2025-02-26 14:07:48
1796,Donatello,Donarelli,durantebartoli@example.com,$2b$12$FxfYhYverAamG853KkbRrOO4EwpjI/WscBhJKpAk9blxKzhhrmSD.,user,0,1963-08-17,35108309239,"Incrocio Missoni, 175 Piano 4",Pesche,AL,30175,2025-08-10 21:31:21
1797,Marta,Ceschi,lisatrincavelli@example.org,$2b$12$0A.dJX51E8/HH/Q114Ug3OPSxVr.iwn47vYZ40GwnuzlOjkQPFlGS,user,0,1980-07-07,378067798,"Contrada Cabibbo, 4",Birchabruck,PI,36031,2025-01-07 10:36:30
1798,Lando,Miniati,gelsominafalier@example.net,$2b$12$jCTYROp7QLzGlDL6sWqweuMp9c50ITeSmZSSZ30hiaWWwo1BONf.y,user,0,1969-10-02,345106622,"Strada Greca, 948 Piano 7",Sinigo,SO,23879,2025-09-16 12:06:29
1799,Alderano,Baresi,bixiocalogero@example.com,$2b$12$bJA2NNg9pZ8ar.ItH0tt8eSwEMgsuFOSlpXuCUhAvLTA4TcLt1YsW,user,0,1981-11-05,0141974232,"Rotonda Guido, 5",Albavilla,PC,20862,2025-01-18 06:47:08
1800,Dolores,Zaccagnini,wboccioni@example.org,$2b$12$1FBQsHZULrSVKYlwUtqPI.TOfKT1qdkhO1JylXpEgdMFKTANliQzq,user,0,2001-12-03,+39 378023503,"Via Chiesa, 778",Capalbio,LC,07032,2025-05-17 15:06:54
1801,Giulietta,Salata,pucciobonatti@example.org,$2b$12$l6Fnl9tfUnFffmS5BwTGKu0kS58ChyA6sP9M6iEnH8GhT5S3lSZW.,user,0,2004-09-25,+39 01598476322,"Rotonda Daniele, 32",Lucignano D'Arbia,PZ,43049,2025-11-18 16:45:04
1802,Clelia,Tolentino,sebastianobenigni@example.net,$2b$12$lnb8VbZ2mR5EvGaBZGH5Luq3lrfi62P6shTyQZA8SD/b9nHKWIkl6,user,0,1966-05-07,382390700,"Borgo Maura, 154 Piano 0",Fiera Di Primiero,NU,33083,2025-08-07 07:08:08
1803,Romolo,Guicciardini,ninetta05@example.org,$2b$12$M3cmlkpUh1RJP/YpHd0Lu.YCAKv/YRr9qn4McJk.UMU2EmJu4OPSq,user,0,1976-07-24,083526672,"Stretto Adelasia, 74",Torrechiara,TS,28040,2025-06-30 01:34:52
1804,Fiorenzo,Mantegna,romanatrotta@example.org,$2b$12$0KwVYFt2EgKRgvcwo1bu3uv14hUl0rfbFMARN/Q5nJMS7UWu6xWJS,user,0,1980-10-13,+39 0471537648,"Incrocio Moneta, 52 Piano 8",Villanova Di San Daniele,KR,52037,2025-09-19 02:45:30
1805,Chiara,Conte,veronica71@example.net,$2b$12$JUgGrEj.eEQyOwuiPIADUe7mNeXNcosCsojvkw7WTOrFgzBHTGCuO,user,0,1967-03-24,+39 0584164856,"Canale Ajello, 557",Roccaranieri,MT,67030,2025-05-11 06:29:28
1806,Adriana,Renier,lina01@example.org,$2b$12$rTOiR/TOv38uCOBl2yNFO.NHT9iOCBur9.v/NyKxqOlvI3IZmPoPq,user,0,1973-11-28,+39 04210787674,"Viale Govoni, 86 Piano 9",Macerone,IS,36046,2025-01-06 13:12:22
1807,Ippazio,Nicolucci,zgaleati@example.org,$2b$12$pb7JjTt5YMYtTjKIYE.rwOLy0wsKaXqFnajZkbo6lAFFuOSfU8.qG,user,0,1965-01-14,+39 3805741759,"Stretto Coppola, 82 Piano 2",Santopadre,SU,93017,2025-11-04 21:14:48
1808,Ciro,Broggini,salvatore68@example.net,$2b$12$hUUzrJBA0PKEOFfZvPI6p.BVPNmHTomVhjmlXcWD6aQQ2i9Wb59OO,user,0,1971-06-12,+39 0455401207,"Strada Virgilio, 385 Appartamento 40",Rometta Marea,OR,71043,2025-01-31 09:59:42
1809,Delfino,Borroni,raffaellino26@example.net,$2b$12$aprSBSYyG/bJ1ADK3/OADu/b8yCKVIwFNWK1.NjWSwmueRWXdw8J2,user,0,1985-07-06,043492572,"Canale Dalla, 1 Piano 0",Sovico,SS,55061,2025-05-14 03:13:57
1810,Mariano,Iannelli,amaliacagnin@example.com,$2b$12$gdOxUQOVhqryNqwEYRsdHeY7kr95lt7zqB9CdD3wFURVebcbMj/.y,user,0,1991-08-30,+39 338983453,"Borgo Priscilla, 63",Torri Di Quartesolo,NA,75023,2025-11-17 04:12:52
1811,Daria,Detti,rosa19@example.org,$2b$12$puqn92siY0IYjVp97A3NlOlVcabPwe0A0foudJFhNEwDCddbES48S,user,0,1969-03-07,+39 3711456589,"Stretto Detti, 19",Cannizzaro,MC,46028,2025-03-06 00:30:42
1812,Gioffre,Duse,valerio12@example.org,$2b$12$Iola.SXVmjZFdgI57GfuveSz7CDCKOGAXatnYJtuCmkMmlry0Ld1a,user,0,1946-03-10,+39 03717579743,"Piazza Nicoletta, 35 Appartamento 69",Daverio,CS,92019,2025-10-04 09:33:53
1813,Silvio,Amaldi,pmaggioli@example.net,$2b$12$pM1Oz8JatRN9ZpB2D.SApu0hvpOdl2jVTJ1yh./Cy7ikGNncVvgpy,user,0,1993-02-18,+39 042150844,"Rotonda Giovanni, 39",Sticciano Stazione,VA,16045,2025-11-05 18:47:21
1814,Gemma,Stucchi,jacopocaracciolo@example.org,$2b$12$XXdhaemDT4PCW3J0qsdw3.APG2MjYilaFmDN7Tenwee7RbyOp62wu,user,0,1955-06-16,+39 393226759,"Rotonda Gabbana, 9 Piano 1",Figline Vegliaturo,SP,40055,2025-10-03 21:39:56
1815,Salvi,Renault,viridianapellegrini@example.net,$2b$12$KaeeJhHclqEo7rj03yw0veCOjCVjnJgPSXDOnnlebAEN5QCeSlHW6,user,0,2001-06-29,+39 38989359167,"Stretto Guglielmi, 1 Piano 5",Karersee,PG,87020,2025-11-19 04:26:05
1816,Gianpietro,Boiardo,bosioenzo@example.net,$2b$12$sHu2BLyydvRcEh6Ut4ggauUx2/0GnFu2JoWCtNBbKlB8Xnf0GggWq,user,0,1978-10-10,+39 04217173173,"Strada Caruso, 96",San Zeno Naviglio,LU,63846,2025-11-07 10:07:53
1817,Pina,Aloisio,spadaforanatalia@example.com,$2b$12$PpPOAelMZYt3HPLdojT79unWDFDOJivVEO3sYpu2ZLeCxpHzDGXCy,user,0,1997-02-08,+39 05756348271,"Rotonda Camillo, 72 Appartamento 12",Pastorano,TA,47841,2025-11-10 08:49:40
1818,Damiano,Cattaneo,gianlucacainero@example.org,$2b$12$M/ojilJx7iDK3lRP.6XaYu/XrYnkrajhxFU35jE71/QKpp1qenixG,user,0,1981-09-11,+39 071418536,"Via Annamaria, 5 Piano 5",Scandolara Ripa D'Oglio,ME,23891,2025-01-01 23:12:46
1819,Raffaele,Guglielmi,gtomasini@example.net,$2b$12$7lJv5boQkUv9zZFuevebh.lEEBAkm8e4F0oqx7fzDvYYAAxJfF/7i,user,0,1979-03-25,3509549029,"Stretto Cesaroni, 36",Perugia Stazione,FG,10022,2025-11-10 16:40:48
1820,Sylvia,Pucci,abatantuonopriscilla@example.org,$2b$12$gOIOZwKGJ9I6kLb0JMrBOOjBuslVEAvoQZfmp6JoG7DaNaPaVxham,user,0,1969-04-05,3227535681,"Stretto Petrocelli, 1 Appartamento 1",Turate,PG,12051,2025-11-15 12:38:16
1821,Puccio,Cabrini,sandravigorelli@example.org,$2b$12$HvuR8UVjvkujv9UV.Ov6ledUG6TItS9Q2zgkk.bJZMGGyvCVjjZs.,user,0,2005-09-09,+39 341155104,"Contrada Mauro, 81 Piano 3",Isola Della Scala,LO,27019,2025-08-06 00:15:02
1822,Martina,Costanzi,ugolino08@example.com,$2b$12$12J70IqPA69kukZn6S8Cpe7fOUmicWwlnDH7nKg0Ovj5QH5NFxtwC,user,0,1989-11-28,+39 05036786165,"Canale Branciforte, 75",Colugna,PR,65019,2025-09-23 21:43:18
1823,Orlando,Federico,pasquale57@example.org,$2b$12$UDU9pEr2hzWXgFlTN/u3fen4zmOY/vbOIqKosQdlMolHM088it4RG,user,0,1991-12-17,+39 323987114,"Piazza Saffi, 44",Controguerra,AO,63815,2025-03-15 18:39:19
1824,Liliana,Traetta,tpolesel@example.net,$2b$12$nL2LMl5ljZdOngpFeYoTmennJ4YxBe7FqzSIQW8VLLAuTksULkcv.,user,0,1964-11-09,+39 3418968788,"Borgo Vanessa, 691 Appartamento 34",Tiridduli,SO,17025,2025-05-09 22:10:48
1825,Enzo,Guarato,simonetta69@example.org,$2b$12$VWLO.vxDMorxjl6WS/50OOzZGaEYFnSiDhH5pLFctFa1RLjyxWZpi,user,0,1961-11-07,333005215,"Viale Fischetti, 51 Piano 0",Monzuno,MT,90047,2025-08-25 07:14:36
1826,Ninetta,Crispi,pasqualbotticelli@example.net,$2b$12$KMycBTWn8aDklNPGLsaV0uN45x/sbqJ281jj.XeaeUnyBDUVANiCO,user,0,2004-08-19,35206119529,"Vicolo Giancarlo, 30",Frassinetto,AO,18037,2025-09-09 11:46:16
1827,Victoria,Bossi,ivenier@example.org,$2b$12$iK1saWhAJlKCK9pd5hpSOubGp1WT7af7aakorR.JRFb6N.MGnftd2,user,0,2003-03-09,0404718830,"Contrada Travia, 665",Rubano,NU,03044,2025-03-01 07:23:17
1828,Fabrizio,Fibonacci,xmascagni@example.net,$2b$12$R.mxu4jrfFBarxv/3WY3ku/dNYVPJX.ZybX4HsF3hnAIE1NtfuBKm,user,0,1950-01-16,+39 0574347368,"Incrocio Nanni, 55 Piano 0",Stigliano,SU,73042,2025-01-24 00:31:47
1829,Luciano,Boitani,cassandra42@example.com,$2b$12$nKvvc1WLI1idJHMYOfuh5O0iwykv1V1PgsX.3EPuoNw9cejVFFob6,user,0,1953-12-24,37808103960,"Vicolo Pagnotto, 58 Appartamento 0",Loreto Stazione,AO,67038,2025-01-29 13:56:12
1830,Gianmarco,Fiorucci,rodolfoconte@example.net,$2b$12$sywwfiyaDTWcKedO6AfPteBCcqpX4Y.eQivY/qLTdLx0TMm9Twnrm,user,0,1940-11-06,+39 018457593,"Vicolo Granatelli, 1",San Martino Valle Caudina,TR,05011,2025-06-02 02:59:23
1831,Nedda,Silvestri,fcamilleri@example.org,$2b$12$Sl4K6oW4wuzq3/Rcrd55GOXwHspJSRadMw409oUjhnr7FMzjF2ope,user,0,1955-03-03,376067819,"Rotonda Cocci, 49",Ururi,SU,80011,2025-02-13 06:18:13
1832,Franco,Borghese,ginobergoglio@example.com,$2b$12$o20y7v66E165xvvaO2yCx.W1POVrhoc2icEfGg8A5aJ3fL30Ku8Mm,user,0,1945-03-08,3311471210,"Borgo Mannoia, 698",Gaggio,PR,90141,2025-03-12 13:17:55
1833,Lilla,Palmisano,fiorenzomontalti@example.com,$2b$12$ACexuKVcTtcOYtEJa1wxw.uAX1RJNIyXdc2C3oSQN.UbBegJ5CWKS,user,0,1974-02-16,+39 0577478820,"Strada Edoardo, 49 Appartamento 15",Ca' Pasquali,SP,17051,2025-11-18 11:45:52
1834,Nico,Gregorio,eliguori@example.net,$2b$12$7vArPHKRbdra3eyPZ3UBn.v1suL/BJ8uvOD6bGtdAaIffuuzizLaK,user,0,1975-01-29,+39 043448131,"Viale Laureano, 83",Grontardo,TN,00137,2025-07-02 22:44:35
1835,Alessio,Orsini,fausto45@example.com,$2b$12$tL.beayZmGTzDGBDJRsl5uLz2qOor/cClC8xeR82WMrsVHd15SIum,user,0,2002-05-20,+39 3770564672,"Incrocio Giacobbe, 53",Riace,GO,10067,2025-06-16 13:46:10
1836,Dina,Montanelli,wmanolesso@example.org,$2b$12$WVLxCeeqAee57FlYTjZ1uuYXbH0HceP4BoKh/wPNLCz45W4NnwAxK,user,0,1962-03-28,+39 0774239909,"Borgo Tropea, 50",Casarsa Della Delizia,VA,38028,2025-09-11 18:57:52
1837,Mauro,Varano,giuseppinabixio@example.org,$2b$12$PSpUTitjSeVYjaseQfKW3uheQPw5CbkR.muOt0bHtrp4AVaG7Z6/a,user,0,1955-01-27,+39 0855396682,"Strada Samele, 6 Piano 9",Paderno Dugnano,BZ,80135,2025-02-10 08:54:03
1838,Vincentio,Baracca,luchinotasso@example.org,$2b$12$DLDjiT6iahtDJdeaEw/.5uxxZEL4oApeyspk6bbRejxOPA/9zCgxC,user,0,2002-12-16,0585971724,"Borgo Giorgia, 795",Poggio Perugino,VT,74022,2025-10-13 00:10:16
1839,Pierangelo,Zito,zceci@example.org,$2b$12$pvMWIMmzK65ssCzFtn6oDOgJbeixFon7LLudSxdIg4VxCeo5wuSQ6,user,0,1999-12-12,011650615,"Vicolo Russo, 537",Bagnolo In Piano,RM,14039,2025-01-17 04:33:19
1840,Irma,Tasca,marcantoniomoretti@example.com,$2b$12$K4/Hx8EMC/4qbYkFF4f6kO9m0BMXSwoVFRyxvrm2gDmlMEXH6nh6u,user,0,1965-02-17,3756250192,"Canale Aporti, 92",Alice Castello,LC,30171,2025-02-16 05:55:35
1841,Silvia,Migliaccio,nbarberini@example.com,$2b$12$KEwXjUh.NiBroJd6V/fiLePCaFpVSkBYBk536Rcc3qzZ8hwkFrV02,user,0,1961-09-18,+39 381506378,"Viale Novaro, 62",Oberrasen,FM,51100,2025-05-28 07:12:06
1842,Virginia,Puccini,alphonstresoldi@example.net,$2b$12$PU8JMH8zXtkDBtYlmx9ut.qScRPMYoY3Jp8VuktMokjj7oaOs7mZe,user,0,1980-06-10,3515204372,"Contrada Cainero, 17",San Lazzaro,TA,25087,2025-07-08 20:10:01
1843,Marissa,Amato,giansoranzo@example.com,$2b$12$uhn/zrLWHMqdcV.EPL1nSO6dGfoiaNm6qLcFdKR8oqQYD3y5VQJcm,user,0,2000-11-19,086202882,"Vicolo Pastine, 65 Appartamento 9",Vezzano,MO,73033,2025-08-03 00:12:15
1844,Ettore,Castiglione,alberto25@example.net,$2b$12$CxL2uvZ9vyaPdfPEvMSodOPuBWa5wnnRQfloT94n3KSNzeP1ENTCC,user,0,1942-05-24,3793690688,"Canale Campano, 46",Briona,AG,76014,2025-08-13 17:42:37
1845,Pierpaolo,Sagredo,victoriasorrentino@example.net,$2b$12$G1rP.zFLajUCoisFIfBwse/Mx/h9pOTWnRY8ukdmEGywL48808MvW,user,0,1979-12-16,0566873875,"Viale Baggio, 13 Piano 0",Gaida,RG,26821,2025-08-12 01:17:13
1846,Ottone,Gangemi,bettina35@example.org,$2b$12$MpFibGRnp5.i1cJiWfmnrejHPKyAJW0r6I/bwLFwmbK/Vlx4UgJ9.,user,0,1962-01-04,32069026493,"Rotonda Renata, 696 Appartamento 65",Crociara,AG,24058,2025-03-09 08:03:48
1847,Fortunata,Giannini,palmisanomonica@example.com,$2b$12$C5pt0E3m.qAC.iafVdIH.uUOnPnSNhAOkNL2cr65dTsFDH0bxxweq,user,0,1970-12-20,0365448132,"Canale Antelami, 221 Piano 3",Cava,PG,11016,2025-04-23 10:27:34
1848,Raffaello,Saffi,darioguinizzelli@example.com,$2b$12$zcB91btONGTKVAfRUilGoed.2McJhlCnrlvSh6RdLj5Wt5M.1ESum,user,0,1979-05-12,+39 3756448164,"Borgo Pellegrini, 1",Valduga,LO,28845,2025-04-07 14:24:13
1849,Rossana,Camilleri,matilda80@example.com,$2b$12$2zZ2udakryUMVnlaPiX2MuDRHgpSrfE5Zzgsx1thWJQrYAR2gccbG,user,0,1987-01-08,043810973,"Contrada Enzo, 491",Vestigne',VR,35048,2025-07-05 13:38:26
1850,Cecilia,Viviani,hgabrieli@example.com,$2b$12$5W0k.JJkU5DMiGl5QpSTjO14X7PCCnTMrGSeo17DoOz5UA0GBEVfa,user,0,1992-02-24,39013117019,"Canale Giolitti, 73 Piano 7",Masainas,BI,85048,2025-01-03 23:59:59
1851,Dionigi,Carli,icasagrande@example.net,$2b$12$RMaxBRgr5haeYIYO8WdL8uzx1PAfAfJYbo46qCJB9f/gIdpYjHFFm,user,0,1977-12-30,+39 0438682458,"Viale Rossetti, 3 Appartamento 3",Benestare,AN,39042,2025-11-06 05:35:31
1852,Imelda,Bocelli,ccamiscione@example.org,$2b$12$4QE3GR0vP26UFzUU7GxyMuiSIBT97yetw9SuYLcjjerWRBwzJwLKG,user,0,1973-04-13,0750990824,"Vicolo Cristina, 88",Segonzano,SO,06122,2025-03-19 22:16:20
1853,Gianluigi,Bosurgi,stella02@example.org,$2b$12$hHQGT752f4RwUdYfPKRx5.ylZ6sgCY5kOxO01T15GUu8m8Oxgy/aK,user,0,1975-09-28,+39 337916145,"Via Russo, 52",Malva,BZ,13863,2025-07-15 04:32:53
1854,Adelasia,Altera,guarinosagese@example.com,$2b$12$iebEaPxAnWa1cr.UMv0TquTaBI3BjFRzmGh3NMFB03NKlj/8aGibG,user,0,1994-06-28,+39 03641012583,"Incrocio Zaguri, 6",Montallegro,AQ,00135,2025-01-09 08:40:59
1855,Irma,Donarelli,reggebeppe@example.org,$2b$12$dSgE.ezZl9tjNmbGqLgs..AThmsLoVt8xwA3h2wVgNdqQSMN1HlKu,user,0,1978-06-09,381558830,"Canale Longhena, 277 Appartamento 86",Casertavecchia,LE,46010,2025-02-28 15:57:50
1856,Orlando,Palazzo,melissafrescobaldi@example.net,$2b$12$ftRr1pXto8.8IipT2r/Z3.1cJ28gtkMwRUIkkVXfucX5pWmN.rwNC,user,0,1953-11-12,01508388177,"Stretto Graziano, 94 Piano 9",Spezzano Albanese,TN,00146,2025-06-13 16:54:15
1857,Domenico,Casaleggio,simone88@example.com,$2b$12$rY7LQN.YAKrDadHDUZ6gm.3M73wBrzvYtJf85kSd83NUAPSjRFEK.,user,0,1942-01-07,+39 08845929023,"Strada Domenico, 882",Crocemosso,RO,28851,2025-06-17 15:18:01
1858,Adriana,Aporti,zgigli@example.org,$2b$12$z9llrveZXfWxHnC3OAvkjefMDET6bt8IML45MGO4aL72sS8aYaeFu,user,0,1990-01-02,+39 08232320000,"Stretto Gaspare, 79",Bahnho,IM,31051,2025-04-14 11:49:56
1859,Gionata,Canali,xcalvo@example.org,$2b$12$pqgE.nelw5o/8o2cx2M61O0bzCZwWqoXDj916BVvfaoMDnhTi3Kd.,user,0,1983-04-29,33143187389,"Viale Puccio, 3 Piano 9",Cerageto,LT,87051,2025-04-02 23:07:23
1860,Olga,Mozart,enrico22@example.net,$2b$12$vLqeUNAfaZBX9GdhGVdFzeXOzu.1oNbbol/eNcHk.jg3EF1112lAm,user,0,1953-04-07,33116572252,"Strada Brambilla, 639 Appartamento 37",Villanovetta,TV,16147,2025-08-08 11:19:53
1861,Alessandro,Marconi,puccinibartolomeo@example.com,$2b$12$xcxa0hx6rMnegAvMzvBlZOC1VKUUd0yBMhA.SFJCcf2tOt3BypGLW,user,0,1995-01-23,3500020956,"Viale Paolucci, 30 Appartamento 4",Pioppe Di Salvaro,BG,70020,2025-05-19 06:45:25
1862,Dina,Basso,obrenna@example.com,$2b$12$s2w2a2CvHmJyNqDpxmt.BeB2KQqbjA95dL5nvcSic9cHHHui/o4Mq,user,0,1996-05-11,0541483536,"Vicolo Peranda, 251 Appartamento 20",Volpiano,RN,04015,2025-01-30 02:05:52
1863,Rosina,Serraglio,carusoalberto@example.net,$2b$12$FwnLeerWb4AwN08X2DxSveBqxhxXM31DhftFhDBY7fWmxKsFbjUNa,user,0,1960-07-01,+39 3713107458,"Vicolo Monica, 5",Fontanafredda,BA,46044,2025-06-24 06:02:49
1864,Vincenzo,Finotto,costanzoborroni@example.org,$2b$12$M5MeeI6cZl51/5EkPj45WOPAycFXtYebY4JKgijmM2oaf85XfROMa,user,0,1943-09-17,37938180853,"Stretto Coluccio, 4",Arigliano,RN,98136,2025-08-10 22:47:55
1865,Calcedonio,Filippini,cristinamarconi@example.org,$2b$12$hDFlec/DKmn70TQC9nhK9.o3Uzq2qdLzvY5ucMF7tbXtFzl42f0lC,user,0,1944-05-03,3442672331,"Piazza Abba, 490 Piano 9",Torrepaduli,SP,81039,2025-04-27 17:35:53
1866,Ruggero,Bodoni,ninetta95@example.org,$2b$12$hROhKlW9xL3WO9SKouomkObzBvldG6btPdppu4zLfpOjfEL.BW0Tm,user,0,1999-02-21,+39 0588996791,"Via Modigliani, 744 Piano 8",Vigolo Marchese,CZ,67035,2025-06-11 16:26:23
1867,Fabrizio,Zanichelli,curciadriana@example.com,$2b$12$c5uJNzVf0MsWYmN.pEMzJeb7SPJblGH6QQJjv/.tMTnHDi5HoscL2,user,0,1980-08-06,37802308199,"Vicolo Fortunata, 40 Piano 7",Roccaromana,AQ,46035,2025-01-11 00:34:45
1868,Sandra,Venier,tonibernetti@example.com,$2b$12$U.Nn.6BD5KiVAlKcX/FgpuPpNSyworm0mssAo7S1ce1t3XDRcAT8y,user,0,1994-04-12,+39 3703645850,"Vicolo Chigi, 35 Appartamento 3",Palazzo San Gervasio,VT,00059,2025-04-14 12:06:14
1869,Beppe,Cianciolo,tomeidurante@example.org,$2b$12$UusWYtVGtVhg9M78AGnQTuK3V8gnMHS6mcFklkUFG81wpF.QuzG6e,user,0,1982-03-08,+39 0373593671,"Piazza Roth, 0 Piano 6",Palestro,FG,26045,2025-02-25 15:29:02
1870,Aldo,Mantegazza,berrenicoletta@example.net,$2b$12$KnjS0FQLlrhN.JHOoLHlk.7bynoPayO2U0gwIrOrKnI3eMUBVeG3i,user,0,1951-11-28,+39 370162755,"Stretto Antonina, 250 Appartamento 3",Surano,SS,37026,2025-05-04 16:06:38
1871,Liberto,Caracciolo,giosue38@example.com,$2b$12$51AtTDL4wSDHEFcCAelh9.X8e49Muh/5aHGegID551smrFeMg55aq,user,0,1983-08-20,37573664445,"Strada Verga, 15 Piano 9",Titignano,CA,82036,2025-11-25 10:55:17
1872,Matilda,Magrassi,benedettoschiavone@example.org,$2b$12$Gdho2JT2PktOcezjsE0Ux.waVfw3fGGhZi.0eHlRBsgz9NxdUk7UO,user,0,1980-08-01,+39 379138141,"Borgo Tiziano, 11",Bardello,IM,29028,2025-04-04 12:56:58
1873,Marina,Ravaglioli,monica74@example.com,$2b$12$GLLg7bSHuEvQcKb2Q4RQOuZvR8yqQMT9xxyNecVG6.49g7CuSIMkK,user,0,1945-11-20,3510924671,"Incrocio Renault, 657 Appartamento 7",Raldon,MT,67049,2025-04-25 21:33:06
1874,Raffaello,Barese,bettinatreves@example.org,$2b$12$DXmKcz/DdqEBieKPgnZRBuZ8KHLfAEy2j4vhig8m7cHSCjueNZzsq,user,0,1940-06-01,+39 0732739176,"Incrocio Costalonga, 7 Piano 3",Lestizza,VV,32013,2025-08-25 19:09:04
1875,Beatrice,Albertini,ifilippini@example.net,$2b$12$RfaeQvlmcfgfAxQbXnI4CeBm272jDwGyy/BW2PRl.eM03oq6S/vqq,user,0,1940-08-26,+39 0571235222,"Borgo Zito, 1",Minucciano,CH,17053,2025-09-10 08:29:24
1876,Ottone,Boiardo,fogazzarogiampaolo@example.net,$2b$12$4mZgRk5iNOYUs2gZWiOsauBDgjS6dw1P3lfm31n3OxokSdPeOTWkG,user,0,1952-01-04,093475807,"Piazza Maria, 73 Appartamento 7",Eores,SS,61011,2025-08-01 03:49:36
1877,Pierpaolo,Rossetti,michelecipolla@example.com,$2b$12$y3TvYXZIy84AVJGan3Xgy.k5QUWXRk3BXoiCkKxLy6qlQyHYylzxy,user,0,1960-07-17,+39 04267301780,"Canale Corradi, 26 Appartamento 45",San Ferdinando Di Puglia,MS,34132,2025-05-22 10:00:00
1878,Cipriano,Cimarosa,bernardigioele@example.com,$2b$12$aqZ0Rp6wW7X03rZ5511IdOl/jUdg2R8qgp0AIiVFeRmGy50Th.bwe,user,0,1979-02-13,+39 0922694978,"Vicolo Ludovica, 965 Piano 2",Verbicaro,UD,75029,2025-05-27 13:08:55
1879,Rossana,Orlando,imalacarne@example.com,$2b$12$zvrcdyX2hFJY6hh6WMxvdu/N12JrqagJ0dkQdfXnXh3aPFfo5WGeK,user,0,1982-01-16,079503709,"Rotonda Vittadello, 55 Piano 3",Montelupo Fiorentino,EN,86037,2025-03-19 01:32:43
1880,Paola,Bragaglia,saliericamillo@example.net,$2b$12$Zi9gVU5ByWX8s27Ex.opae8pkaNU/SyJbbV7hYJC0Wnz7GK7lL.Ee,user,0,1950-05-28,3515811691,"Incrocio Giancarlo, 182",Belmonte In Sabina,CL,98144,2025-03-27 03:10:57
1881,Dolores,Bevilacqua,angelocostanzi@example.org,$2b$12$iPLhkE0dYNSf6NqFQLknJOw.uvjrN1P0MG4CG2ST7AlRjw9FAUvoC,user,0,1950-01-01,3914249539,"Piazza Santoro, 56 Appartamento 85",Orbetello Stazione,RO,98059,2025-05-27 10:43:46
1882,Marina,Gianvecchio,dolorestiepolo@example.com,$2b$12$/6i4HjocZ2dliJc0t4oQWOCU8QAGEMCyWqpaYBoD2pG.XbqbdG6jG,user,0,1954-05-07,035897504,"Contrada Giovanna, 934 Piano 1",Mantignana,SV,20146,2025-04-28 00:57:53
1883,Ludovica,Iannotti,piero32@example.org,$2b$12$3HcceSbL/TUeYOUcxV7.peN4andqBYDTVcFKE21aoFZF2HXSW0Oca,user,0,2001-03-10,+39 05219604593,"Incrocio Norbiato, 6 Piano 4",Mugnano Di Napoli,GR,70023,2025-01-07 17:26:34
1884,Alina,Castioni,rosinacaruso@example.net,$2b$12$WsItQbLKu4plnosX5Mub/.6SUWFZx3CRcQ5m0eLf1PKhg4DU55t5q,user,0,1974-09-29,+39 3501894337,"Incrocio Panatta, 38",Carpinello,SP,73058,2025-05-20 13:52:57
1885,Pasquale,Saffi,dberlusconi@example.com,$2b$12$ragT2g5/UWrDCem.j07i2uRbcA9voAe81ng.3rlDCETitzcr.ALjC,user,0,1959-10-25,3203230427,"Piazza Paolo, 0",Terruggia,NA,32028,2025-04-22 07:42:01
1886,Ermes,Giradello,cipriano53@example.net,$2b$12$dzz4XU4pW/gkHS2xqAV4L.X5c9sJtS8.2fK9c4CgKwqTM7XsCgLz.,user,0,1952-09-17,+39 33116028388,"Rotonda Gustavo, 3",Marzamemi,AV,72019,2025-05-13 21:02:10
1887,Lucio,Gabba,paolucciriccardo@example.com,$2b$12$6CrTPvuXhECL7l7dnpWBa.ftDB0rDQ2ha.4GvZogf1sZ9UYMC2lpG,user,0,1972-09-18,+39 3443966247,"Canale Bianca, 0 Piano 8",Fonte Nuova,CN,67048,2025-04-17 17:21:37
1888,Liberto,Bignami,qabbagnale@example.com,$2b$12$7sXT2kRMeuQk0/4319VoXug4tlyeFSki46OwCJJAfuGltcn7EMKea,user,0,2002-02-17,090284442,"Stretto Bragaglia, 8",Volturara Irpina,PT,25122,2025-02-09 00:00:27
1889,Francesco,Scamarcio,barzinirenata@example.org,$2b$12$cLwXo/USeH7/gYjtfXM/g.ZHO7JKu8IMFpID4DOL75CTVEjRd3yvq,user,0,1959-05-31,+39 3516651949,"Contrada Carpaccio, 47 Appartamento 3",Roviano,PE,14013,2025-04-25 16:48:40
1890,Telemaco,Zanichelli,ypedersoli@example.com,$2b$12$bIJk74b8wRdIWjWLdXG74e/EgIu8za/Rl3ySydLPnHI7DWCEo/3e.,user,0,1958-08-12,+39 37106166141,"Strada Marco, 0",Sant'Agapito Scalo,LU,88817,2025-11-23 06:00:50
1891,Martino,Cipolla,lillasoranzo@example.net,$2b$12$PRmfR4SwUfgnVwmRv8y/nODx.jK8pfNP5kRf7oFQ3rlnvxk5V02h2,user,0,1980-06-03,+39 088189851,"Incrocio Gaiatto, 3 Piano 4",Arona,BL,67024,2025-01-28 16:16:23
1892,Bianca,Polani,nvercelloni@example.org,$2b$12$1BnNNcv3glrCiVo/Akid/.SCrQRFmr8C/M/QZB6hiEKyy2vDPlJfa,user,0,1971-11-20,04712190768,"Viale Serafina, 8 Appartamento 6",Accettura,TN,36042,2025-10-29 10:30:22
1893,Gioele,Sibilia,domenico19@example.org,$2b$12$g.NoHPrvLH.ePfOGII5nx.7ydQ8A5uW1rB1g0mMO3OAFlsvD/NFEW,user,0,1993-04-15,337142061,"Viale Ammaniti, 249",Petralia Soprana,GO,63088,2025-05-01 01:30:59
1894,Arnulfo,Stein,piergiuseppe89@example.net,$2b$12$6qDQOIFPNjWU71FOo0/s.uQA..SipVnIS/ArGiAqQ9rlMMVXIxaQy,user,0,1940-11-19,+39 39151172240,"Contrada Martina, 84 Piano 5",Medelana,LI,38092,2025-09-28 17:40:09
1895,Fabio,Iannuzzi,barcellagaetano@example.org,$2b$12$/xB88hDcJsYB1xXq8iY7o.LUxVirFyZpu.21/3A1yxm8kG57HIvD.,user,0,1975-03-15,051678663,"Vicolo Cerquiglini, 5 Piano 3",Fonte Di Brescia,BO,24129,2025-05-04 03:40:51
1896,Elisa,Crespi,gionatatartini@example.com,$2b$12$x/RQlX9DQARh2sTeGmDJQeLhNN075Bzo.3tBG/1A3lfZqdZywpxmq,user,0,1954-03-14,361503386,"Viale Fittipaldi, 242",Fiumata,AG,70042,2025-03-03 17:55:33
1897,Corrado,Pellico,tirabassinicoletta@example.org,$2b$12$7n83IvH7N4tlKUiHArbsH.pHbAtgdJ4DeTpw81HhcY7GHhJ6Zi4G6,user,0,1990-08-20,3249233884,"Strada Bresciani, 529 Appartamento 67",Saracinesco,AP,15033,2025-07-26 09:30:37
1898,Paulina,Golino,galtarossaaurora@example.org,$2b$12$vg3VmzayPpvKCi3VkI0CCerQGkIDXO7RVNk8SSOdFfSlNtBgL.1ye,user,0,1940-06-14,0753181779,"Canale Aria, 37 Appartamento 31",Certaldo,AN,00182,2025-01-29 17:22:51
1899,Maria,Legnante,ndalla@example.org,$2b$12$SSudOOXY4r45JdwS1X7fKu48algl2YlHH6cP17AiDGyHRUroLNKoS,user,0,1995-12-31,+39 07740964473,"Via Fabia, 5",Fossalta Di Portogruaro,AL,74021,2025-08-15 22:02:56
1900,Hugo,Filangieri,ottavio02@example.org,$2b$12$hx7Uj2GoSC5UfMfWlyLMU.YquvzAAjGOpQmQ9ubp/B3JooEMrBYMe,user,0,1960-10-12,371154676,"Piazza Trevisan, 8",Cavaliere,RO,10042,2025-03-27 15:58:23
1901,Pompeo,Valier,zbertolucci@example.org,$2b$12$GoR2saIPu3hVQa53H7lH4.xEImHF52NGz1I2F12KjQmOy6tKdfEH6,user,0,1977-01-13,+39 05787468943,"Borgo Turchetta, 4 Appartamento 4",Scauri,CS,14034,2025-03-03 02:57:56
1902,Allegra,Murialdo,virginia14@example.net,$2b$12$qi6I7ZCQkt2tyfQKVR2.muhL0FpF06enxClKaCtqcGLj/K7bclzsC,user,0,1944-06-04,08112571445,"Rotonda Fabbri, 51",Vigliano Biellese,AO,91020,2025-06-18 14:40:18
1903,Fiorenzo,Ricci,pina36@example.com,$2b$12$/k.NDvI116glHuJMBiWH3OJZyrehg.WBXSHEG.SePC5smg0DsppcS,user,0,1959-06-30,+39 0161021325,"Canale Volta, 90 Appartamento 32",Airetta,PA,06021,2025-09-18 05:13:54
1904,Donna,Pausini,toniluria@example.org,$2b$12$WKJ.EnwXObk/nRM.4jSK4ewzK7bguq.XodHcbbSvPg.o6IrNy8MPO,user,0,1964-06-22,36264009028,"Contrada Oreste, 5",Zuccaro,AG,53014,2025-08-02 15:19:20
1905,Matteo,Fiorucci,flavia11@example.net,$2b$12$zMsFartaEzoOo0L0vE4NIukRkjlMmr5ygKUyODhwnITaraOTvVf4K,user,0,1950-03-30,3501098291,"Via Ennio, 293 Appartamento 82",Camporotondo Di Fiastrone,LE,56036,2025-10-11 20:26:14
1906,Gloria,Nolcini,calarcodolores@example.org,$2b$12$Wo/SU/mSFNFPHsXydY80e.u8UOSYjITjcWaT3SdhQwyJUDibQ0JyW,user,0,1982-08-24,0344114716,"Piazza Caterina, 19 Piano 3",Scilla,MB,29026,2025-10-21 09:09:01
1907,Irma,Chindamo,mogherinicassandra@example.net,$2b$12$BBj7pDJmeryuDgm2V2voDeP2AegT3JtxdRk.B0aHIMcHmDBDa/L0W,user,0,1958-12-05,+39 3820853177,"Vicolo Salieri, 7 Appartamento 30",Greccio,TP,10085,2025-04-07 04:27:11
1908,Donna,Pisacane,gino24@example.net,$2b$12$n79mznRkKDYvWWcRH8GEdexR.YMDMSKqXYpRHe4Gse92XYPdfmu4K,user,0,1989-12-07,07616766659,"Rotonda Marrone, 79",Corniglio,RN,41035,2025-02-24 04:08:54
1909,Pierina,Polani,giovanni36@example.org,$2b$12$a4KAfyeIElgpSIyu/ZQ.kuzNExj0GzSJg5z4L1jissILAUMb2y4.y,user,0,1986-03-07,333615122,"Contrada Orengo, 491",Montanaro,AR,40057,2025-08-04 11:47:10
1910,Marina,Sismondi,hmurri@example.com,$2b$12$zGJBhu5gm/p4MK.mbaTA6uf0ionRof8XwpByWcdWa1oMrEkIXvedG,user,0,1997-04-14,0163192820,"Stretto Camiscione, 62",Sinigo,GE,47835,2025-02-19 02:23:21
1911,Serena,Pietrangeli,fabio44@example.net,$2b$12$0P204KPXBp3fHyF3SOFvD.CS45RPaV3paI/i8cFi0h9JzfYle9XoG,user,0,1989-05-03,0737981330,"Rotonda Cerquiglini, 2 Appartamento 2",Busachi,VT,80063,2025-09-04 00:23:57
1912,Fortunata,Trezzini,comencinimatilda@example.org,$2b$12$0bT71NWO7/o2sQ8bq7oX/e/F1Q8zxo.rx1z6Pk8yUSWCML/m/H9Ni,user,0,1967-05-06,04914132347,"Vicolo Terragni, 50 Piano 6",Cisternino,SO,26011,2025-01-06 09:52:04
1913,Annalisa,Mantegna,livianosiglia@example.com,$2b$12$0mJHH3yrhmECdSxRx/aTBeF3LAD0gL1n2gRvMpRvx47KM5nk0vUMy,user,0,1981-06-27,+39 37735594669,"Incrocio Granatelli, 16 Piano 4",Malva,KR,20152,2025-08-01 23:08:56
1914,Liberto,Cossiga,xrismondo@example.org,$2b$12$pkwfDsmdyxw3Zi1vCZSjPu8g8AjuSyvmmJPeLA9Y6MaTbuR9q64/u,user,0,1986-11-18,3912763489,"Piazza Errani, 90 Piano 1",Farneto Di Lizzano,GE,37138,2025-08-04 04:07:41
1915,Goffredo,Scotto,piergiuseppeboito@example.net,$2b$12$u8w0l/4.L3h4uUuSNEqWKO4tXRAqn2Mg6.tabz7bjESpfl9xy9ZqW,user,0,1942-04-16,+39 37742980812,"Piazza Barcella, 69",Taceno,CS,95040,2025-06-24 07:33:51
1916,Guido,Brichese,franco01@example.org,$2b$12$XTnlOVaP.TR3qLpFPnNiCOsRkxwKt8K.0TLnOdHKDIeZzbY1xIQRa,user,0,1986-04-22,+39 38314974502,"Canale Eleanora, 410 Appartamento 47",Bivona,TO,80065,2025-07-05 07:14:21
1917,Gabriele,Calbo,floradruso@example.com,$2b$12$OzBi.fJk7N0eHSGFTS.S2OxbB8A9.N/Oq/mionyMu6VBkeQws802m,user,0,2001-01-30,+39 38192087639,"Via Serafina, 45",Roccarainola,VC,66020,2025-02-14 07:09:11
1918,Annamaria,Scarlatti,btebaldi@example.com,$2b$12$VVdQO.6dC6bW6U/qIUzGY.4pFMCbCBbepvBAQKYYzZlaVqpzjMmE6,user,0,2006-01-04,05741214670,"Vicolo Tiepolo, 287",Massanzago,BL,67034,2025-02-18 22:42:34
1919,Melina,Rapisardi,jbattisti@example.com,$2b$12$LYuwL8jP7qWI77ELxaOFU.TXX0Q.pIydU2NbghhA4si9h2r6dEx2.,user,0,1991-04-11,+39 085045739,"Contrada Piccio, 12 Appartamento 31",Sefro,TV,10135,2025-01-11 02:08:15
1920,Antonio,Turati,carolina04@example.com,$2b$12$bc5fEZbdlu7c.dZrrg6WDujlqYyMLObrF3AIIKZ.ISwcC4kS0bqiC,user,0,1959-05-30,+39 39324282580,"Viale Paoletti, 7 Piano 3",Castelmola,PR,59016,2025-05-13 02:29:20
1921,Giada,Bevilacqua,danieleplatini@example.net,$2b$12$vvDXEO0EhfNzbuus6a8qo.sy.iyosrP2jNKv4BcRdEOUd31OyCTCm,user,0,1945-09-18,39363122652,"Canale Edoardo, 22 Piano 4",Pessione,RI,75020,2025-05-31 09:31:33
1922,Elmo,Romagnoli,armando97@example.com,$2b$12$9L9M0uUsFtjsTU4/t.NCw.Z.wFhrtD62I5vy/lV9/uQBWLgZ26s5m,user,0,1945-03-06,+39 057801699,"Canale Scarfoglio, 447 Appartamento 64",Rocca Di Botte,FM,09018,2025-03-23 05:55:23
1923,Luca,Mazzocchi,emantegazza@example.net,$2b$12$Yyui8v54bfFLxICWR.JAv.I4ix8ld02P9DU/5tEGKFhR5RX74LMs6,user,0,1975-08-08,+39 0771241507,"Vicolo Carosone, 2",Saragnano,CB,59021,2025-01-15 08:55:49
1924,Alessandro,Salvo,paolagiacconi@example.org,$2b$12$x8M6nKPzmkh0IGqdVr0YvenDwROEEoPkkdOQFA0JejCn6QReDfbUi,user,0,1941-12-18,3509461476,"Incrocio Camilla, 636",Preta,SV,43051,2025-10-23 18:46:01
1925,Rosa,Detti,olga51@example.org,$2b$12$k4G2oJJnkRmNSqThK/9utemuf1/JE6638AemMV5uA5sdnhii2vzze,user,0,2004-08-29,+39 09610038692,"Via Vento, 39 Piano 9",Maserada Sul Piave,RA,19121,2025-07-21 17:24:40
1926,Vittorio,Viviani,germanatosto@example.net,$2b$12$a6H86nMj2.r8TMGjwfnsYO9SUCoN7kYOZujljQ3E0y0H06PUPsV4S,user,0,1994-04-01,073481569,"Via Casini, 53",San Donato Di Ninea,EN,25045,2025-06-14 08:04:07
1927,Camillo,Cherubini,pompeo15@example.org,$2b$12$YB7QykPFDtTw4wBP6qD.Je1obEg/znNVcEinsHbd7gSyeTvvNqmQu,user,0,1995-08-28,+39 03438332575,"Incrocio Ferdinando, 3",Selvaggio,AG,98072,2025-04-11 22:14:45
1928,Arnulfo,Bruscantini,smirnoffdiana@example.com,$2b$12$ib0lPgdMUbViadyH0iHSFOrR6kCT5YW9RrMlp6.6PzcX41BuQ9Lni,user,0,1952-02-18,+39 379178337,"Vicolo Gabriele, 9 Piano 1",Varano,LI,33057,2025-03-17 01:43:44
1929,Teresa,Pedersoli,valeriotognazzi@example.com,$2b$12$SCyCkfkrZbJ2RIjjk/Y9xOTjxxZE9JhCWIYYZMUHzOY1SCJexANLS,user,0,1945-02-17,03410373032,"Contrada Cicilia, 488",Vallo Torinese,CL,55060,2025-03-10 19:03:35
1930,Toni,Schiavone,guidonerodolfo@example.net,$2b$12$zxayGNApBlSvACvhS8bJke2QOFwJWpO7tcEy52e1xh/fQ4GQiVK2y,user,0,1955-03-11,3606603867,"Canale Cammarata, 44 Appartamento 4",Gorra,CH,74024,2025-05-28 11:51:37
1931,Benito,Vasari,cesarerossetti@example.org,$2b$12$/e5517N0iJ4G46MmtLql4eMz0ShZolyyG4lpmyAlNtDjEGFa7tesK,user,0,1953-04-19,09319597004,"Contrada Modiano, 23 Piano 9",Maggiora,TE,27026,2025-03-09 11:16:12
1932,Alessandra,Bocca,noscuro@example.net,$2b$12$3xam3SiYTNTGcAHO/.1W2uECBjPoZfNUnSztJzsTnjyp3pA/bCTCq,user,0,1941-12-25,07835585684,"Canale Ricciotti, 0",Niscemi,NO,15041,2025-03-01 18:31:28
1933,Costanzo,Branciforte,roccoabate@example.com,$2b$12$57NUmjsvA7WLnxi5FJleFexJfjOFtFsZEuejyNybwd/pXg3jtVIem,user,0,1952-11-21,+39 373659044,"Viale Carnera, 84 Appartamento 44",San Carlo D'Ascoli,PG,22033,2025-05-20 12:39:22
1934,Fabio,Nitto,marcantoniovismara@example.net,$2b$12$ocTEpTFtmYmZRhdGwIwTq.Msn3Qv5dHq8LGO0SvFU5n183TDOQm1q,user,0,1989-03-23,+39 05223428835,"Canale Ligorio, 7",San Martino Montecorvino Rovella,PD,09019,2025-07-16 12:04:43
1935,Aldo,Guglielmi,marcella30@example.com,$2b$12$4IHOAUfRj/8vmgf7aX2fUuKO1dMXSu6HLgjup5V9100wKbBpYy2wS,user,0,1964-11-23,+39 3477908248,"Contrada Cusano, 36",Genivolta,SV,20037,2025-10-10 01:33:48
1936,Franco,Pizziol,tonistomattia@example.org,$2b$12$.i5HxZc9fpsG69tfaxgJyeoAlq/asyBI4QCFcRHrE.yWAS/PChTve,user,0,1951-08-24,347821976,"Borgo Dionigi, 8 Appartamento 91",Stoner,AR,43011,2025-05-13 14:20:10
1937,Delfino,Pizzetti,trapaneseserena@example.org,$2b$12$uxxptvmvqDqdle7Av5.wYeY4Nk0upswj55zapEVEH/Rgx.Tk.NOm2,user,0,1973-10-28,08239347439,"Rotonda Berenice, 51",Vighignolo,AP,28865,2025-05-17 13:48:13
1938,Dina,Morpurgo,jgramsci@example.org,$2b$12$O/dU5O86A8cEx2vsErTTQ.c8ydozI9sXFQ8K6nQ4xtVkNcmGRc2p6,user,0,1970-06-13,390279637,"Rotonda Natta, 250",Gallo Di Grinzane,VT,20018,2025-07-07 05:00:05
1939,Costantino,Mancini,spadaforaromolo@example.net,$2b$12$M8lbdOP5/Y9YGwFiQ4YDBOTuObHRqddIuLzQU8h2s5rYkUjJeOEEi,user,0,1950-11-25,+39 3624476401,"Piazza Carla, 64",Ariano Nel Polesine,RO,43039,2025-10-15 06:23:52
1940,Domenico,Bulzoni,borrominidiana@example.org,$2b$12$o.ahiuIp9r2jYcDAmBreVeELB9pc31DcvIovv23B/AN5pXew.94.e,user,0,1981-05-29,05437821301,"Strada Lando, 391",Trequanda,PE,17014,2025-10-06 02:13:19
1941,Allegra,Bonatti,stefanoceschi@example.org,$2b$12$2t37QAg7xs8yVCk20VVeC.w.nrOlo5hXEBp.pmeInO.BUmYNAbnbO,user,0,1957-07-01,34668821467,"Stretto Vecellio, 8",Villa San Michele,VV,33095,2025-07-18 00:01:29
1942,Cesare,Fagotto,bevilacquagian@example.com,$2b$12$gW84bQ2.x1rAnIyy9DHVF.6titYT0Fw0HWdFyGLg3xW4Ddt6od8RW,user,0,1976-03-28,+39 054310348,"Vicolo Verdi, 81 Appartamento 17",San Leucio Del Sannio,BI,72020,2025-03-13 06:21:06
1943,Valentina,Gentileschi,berlusconicarlo@example.com,$2b$12$ey0tkio5v7LOS1lSXP1UnOQyYNGxJJ2ingrzhV1TYD11UBvjAubmS,user,0,2001-01-22,0784601017,"Piazza Calarco, 71",Sorisole,VI,19121,2025-05-24 01:50:56
1944,Orazio,Cheda,molesinivincentio@example.net,$2b$12$RA1o2AswehXYxcRuOj/uz./kEYA9oLH01G42rsh.CAqRWrjnyt2f6,user,0,1962-06-08,0835960730,"Viale Scaramucci, 58 Piano 3",Lido Di Savio,PV,89035,2025-04-15 16:11:12
1945,Tullio,Squarcione,segnigoffredo@example.net,$2b$12$bchvrv.FsH3NzMCQbACPXuxH64TrPSTFtF/demScV/b3wHxuHi5vK,user,0,1969-04-06,+39 0578803894,"Borgo Scaramucci, 298",Caramagna Piemonte,SA,40061,2025-02-26 15:28:54
1946,Vincenza,Lattuada,sdona@example.net,$2b$12$OQ.JBUiZz60X.2EF0/7o4uGExlCG1RzV7hNNjzcr4pGdHv7M6mDLK,user,0,2003-08-07,0502598766,"Strada Tonia, 233 Appartamento 3",Montereale,CS,29017,2025-09-29 15:47:53
1947,Michele,Trincavelli,morucciazeglio@example.com,$2b$12$K1zMgudrgNM7jMLWRI4udOxDfOfEu98k7JcFn7ME2G/UWCb5TxY56,user,0,1969-01-06,0332919225,"Incrocio Franscini, 85 Appartamento 56",Crebbio,PC,61013,2025-02-04 05:46:25
1948,Massimiliano,Tolentino,michelettipiergiorgio@example.org,$2b$12$923vljVP8Gg6CaBq7uhWXuX3mQRQWNYFJFN43LRNWrH7TNoFfxNKe,user,0,1968-05-13,+39 0396417922,"Strada Ronaldo, 90",Morrovalle Stazione,PG,20148,2025-10-16 11:23:25
1949,Tullio,Lamborghini,massimiliano83@example.org,$2b$12$0da96jHkU1xdA9zg7a8lNe7rsUru877u3vQgWkcJl3nalanboAZPW,user,0,1987-10-03,016622534,"Stretto Adriana, 222",Trucco,LT,73011,2025-03-30 03:19:52
1950,Damiano,Rusticucci,scaramucciserena@example.com,$2b$12$AMPjBbV/oDFiMBTVyD1W.OLiR2AIzgnxBTyhGvTIRObhY.AsZzyE2,user,0,1954-08-15,0884279025,"Viale Arsenio, 50 Piano 3",Ripabottoni Stazione,LT,47030,2025-03-18 04:50:09
1951,Viridiana,Muti,angiolellomartino@example.net,$2b$12$QvR6KXDKQc2QroWE49WTCOxeT5.42RhzbPqRY9u56bUTFRcpC7JKm,user,0,1998-01-18,+39 08822357211,"Viale Nedda, 7 Appartamento 0",Ramon Campagna,LI,24069,2025-08-31 08:59:51
1952,Bianca,Altera,sbarracco@example.org,$2b$12$tue1IL/Kxl8X5TjM4zjbve6ItDEJ510kShcudSJtHRErIsqZ.sUty,user,0,1995-11-05,+39 0790291336,"Stretto Pietro, 15 Appartamento 2",Ceciliano,RI,37067,2025-06-15 21:26:54
1953,Renzo,Altera,fbocelli@example.net,$2b$12$rPINdAiL/qS2BV5Lujnaru6ZPa4mjM0iYm0I52tmB9RSFTpxxb3vS,user,0,1995-01-10,+39 0583309317,"Borgo Ziani, 29",Tenna,PV,34146,2025-11-25 12:06:47
1954,Umberto,Brugnaro,antelamimichele@example.com,$2b$12$ZbkLxgjFMGKp.P6UY6aNtuGQUZszyQtMBCh.6C7/G4S0Z6zr.kUfu,user,0,1963-02-07,+39 36348090347,"Viale Ottone, 25",Galluzzo,GR,28859,2025-10-24 04:13:05
1955,Bartolomeo,Boaga,rosariariccati@example.net,$2b$12$PB0g7t7cR13W3eo1cyGlwumRnXM.wvJj7SdMxCcdJhY5GzsxA.iFm,user,0,1962-11-29,0792500984,"Incrocio Mazzi, 599 Appartamento 68",Aliano,PU,40011,2025-03-31 09:41:14
1956,Bianca,Pincherle,mcarnera@example.com,$2b$12$fQlMxJUjOcdU2yq9YTuKqufnoxjTugMQ8jfQDZhEWffFSbnr83Hoe,user,0,2002-02-05,+39 379301969,"Viale Carlo, 169 Piano 6",Quiesa,VB,23802,2025-05-29 04:32:12
1957,Adamo,Pepe,beppe37@example.net,$2b$12$SZqTwSpkkePxyeKXz1Ls3u0K2A.E28UvYxRNfqLIr7o4SF3/c000S,user,0,1961-04-11,+39 0544133937,"Rotonda Fagiani, 11 Piano 2",Cattolica,LU,46034,2025-02-02 21:55:21
1958,Amleto,Busoni,paride57@example.org,$2b$12$j91O7xqISo0L2xAgwippQO4XL8pLMXCKPUiiK8t0.bBGqxFKOxPKS,user,0,1984-05-17,043413765,"Canale Dante, 5 Piano 3",Ponte A Ema,PT,35048,2025-11-13 15:16:36
1959,Emilio,Medici,raffaellapacelli@example.com,$2b$12$uZIgQgkebrExStrfiNWGkOKCHeAYj.4R4QVNEkfFT3CEgC7iH7BaW,user,0,1968-06-18,0713886673,"Piazza Coriolano, 6",Salasco,CE,39016,2025-09-01 19:31:27
1960,Elmo,Poerio,jesposito@example.org,$2b$12$Q/V8RaXKonxZX3.UklcGeuKoNpF8JFwAXCMy4u9G7n0aoYegNKxUC,user,0,1967-12-23,0471139093,"Canale Ignazio, 27 Piano 3",Fossola,PG,48025,2025-03-27 22:59:12
1961,Aria,Solimena,curcigioffre@example.com,$2b$12$6iKRd0M9oRzunVGE01XiXuFf4xjuxRurIFZBCHD6O5LE15C8FMWjy,user,0,1996-12-13,3780384264,"Borgo Tiziano, 88 Piano 3",Agliate,GR,17047,2025-10-28 18:37:44
1962,Gianluigi,Vespucci,gioffre86@example.net,$2b$12$rhs5q54kaalFOv/MhGCv5O39HovuE1MfZWYeIiyEcDTiZaj39BQDO,user,0,1986-02-06,+39 04178113441,"Vicolo Lisa, 81 Appartamento 5",Viserbella,MB,63852,2025-04-19 14:04:03
1963,Mariano,Luria,ucorradi@example.com,$2b$12$AjSCrzghc6fhoa5.ynZt0umQS4OPZvBuFCieiaNQoQojWqLdFyEbC,user,0,1978-07-30,+39 0536073789,"Strada Sonnino, 96 Piano 5",Cavernago,RG,37139,2025-04-16 13:51:14
1964,Tonia,Cianciolo,cicalaromana@example.com,$2b$12$fTxXDqykPMBHlU/kWKx4vO9.oZutHIVcYk1kNawYOWWCLPne/spVO,user,0,1980-08-30,082357649,"Piazza Piersanti, 53",San Mango,PU,88056,2025-06-08 21:56:31
1965,Rossana,Rienzo,asegni@example.net,$2b$12$Uc3FHUes67Ux2GTpBNL2dO9n/RbJqNk8uDSFRg1pG4gWo88ToIas6,user,0,1947-09-21,+39 35157894744,"Viale Arnulfo, 757 Appartamento 7",Budditogliu,CR,98143,2025-01-18 06:11:42
1966,Sebastiano,Ceravolo,stefanimimun@example.net,$2b$12$1un/ZTSQXk2HxMwTNogrE.TrbjtXWl8hgIPUlLeeMusKxNzw.ix..,user,0,2001-02-27,3664337149,"Viale Boccherini, 0 Appartamento 49",Pratrivero,VB,93017,2025-11-11 13:52:59
1967,Luchino,Frescobaldi,zolaatenulf@example.com,$2b$12$ypk4DDgBQVDGwY7TCzySdOs1L/hB9gdQbcx.aSr17OgGj/IPe2j2C,user,0,1969-10-09,+39 3780993119,"Incrocio Contrafatto, 14",Franche,SV,80144,2025-06-21 14:14:26
1968,Oreste,Battaglia,nicoletta55@example.net,$2b$12$KrfQYwUsJAjId.mEm2yXsuETYOS5RtOyTTRee5R5a3lY9.IDWINja,user,0,1972-01-13,0934204560,"Borgo Piero, 91",Dorsino,TS,16042,2025-07-07 04:11:14
1969,Amleto,Eco,cmorandini@example.org,$2b$12$4MkL5pEaIZreH7t5wA7H0.8ML7XzrML5wcQxdQw6IcjXVUvTyz4eO,user,0,1941-05-08,+39 090392030,"Strada Bignami, 34 Piano 8",Scarnafigi,VR,23855,2025-06-14 08:59:57
1970,Ninetta,Scalfaro,ybarese@example.org,$2b$12$rlsdkYxO2i7Fqruf/hRFX.FjUSI6Q2kxSTXV9eriiloNIfsPbEK/a,user,0,1974-04-16,0795629577,"Vicolo Baccio, 54 Piano 4",Salionze,AP,61100,2025-06-28 23:42:59
1971,Stefania,Storladi,ffilippelli@example.net,$2b$12$pvELx62QUKATe.1ACy/Wx.wiHEx8YCuWsXjI5/sK2uI0yVDCLWcxW,user,0,1957-09-26,+39 3715863376,"Contrada Flavia, 523 Appartamento 9",Lengstein Am Ritte,PA,09021,2025-09-29 03:14:13
1972,Vincenzo,Cristoforetti,bossialessia@example.net,$2b$12$e7n4Y5MrbqZigStGWnHjM.pOQA7DmrtOiH9MbcQcESf5oLb06DzjC,user,0,1946-08-13,3756132642,"Borgo Sophia, 6",Mendicino,NU,06063,2025-02-28 18:53:51
1973,Umberto,Tropea,giuseppetutino@example.com,$2b$12$yADpjuh3D2GvpoyXwrO2SumX1wRT8QPmowvxJYTWi1hNiAeAUzzfe,user,0,1969-05-19,0733103300,"Strada Vanessa, 80",Melegnanello,TO,46014,2025-04-17 18:08:08
1974,Luigi,Germano,santorobenvenuto@example.org,$2b$12$SFk89r49FI8JWx2lSRJenOppM28WEwuUfJOaJz2fXKovDCSNLYPE.,user,0,1948-12-25,063518417,"Contrada Adamo, 61 Piano 9",Manciano,CZ,83012,2025-01-03 11:04:28
1975,Marta,Mercadante,lucio40@example.net,$2b$12$85RWoIMZqwjWxop04HOobu0XCCaBwfIm4iv2F65ukS/Mv5klsg1zi,user,0,1979-02-18,+39 0376170495,"Incrocio Alessandra, 76",Tresana,AT,08027,2025-11-17 17:56:07
1976,Flavio,Marzorati,xmodiano@example.net,$2b$12$RW8VdYDHdPKrWQqAVMwmK.CGT8Ea40QViL/c0Tb6l/LTYhUOQpcm6,user,0,1981-10-09,3311960761,"Incrocio Galasso, 847",Favria,MB,67046,2025-03-02 01:13:14
1977,Piermaria,Briccialdi,opisano@example.org,$2b$12$6yui09Eq.43ZcEkxCDHq3uUWI23Uo42Qlsm.VEwYRlbSt0ZAFMrzu,user,0,1969-07-17,0932502700,"Via Antonietta, 3",Foce Verde,VT,63823,2025-02-07 13:18:31
1978,Michela,Florio,vincenzotomei@example.net,$2b$12$b8kiP0y3AoUXlXPRrF6Pnu654Q0jH8JHLw5r9JNGto0XtFywBEKVO,user,0,1942-01-29,0942646669,"Rotonda Cammarata, 329 Appartamento 89",Pessano Con Bornago,TS,92019,2025-05-20 05:16:01
1979,Serena,Tirabassi,sroero@example.org,$2b$12$3pmvmrujTLwCgI4sLZWeUeDqlSj/k4c4OTlkJLTQGvx2DzSARxGpW,user,0,1960-10-21,+39 0124372304,"Piazza Antelami, 61 Appartamento 33",Calmasino,PD,80055,2025-09-24 04:19:27
1980,Livia,Canil,ludovicaroero@example.net,$2b$12$eT9Lv89KyR6QXdNkK6JbO.mCE0wW05TN0jN4uN6SMQsPpVIn6I6xO,user,0,1974-05-23,+39 0773610536,"Strada Fibonacci, 756",Stilfs,PV,11028,2025-04-03 04:10:01
1981,Severino,Monti,vergerioannetta@example.com,$2b$12$IHfSTxU1EJ4uHO4wXGtVuujVeHsycOphinRo3Xwud03GZ6punLEgG,user,0,1944-10-09,+39 0641623333,"Rotonda Maria, 959",Guidomandri Superiore,RA,95033,2025-09-12 12:06:38
1982,Ivo,Armani,napolitanomarcantonio@example.com,$2b$12$XjIH643wJ8dTHeFtkKpRNe.daXLKKOkfAj4gBPihg0p9HwiE8kn4W,user,0,1953-01-10,34550471281,"Viale Lucia, 73 Piano 7",Sant'Ellero,BZ,23899,2025-10-15 13:02:56
1983,Stefano,Blasi,pbajamonti@example.org,$2b$12$PhE6pWa.iZBJqCEr7yGLU.8gnnp/4B1gDXbEHTWyaXWr7Y6yp2Fum,user,0,1949-02-01,0545521732,"Rotonda Mariana, 290",San Pietro Monterosso,BT,19031,2025-09-13 06:08:37
1984,Nedda,Spinelli,delleludovica@example.net,$2b$12$85252PZ.wH6WqyqEVicR/eA/XxSAB4aHxc/B2kaBYttmmLIohciD6,user,0,1969-03-26,35177679178,"Incrocio Casalodi, 64 Piano 5",Le Mosse,EN,72017,2025-01-02 14:25:55
1985,Amleto,Angiolello,emilio24@example.net,$2b$12$fafOvN98TywgPZKM3T1ldOfo.P.CTdsMH1kXoSBQYwTV1VfHGE55.,user,0,1942-01-03,3511488856,"Viale Liberto, 49",Vietri Di Potenza,BZ,28078,2025-09-06 06:37:21
1986,Paride,Chindamo,pedroniornella@example.com,$2b$12$KtF43OlajszGhB1JoTxc8u01CQWx87o34IVW8LYNBDwx9zEo7fQB6,user,0,1981-11-09,+39 0321452246,"Vicolo Nanni, 662 Appartamento 8",Creazzo,MT,98165,2025-06-09 12:50:34
1987,Melina,Mazzeo,ipapafava@example.com,$2b$12$yE8mo9muWhyzi.fU5H5o2OtjV5ZtSeRVwhrj/4Qfy.4eAIEMbRhM2,user,0,1948-04-02,+39 070814108,"Piazza Gaetano, 294 Piano 0",Vervio,VT,20025,2025-06-07 03:46:25
1988,Nino,Gentili,sgiacometti@example.net,$2b$12$wT5ZilfGJOwlseg4IPVmBesin.Doqt0gobAwLGi9xlDAvraq70Bmi,user,0,1980-04-01,0459125454,"Contrada Bellò, 7 Appartamento 6",Spert,SV,30170,2025-10-23 19:41:37
1989,Alfio,Dossi,agostino11@example.org,$2b$12$7Ht2CinwhhNHO3St7UoSce3Z3/mYinoqzXLjqml45G3GyYSPzshWC,user,0,1992-02-21,3757998043,"Stretto Caccianemico, 74",Talava',AN,38056,2025-03-24 10:42:04
1990,Biagio,Venturi,cpraga@example.org,$2b$12$j0J42bR1.QDK1EA43pVh1.MlPexhJtc/xIXJkc0tkOE7N7qf5X2QO,user,0,1990-10-12,07838933072,"Via Liana, 88 Piano 1",Musil,RN,30029,2025-11-08 10:26:45
1991,Gilberto,Foà,lando22@example.com,$2b$12$S4vHPahJRGzCzMjjXZ6wyOu2HyFAA7zwpJ1a.SndPJhZS8LAg5BPi,user,0,1975-10-17,0776096030,"Incrocio Lando, 26",Bormida,FM,25023,2025-07-08 16:35:12
1992,Ippazio,Alfonsi,ituzzolino@example.net,$2b$12$sMv8bGQ2zR..DcMCksG31euVDYK.AiYbITQw8rbPDQ0kThqehc7ey,user,0,1972-09-04,09740757857,"Strada Parmitano, 5 Appartamento 42",Daverio,FG,20837,2025-06-05 02:51:51
1993,Mattia,Bixio,szamorani@example.com,$2b$12$g1Z.XE53jdvG.elekqSVRODgBCXAJt9TSrPrGUi1TvYDT/YBwnLEi,user,0,1989-11-12,+39 0931122707,"Rotonda Annalisa, 18 Appartamento 59",Calcinaia,PZ,13867,2025-02-04 01:57:48
1994,Francesca,Galeati,leonardocavanna@example.net,$2b$12$qnRufIr7CTHgh6hjfADzUOu.ZCVYO6EDOExkYvBUii2tU4QtRsC1C,user,0,1952-01-12,+39 0583161323,"Rotonda Paloma, 548",Rho,PO,26018,2025-04-20 14:02:06
1995,Achille,Spadafora,sperisimone@example.net,$2b$12$cOrdQPWdN6k6PMupb9nZPOMxn0C32siR3yThNJNG1jYYJL1.gtQyG,user,0,1994-12-26,+39 073642966,"Piazza Amedeo, 5 Appartamento 7",Villanova D'Albenga,TS,33074,2025-08-10 10:53:00
1996,Angelo,Milanesi,korengo@example.net,$2b$12$EkbWNQNN6WTf9peJHAekPu8YP2Hm9PiMNW5J.FTaEc4DfA4vQAWuq,user,0,1954-11-08,0342432804,"Piazza Paoletta, 668",Vöran,PV,41046,2025-11-18 02:07:04
1997,Liberto,Infantino,wnitto@example.com,$2b$12$P3BVrNDz12dGMl4DLnJVYe8Q5tgWgeR2iYWSLMJSjISwtKchJiyVq,user,0,1942-03-18,+39 377741618,"Borgo Annamaria, 23 Piano 3",Castelnuovo Della Daunia,PN,73033,2025-08-12 22:35:51
1998,Tiziano,Folliero,fantonivittorio@example.org,$2b$12$tfZGjbd.rKpOT3nzGAe7d.2j0bMwETFuTPjyst76KRxzfVk26aazK,user,0,1952-08-05,+39 034451962,"Canale Morgagni, 84 Piano 6",Petosino,CT,67054,2025-08-01 03:11:37
1999,Piergiuseppe,Casagrande,zginese@example.org,$2b$12$qCYikobELp0sx/UUk9bm1OQB0PsJtI.5S9N5B8tFI7zxzKJLVOin2,user,0,1975-08-25,+39 3791159844,"Rotonda Faggiani, 9 Piano 1",Bernate Ticino,BG,58055,2025-07-13 19:27:01
2000,Alessio,Montecchi,amanda90@example.com,$2b$12$mHvQL31JXT0WwksUCl/v7eJQU21LKWsqdDDy66K3JEjKUpXmQORS6,user,0,1966-02-28,+39 0931899650,"Rotonda Giovanni, 22 Appartamento 9",Gonzaga,MO,28875,2025-09-01 00:48:19
