Symbol,Short Name,Long Name,Type,Sector,Industry,Country
AA,Alcoa Corporation,Alcoa Corporation,share,Materials,Aluminum,"Pittsburgh, Pennsylvania"
AAL,"American Airlines Group, Inc.",American Airlines Group Inc.,share,Industrials,Passenger Airlines,"Fort Worth, Texas"
AAON,"AAON, Inc.","AAON, Inc.",share,Industrials,Building Products,"Tulsa, Oklahoma"
ACI,"Albertsons Companies, Inc.","Albertsons Companies, Inc.",share,Consumer Staples,Food Retail,"Boise, Idaho"
ACM,AECOM,AECOM,share,Industrials,Construction & Engineering,"Dallas, Texas"
ADC,Agree Realty Corporation,Agree Realty Corporation,share,Real Estate,Retail REITs,"Bloomfield Hills, Michigan"
AFG,"American Financial Group, Inc.","American Financial Group, Inc.",share,Financials,Multi-line Insurance,"Cincinnati, Ohio"
AGCO,AGCO Corporation,AGCO Corporation,share,Industrials,Agricultural & Farm Machinery,"Duluth, Georgia"
AIT,Applied Industrial Technologies,"Applied Industrial Technologies, Inc.",share,Industrials,Trading Companies & Distributors,"Cleveland, Ohio"
ALE,"Allete, Inc.","ALLETE, Inc.",share,Utilities,Electric Utilities,"Duluth, Minnesota"
ALGM,"Allegro MicroSystems, Inc.","Allegro MicroSystems, Inc.",share,Information Technology,Semiconductors,"Manchester, New Hampshire"
ALK,"Alaska Air Group, Inc.","Alaska Air Group, Inc.",share,Industrials,Passenger Airlines,"SeaTac, Washington"
ALLY,Ally Financial Inc.,Ally Financial Inc.,share,Financials,Consumer Finance,"Detroit, Michigan"
ALV,"Autoliv, Inc.","Autoliv, Inc.",share,Consumer Discretionary,Automotive Parts & Equipment,"Stockholm, Sweden"
AM,Antero Midstream Corporation,Antero Midstream Corporation,share,Energy,Oil & Gas Storage & Transportation,"Denver, Colorado"
AMG,"Affiliated Managers Group, Inc.","Affiliated Managers Group, Inc.",share,Financials,Asset Management & Custody Banks,"West Palm Beach, Florida"
AMH,American Homes 4 Rent,American Homes 4 Rent,share,Real Estate,Single-Family Residential REITs,"Las Vegas, Nevada"
AMKR,"Amkor Technology, Inc.","Amkor Technology, Inc.",share,Information Technology,Semiconductors,"Tempe, Arizona"
AN,"AutoNation, Inc.","AutoNation, Inc.",share,Consumer Discretionary,Automotive Retail,"Fort Lauderdale, Florida"
ANF,Abercrombie & Fitch Company,Abercrombie & Fitch Co.,share,Consumer Discretionary,Apparel Retail,"New Albany, Ohio"
APG,APi Group Corporation,APi Group Corporation,share,Industrials,Construction & Engineering,"New Brighton, Minnesota"
APPF,"AppFolio, Inc.","AppFolio, Inc.",share,Information Technology,Application Software,"Goleta, California"
AR,Antero Resources Corporation,Antero Resources Corporation,share,Energy,Oil & Gas Exploration & Production,"Denver, Colorado"
ARMK,Aramark,Aramark,share,Consumer Discretionary,Distributors,"Philadelphia, Pennsylvania"
ARW,"Arrow Electronics, Inc.","Arrow Electronics, Inc.",share,Information Technology,Technology Distributors,"Centennial, Colorado"
ASB,Associated Banc-Corp,Associated Banc-Corp,share,Financials,Regional Banks,"Green Bay, Wisconsin"
ASGN,ASGN Incorporated,ASGN Incorporated,share,Information Technology,IT Consulting & Other Services,"Glen Allen, Virginia"
ASH,Ashland Inc.,Ashland Inc.,share,Materials,Diversified Chemicals,"Wilmington, Delaware"
ATI,ATI Inc.,ATI Inc.,share,Industrials,Aerospace & Defense,"Dallas, Texas"
ATR,"AptarGroup, Inc.","AptarGroup, Inc.",share,Materials,"Metal, Glass & Plastic Containers","Crystal Lake, Illinois"
AVAV,"AeroVironment, Inc.","AeroVironment, Inc.",share,Industrials,Aerospace & Defense,"Arlington County, Virginia"
AVNT,Avient Corporation,Avient Corporation,share,Materials,Specialty Chemicals,"Avon Lake, Ohio"
AVT,"Avnet, Inc.","Avnet, Inc.",share,Information Technology,Technology Distributors,"Phoenix, Arizona"
AVTR,"Avantor, Inc.","Avantor, Inc.",share,Health Care,Life Sciences Tools & Services,"Radnor, Pennsylvania"
AXTA,Axalta Coating Systems Ltd.,Axalta Coating Systems Ltd.,share,Materials,Specialty Chemicals,"Philadelphia, Pennsylvania"
AYI,Acuity Inc.,Acuity Inc.,share,Industrials,Electrical Components & Equipment,"Atlanta, Georgia"
BBWI,"Bath & Body Works, Inc.","Bath & Body Works, Inc.",share,Consumer Discretionary,Other Specialty Retail,"Columbus, Ohio"
BC,Brunswick Corporation,Brunswick Corporation,share,Consumer Discretionary,Leisure Products,"Mettawa, Illinois"
BCO,Brinks Company (The),The Brink's Company,share,Industrials,Security & Alarm Services,"Richmond, Virginia"
BDC,Belden Inc,Belden Inc.,share,Information Technology,Electronic Components,"St. Louis, Missouri"
BHF,"Brighthouse Financial, Inc.","Brighthouse Financial, Inc.",share,Financials,Life & Health Insurance,"Charlotte, North Carolina"
BILL,"BILL Holdings, Inc.","BILL Holdings, Inc.",share,Information Technology,Application Software,"San Jose, California"
BIO,"Bio-Rad Laboratories, Inc.","Bio-Rad Laboratories, Inc.",share,Health Care,Life Sciences Tools & Services,"Hercules, California"
BJ,"BJ's Wholesale Club Holdings, I","BJ's Wholesale Club Holdings, Inc.",share,Consumer Staples,Consumer Staples Merchandise Retail,"Marlborough, Massachusetts"
BKH,Black Hills Corporation,Black Hills Corporation,share,Utilities,Multi-Utilities,"Rapid City, South Dakota"
BLD,TopBuild Corp.,TopBuild Corp.,share,Consumer Discretionary,Homebuilding,
BLKB,"Blackbaud, Inc.","Blackbaud, Inc.",share,Information Technology,Application Software,"Charleston, South Carolina"
BMRN,BioMarin Pharmaceutical Inc.,BioMarin Pharmaceutical Inc.,share,Health Care,Biotechnology,"San Rafael, California"
BRBR,"BellRing Brands, Inc.","BellRing Brands, Inc.",share,Consumer Staples,Packaged Foods & Meats,
BRKR,Bruker Corporation,Bruker Corporation,share,Health Care,Health Care Equipment,"Billerica, Massachusetts"
BRX,Brixmor Property Group Inc.,Brixmor Property Group Inc.,share,Real Estate,Retail REITs,"New York City, New York"
BSY,"Bentley Systems, Incorporated","Bentley Systems, Incorporated",share,Information Technology,Application Software,"Exton, Pennsylvania"
BURL,"Burlington Stores, Inc.","Burlington Stores, Inc.",share,Consumer Discretionary,Apparel Retail,"Burlington, New Jersey"
BWXT,"BWX Technologies, Inc.","BWX Technologies, Inc.",share,Industrials,Aerospace & Defense,"Lynchburg, Virginia"
BYD,Boyd Gaming Corporation,Boyd Gaming Corporation,share,Consumer Discretionary,Casinos & Gaming,"Las Vegas, Nevada"
CACI,"CACI International, Inc.",CACI International Inc,share,Industrials,Diversified Support Services,"Reston, Virginia"
CADE,Cadence Bank,Cadence Bank,share,Financials,Regional Banks,"Tupelo, Mississippi Houston, Texas"
CAR,"Avis Budget Group, Inc.","Avis Budget Group, Inc.",share,Industrials,Passenger Ground Transportation,"Parsippany, New Jersey"
CART,Maplebear Inc.,Maplebear Inc.,share,Consumer Staples,Food Retail,"San Francisco, California"
CASY,"Caseys General Stores, Inc.","Casey's General Stores, Inc.",share,Consumer Staples,Food Retail,"Ankeny, Iowa"
CAVA,"CAVA Group, Inc.","CAVA Group, Inc.",share,Consumer Discretionary,Restaurants,"Washington, D.C."
CBSH,"Commerce Bancshares, Inc.","Commerce Bancshares, Inc.",share,Financials,Regional Banks,"Kansas City, Missouri"
CBT,Cabot Corporation,Cabot Corporation,share,Materials,Diversified Chemicals,"Boston, Massachusetts"
CCK,"Crown Holdings, Inc.","Crown Holdings, Inc.",share,Materials,Paper & Plastic Packaging Products & Materials,"Yardley, Pennsylvania"
CDP,COPT Defense Properties,COPT Defense Properties,share,Real Estate,Office REITs,"Columbia, Maryland"
CELH,"Celsius Holdings, Inc.","Celsius Holdings, Inc.",share,Consumer Staples,Soft Drinks & Non-alcoholic Beverages,"Boca Raton, Florida"
CFR,"Cullen/Frost Bankers, Inc.","Cullen/Frost Bankers, Inc.",share,Financials,Regional Banks,"San Antonio, Texas"
CG,The Carlyle Group Inc.,The Carlyle Group Inc.,share,Financials,Asset Management & Custody Banks,"Washington, D.C."
CGNX,Cognex Corporation,Cognex Corporation,share,Information Technology,Electronic Equipment & Instruments,"Natick, Massachusetts"
CHDN,"Churchill Downs, Incorporated",Churchill Downs Incorporated,share,Consumer Discretionary,Casinos & Gaming,"Louisville, Kentucky"
CHE,Chemed Corp,Chemed Corporation,share,Health Care,Health Care Services,"Cincinnati, Ohio"
CHH,"Choice Hotels International, In","Choice Hotels International, Inc.",share,Consumer Discretionary,"Hotels, Resorts & Cruise Lines","Rockville, Maryland"
CHRD,Chord Energy Corporation,Chord Energy Corporation,share,Energy,Oil & Gas Exploration & Production,"Houston, Texas"
CHWY,"Chewy, Inc.","Chewy, Inc.",share,Consumer Discretionary,Other Specialty Retail,"Plantation, Florida"
CIEN,Ciena Corporation,Ciena Corporation,share,Information Technology,Communications Equipment,"Hanover, Maryland"
CIVI,"Civitas Resources, Inc.","Civitas Resources, Inc.",share,Energy,Oil & Gas Exploration & Production,"Denver, Colorado"
CLF,Cleveland-Cliffs Inc.,Cleveland-Cliffs Inc.,share,Materials,Steel,"Cleveland, Ohio"
CLH,"Clean Harbors, Inc.","Clean Harbors, Inc.",share,Industrials,Environmental & Facilities Services,"Norwell, Massachusetts"
CMA,Comerica Incorporated,Comerica Incorporated,share,Financials,Regional Banks,"Dallas, Texas"
CMC,Commercial Metals Company,Commercial Metals Company,share,Materials,Steel,"Irving, Texas"
CNH,CNH Industrial N.V.,CNH Industrial N.V.,share,Industrials,Agricultural & Farm Machinery,"Amsterdam, Netherlands"
CNM,"Core & Main, Inc.","Core & Main, Inc.",share,Industrials,Trading Companies & Distributors,"St. Louis, Missouri"
CNO,"CNO Financial Group, Inc.","CNO Financial Group, Inc.",share,Financials,Life & Health Insurance,"Carmel, Indiana"
CNX,CNX Resources Corporation,CNX Resources Corporation,share,Energy,Oil & Gas Exploration & Production,"Pittsburgh, Pennsylvania"
CNXC,Concentrix Corporation,Concentrix Corporation,share,Industrials,Data Processing & Outsourced Services,"Newark, California"
COHR,Coherent Corp.,Coherent Corp.,share,Information Technology,Electronic Components,"Saxonburg, Pennsylvania"
COKE,"Coca-Cola Consolidated, Inc.","Coca-Cola Consolidated, Inc.",share,Consumer Staples,Soft Drinks & Non-alcoholic Beverages,"Charlotte, North Carolina"
COLB,"Columbia Banking System, Inc.","Columbia Banking System, Inc.",share,Financials,Regional Banks,"Tacoma, Washington"
COLM,Columbia Sportswear Company,Columbia Sportswear Company,share,Consumer Discretionary,"Apparel, Accessories & Luxury Goods","Portland, Oregon"
COTY,Coty Inc.,Coty Inc.,share,Consumer Staples,Personal Care Products,"New York City, New York"
CPRI,Capri Holdings Limited,Capri Holdings Limited,share,Consumer Discretionary,"Apparel, Accessories & Luxury Goods","New York City, New York"
CR,Crane Company,Crane Company,share,Industrials,Industrial Machinery & Supplies & Components,"Stamford, Connecticut"
CROX,"Crocs, Inc.","Crocs, Inc.",share,Consumer Discretionary,Footwear,"Broomfield, Colorado"
CRS,Carpenter Technology Corporatio,Carpenter Technology Corporation,share,Materials,Steel,"Philadelphia, Pennsylvania"
CRUS,"Cirrus Logic, Inc.","Cirrus Logic, Inc.",share,Information Technology,Semiconductors,"Austin, Texas"
CSL,Carlisle Companies Incorporated,Carlisle Companies Incorporated,share,Industrials,Industrial Conglomerates,"Phoenix, Arizona"
CUBE,CubeSmart,CubeSmart,share,Real Estate,Industrial REITs,"Malvern, Pennsylvania"
CUZ,Cousins Properties Incorporated,Cousins Properties Incorporated,share,Real Estate,Office REITs,"Atlanta, Georgia"
CVLT,"Commvault Systems, Inc.","Commvault Systems, Inc.",share,Information Technology,Systems Software,"Tinton Falls, New Jersey"
CW,Curtiss-Wright Corporation,Curtiss-Wright Corporation,share,Industrials,Aerospace & Defense,"Davidson, North Carolina"
CXT,"Crane NXT, Co.","Crane NXT, Co.",share,Information Technology,Electronic Equipment & Instruments,"Stamford, Connecticut"
CYTK,"Cytokinetics, Incorporated","Cytokinetics, Incorporated",share,Health Care,Biotechnology,"South San Francisco, California"
DAR,Darling Ingredients Inc.,Darling Ingredients Inc.,share,Consumer Staples,Agricultural Products & Services,
DBX,"Dropbox, Inc.","Dropbox, Inc.",share,Information Technology,Application Software,"San Francisco, California"
DCI,"Donaldson Company, Inc.","Donaldson Company, Inc.",share,Industrials,Industrial Machinery & Supplies & Components,"Bloomington, Minnesota"
DINO,HF Sinclair Corporation,HF Sinclair Corporation,share,Energy,Oil & Gas Refining & Marketing,"Dallas, Texas"
DKS,Dick's Sporting Goods Inc,"DICK'S Sporting Goods, Inc.",share,Consumer Discretionary,Specialty Stores,"Coraopolis, Pennsylvania"
DLB,Dolby Laboratories,"Dolby Laboratories, Inc.",share,Information Technology,Application Software,"San Francisco, California"
DOCS,"Doximity, Inc.","Doximity, Inc.",share,Health Care,Health Care Technology,"San Francisco, California"
DOCU,"DocuSign, Inc.","DocuSign, Inc.",share,Information Technology,Application Software,"San Francisco, California"
DT,"Dynatrace, Inc.","Dynatrace, Inc.",share,Information Technology,Application Software,"Waltham, Massachusetts"
DTM,"DT Midstream, Inc.","DT Midstream, Inc.",share,Energy,Oil & Gas Storage & Transportation,"Detroit, Michigan"
DUOL,"Duolingo, Inc.","Duolingo, Inc.",share,Consumer Discretionary,Education Services,"Pittsburgh, Pennsylvania"
EEFT,"Euronet Worldwide, Inc.","Euronet Worldwide, Inc.",share,Financials,Transaction & Payment Processing Services,"Leawood, Kansas"
EGP,"EastGroup Properties, Inc.","EastGroup Properties, Inc.",share,Real Estate,Industrial REITs,
EHC,Encompass Health Corporation,Encompass Health Corporation,share,Health Care,Health Care Facilities,"Birmingham, Alabama"
ELAN,Elanco Animal Health Incorporat,Elanco Animal Health Incorporated,share,Health Care,Pharmaceuticals,"Greenfield, Indiana"
ELF,"e.l.f. Beauty, Inc.","e.l.f. Beauty, Inc.",share,Consumer Staples,Personal Care Products,"Oakland, California"
ELS,"Equity Lifestyle Properties, In","Equity LifeStyle Properties, Inc.",share,Real Estate,Single-Family Residential REITs,"Chicago, Illinois"
ENS,EnerSys,EnerSys,share,Industrials,Electrical Components & Equipment,"Reading, Pennsylvania"
ENSG,"The Ensign Group, Inc.","The Ensign Group, Inc.",share,Health Care,Health Care Facilities,"San Juan Capistrano, California"
ENTG,"Entegris, Inc.","Entegris, Inc.",share,Information Technology,Semiconductor Materials & Equipment,"Billerica, Massachusetts"
EPR,EPR Properties,EPR Properties,share,Real Estate,Other Specialized REITs,"Kansas City, Missouri"
EQH,"Equitable Holdings, Inc.","Equitable Holdings, Inc.",share,Financials,Diversified Financial Services,"New York City, New York"
ESAB,ESAB Corporation,ESAB Corporation,share,Industrials,Industrial Machinery & Supplies & Components,"North Bethesda, Maryland"
ESNT,Essent Group Ltd.,Essent Group Ltd.,share,Financials,Commercial & Residential Mortgage Finance,
EVR,Evercore Inc.,Evercore Inc.,share,Financials,Investment Banking & Brokerage,"New York City, New York"
EWBC,"East West Bancorp, Inc.","East West Bancorp, Inc.",share,Financials,Regional Banks,"Pasadena, California"
EXEL,"Exelixis, Inc.","Exelixis, Inc.",share,Health Care,Biotechnology,"Alameda, California"
EXLS,"ExlService Holdings, Inc.","ExlService Holdings, Inc.",share,Industrials,Data Processing & Outsourced Services,"New York City, New York"
EXP,Eagle Materials Inc,Eagle Materials Inc.,share,Materials,Construction Materials,"Dallas, Texas"
EXPO,"Exponent, Inc.","Exponent, Inc.",share,Industrials,Research & Consulting Services,"Menlo Park, California"
FAF,First American Corporation (New,First American Financial Corporation,share,Financials,Property & Casualty Insurance,"Santa Ana, California"
FBIN,"Fortune Brands Innovations, Inc","Fortune Brands Innovations, Inc.",share,Industrials,Building Products,"Deerfield, Illinois"
FCFS,"FirstCash Holdings, Inc.","FirstCash Holdings, Inc.",share,Financials,Consumer Finance,"Fort Worth, Texas"
FCN,"FTI Consulting, Inc.","FTI Consulting, Inc.",share,Industrials,Research & Consulting Services,"Washington, D.C."
FFIN,"First Financial Bankshares, Inc","First Financial Bankshares, Inc.",share,Financials,Regional Banks,"Cincinnati, Ohio"
FHI,"Federated Hermes, Inc.","Federated Hermes, Inc.",share,Financials,Asset Management & Custody Banks,"Pittsburgh, Pennsylvania"
FHN,First Horizon Corporation,First Horizon Corporation,share,Financials,Regional Banks,"Memphis, Tennessee"
FIVE,"Five Below, Inc.","Five Below, Inc.",share,Consumer Discretionary,Specialty Stores,"Philadelphia, Pennsylvania"
FIX,"Comfort Systems USA, Inc.","Comfort Systems USA, Inc.",share,Industrials,Construction & Engineering,"Houston, Texas"
FLEX,Flex Ltd.,Flex Ltd.,share,Information Technology,Electronic Manufacturing Services,"Austin, Texas"
FLG,"Flagstar Bank, N.A.","Flagstar Bank, National Association",share,Financials,Regional Banks,"Hicksville, New York"
FLO,"Flowers Foods, Inc.","Flowers Foods, Inc.",share,Consumer Staples,Packaged Foods & Meats,"Thomasville, Georgia"
FLR,Fluor Corporation,Fluor Corporation,share,Industrials,Construction & Engineering,"Irving, Texas"
FLS,Flowserve Corporation,Flowserve Corporation,share,Industrials,Industrial Machinery & Supplies & Components,"Irving, Texas"
FN,Fabrinet,Fabrinet,share,Information Technology,Electronic Manufacturing Services,"Santa Clara, California"
FNB,F.N.B. Corporation,F.N.B. Corporation,share,Financials,Regional Banks,"Pittsburgh, Pennsylvania"
FND,"Floor & Decor Holdings, Inc.","Floor & Decor Holdings, Inc.",share,Consumer Discretionary,Home Improvement Retail,"Smyrna, Georgia"
FNF,"Fidelity National Financial, In","Fidelity National Financial, Inc.",share,Financials,Property & Casualty Insurance,"Jacksonville, Florida"
FOUR,"Shift4 Payments, Inc.","Shift4 Payments, Inc.",share,Financials,Transaction & Payment Processing Services,"Center Valley, Pennsylvania"
FR,"First Industrial Realty Trust, ","First Industrial Realty Trust, Inc.",share,Real Estate,Industrial REITs,"Chicago, Illinois"
FTI,TechnipFMC plc,TechnipFMC plc,share,Energy,Oil & Gas Equipment & Services,"Houston, Texas"
FYBR,"Frontier Communications Parent,","Frontier Communications Parent, Inc.",share,Communication Services,Integrated Telecommunication Services,"Norwalk, Connecticut"
G,Genpact Limited,Genpact Limited,share,Industrials,Data Processing & Outsourced Services,"New York City, New York"
GAP,"Gap, Inc. (The)","The Gap, Inc.",share,Consumer Discretionary,Apparel Retail,"San Francisco, California"
GATX,GATX Corporation,GATX Corporation,share,Industrials,Construction Machinery & Heavy Transportation Equipment,"Chicago, Illinois"
GBCI,"Glacier Bancorp, Inc.","Glacier Bancorp, Inc.",share,Financials,Regional Banks,"Kalispell, Montana"
GEF,Greif Inc.,"Greif, Inc.",share,Materials,"Metal, Glass & Plastic Containers","Delaware, Ohio"
GGG,Graco Inc.,Graco Inc.,share,Industrials,Industrial Machinery & Supplies & Components,"Minneapolis, Minnesota"
GHC,Graham Holdings Company,Graham Holdings Company,share,Consumer Discretionary,Education Services,"Arlington County, Virginia"
GLPI,"Gaming and Leisure Properties, ","Gaming and Leisure Properties, Inc.",share,Real Estate,Other Specialized REITs,"Wyomissing, Pennsylvania"
GME,GameStop Corporation,GameStop Corp.,share,Consumer Discretionary,Computer & Electronics Retail,"Grapevine, Texas"
GMED,"Globus Medical, Inc.","Globus Medical, Inc.",share,Health Care,Health Care Equipment,"Audubon, Pennsylvania"
GNTX,Gentex Corporation,Gentex Corporation,share,Consumer Discretionary,Automotive Parts & Equipment,"Zeeland, Michigan"
GPK,Graphic Packaging Holding Compa,Graphic Packaging Holding Company,share,Materials,Paper & Plastic Packaging Products & Materials,"Atlanta, Georgia"
GT,The Goodyear Tire & Rubber Comp,The Goodyear Tire & Rubber Company,share,Consumer Discretionary,Tires & Rubber,"Akron, Ohio"
GTLS,"Chart Industries, Inc.","Chart Industries, Inc.",share,Industrials,Industrial Machinery & Supplies & Components,
GTM,ZoomInfo Technologies Inc.,ZoomInfo Technologies Inc.,share,Communication Services,Interactive Media & Services,"Vancouver, Washington"
GWRE,"Guidewire Software, Inc.","Guidewire Software, Inc.",share,Information Technology,Application Software,"San Mateo, California"
GXO,"GXO Logistics, Inc.","GXO Logistics, Inc.",share,Industrials,Air Freight & Logistics,"Greenwich, Connecticut"
H,Hyatt Hotels Corporation,Hyatt Hotels Corporation,share,Consumer Discretionary,"Hotels, Resorts & Cruise Lines","Chicago, Illinois"
HAE,Haemonetics Corporation,Haemonetics Corporation,share,Health Care,Health Care Supplies,"Boston, Massachusetts"
HALO,"Halozyme Therapeutics, Inc.","Halozyme Therapeutics, Inc.",share,Health Care,Biotechnology,"San Diego, California"
HGV,Hilton Grand Vacations Inc.,Hilton Grand Vacations Inc.,share,Consumer Discretionary,"Hotels, Resorts & Cruise Lines","Orlando, Florida"
HIMS,"Hims & Hers Health, Inc.","Hims & Hers Health, Inc.",share,Health Care,Health Care Services,"San Francisco, California"
HLI,"Houlihan Lokey, Inc.","Houlihan Lokey, Inc.",share,Financials,Investment Banking & Brokerage,"Los Angeles, California"
HLNE,Hamilton Lane Incorporated,Hamilton Lane Incorporated,share,Financials,Asset Management & Custody Banks,"Conshohocken, Pennsylvania"
HOG,"Harley-Davidson, Inc.","Harley-Davidson, Inc.",share,Consumer Discretionary,Motorcycle Manufacturers,"Milwaukee, Wisconsin"
HOMB,"Home BancShares, Inc.","Home Bancshares, Inc. (Conway, AR)",share,Financials,Regional Banks,"Conway, Arkansas"
HQY,"HealthEquity, Inc.","HealthEquity, Inc.",share,Health Care,Managed Health Care,"Draper, Utah"
HR,Healthcare Realty Trust Incorpo,Healthcare Realty Trust Incorporated,share,Real Estate,Health Care REITs,
HRB,"H&R Block, Inc.","H&R Block, Inc.",share,Consumer Discretionary,Specialized Consumer Services,"Kansas City, Missouri"
HWC,Hancock Whitney Corporation,Hancock Whitney Corporation,share,Financials,Regional Banks,"Gulfport, Mississippi"
HXL,Hexcel Corporation,Hexcel Corporation,share,Industrials,Aerospace & Defense,"Stamford, Connecticut"
IBOC,International Bancshares Corpor,International Bancshares Corporation,share,Financials,Regional Banks,"Laredo, Texas"
IDA,"IDACORP, Inc.","IDACORP, Inc.",share,Utilities,Electric Utilities,"Boise, Idaho"
ILMN,"Illumina, Inc.","Illumina, Inc.",share,Health Care,Life Sciences Tools & Services,"San Diego, California"
INGR,Ingredion Incorporated,Ingredion Incorporated,share,Consumer Staples,Agricultural Products & Services,"Westchester, Illinois"
IPGP,IPG Photonics Corporation,IPG Photonics Corporation,share,Information Technology,Electronic Manufacturing Services,"Oxford, Massachusetts"
IRDM,Iridium Communications Inc,Iridium Communications Inc.,share,Communication Services,Alternative Carriers,"McLean, Virginia"
IRT,"Independence Realty Trust, Inc.","Independence Realty Trust, Inc.",share,Real Estate,Multi-Family Residential REITs,
ITT,ITT Inc.,ITT Inc.,share,Industrials,Industrial Machinery & Supplies & Components,"Stamford, Connecticut"
JAZZ,Jazz Pharmaceuticals plc,Jazz Pharmaceuticals plc,share,Health Care,Pharmaceuticals,"Dublin, Ireland"
JEF,Jefferies Financial Group Inc.,Jefferies Financial Group Inc.,share,Financials,Multi-Sector Holdings,"New York City, New York"
JHG,Janus Henderson Group plc,Janus Henderson Group plc,share,Financials,Asset Management & Custody Banks,
JLL,Jones Lang LaSalle Incorporated,Jones Lang LaSalle Incorporated,share,Real Estate,Real Estate Services,"Chicago, Illinois"
KBH,KB Home,KB Home,share,Consumer Discretionary,Homebuilding,"Los Angeles, California"
KBR,"KBR, Inc.","KBR, Inc.",share,Industrials,Diversified Support Services,"Houston, Texas"
KD,"Kyndryl Holdings, Inc.","Kyndryl Holdings, Inc.",share,Information Technology,IT Consulting & Other Services,"New York City, New York"
KEX,Kirby Corporation,Kirby Corporation,share,Industrials,Marine Transportation,"Houston, Texas"
KMPR,Kemper Corporation,Kemper Corporation,share,Financials,Multi-line Insurance,"Chicago, Illinois"
KNF,Knife Riv Holding Co.,Knife River Corporation,share,Materials,Construction Materials,"Bismarck, North Dakota"
KNSL,"Kinsale Capital Group, Inc.","Kinsale Capital Group, Inc.",share,Financials,Property & Casualty Insurance,
KNX,Knight-Swift Transportation Hol,Knight-Swift Transportation Holdings Inc.,share,Industrials,Cargo Ground Transportation,"Phoenix, Arizona"
KRC,Kilroy Realty Corporation,Kilroy Realty Corporation,share,Real Estate,Office REITs,
KRG,Kite Realty Group Trust,Kite Realty Group Trust,share,Real Estate,Retail REITs,
KTOS,Kratos Defense & Security Solut,"Kratos Defense & Security Solutions, Inc.",share,Industrials,Aerospace & Defense,"San Diego, California"
LAD,"Lithia Motors, Inc.","Lithia Motors, Inc.",share,Consumer Discretionary,Automotive Retail,"Medford, Oregon"
LAMR,Lamar Advertising Company,Lamar Advertising Company,share,Real Estate,Other Specialized REITs,"Baton Rouge, Louisiana"
LEA,Lear Corporation,Lear Corporation,share,Consumer Discretionary,Automotive Parts & Equipment,"Southfield, Michigan"
LECO,"Lincoln Electric Holdings, Inc.","Lincoln Electric Holdings, Inc.",share,Industrials,Industrial Machinery & Supplies & Components,"Euclid, Ohio"
LFUS,"Littelfuse, Inc.","Littelfuse, Inc.",share,Information Technology,Electronic Components,"Chicago, Illinois"
LITE,Lumentum Holdings Inc.,Lumentum Holdings Inc.,share,Information Technology,Communications Equipment,"San Jose, California"
LIVN,LivaNova PLC,LivaNova PLC,share,Health Care,Health Care Equipment,"Houston, Texas"
LNTH,"Lantheus Holdings, Inc.","Lantheus Holdings, Inc.",share,Health Care,Health Care Supplies,
LNW,"Light & Wonder, Inc.","Light & Wonder, Inc.",share,Consumer Discretionary,Casinos & Gaming,"Las Vegas, Nevada"
LOPE,"Grand Canyon Education, Inc.","Grand Canyon Education, Inc.",share,Consumer Discretionary,Education Services,"Phoenix, Arizona"
LPX,Louisiana-Pacific Corporation,Louisiana-Pacific Corporation,share,Materials,Forest Products,"Nashville, Tennessee"
LSCC ,Lattice Semiconductor Corporati,Lattice Semiconductor Corporation,share,Information Technology,Semiconductors,"Hillsboro, Oregon"
LSTR,"Landstar System, Inc.","Landstar System, Inc.",share,Industrials,Cargo Ground Transportation,"Jacksonville, Florida"
M,Macy's Inc,"Macy's, Inc.",share,Consumer Discretionary,Broadline Retail,"New York City, New York"
MANH,"Manhattan Associates, Inc.","Manhattan Associates, Inc.",share,Information Technology,Application Software,"Atlanta, Georgia"
MASI,Masimo Corporation,Masimo Corporation,share,Health Care,Health Care Equipment,"Irvine, California"
MAT,"Mattel, Inc.","Mattel, Inc.",share,Consumer Discretionary,Leisure Products,"El Segundo, California"
MEDP,"Medpace Holdings, Inc.","Medpace Holdings, Inc.",share,Health Care,Life Sciences Tools & Services,"Cincinnati, Ohio"
MIDD,The Middleby Corporation,The Middleby Corporation,share,Industrials,Industrial Machinery & Supplies & Components,"Elgin, Illinois"
MKSI,MKS Inc.,MKS Inc.,share,Information Technology,Semiconductor Materials & Equipment,"Andover, Massachusetts"
MLI,"Mueller Industries, Inc.","Mueller Industries, Inc.",share,Industrials,Industrial Machinery & Supplies & Components,"Collierville, Tennessee"
MMS,"Maximus, Inc.","Maximus, Inc.",share,Industrials,Data Processing & Outsourced Services,"Tysons, Virginia"
MORN,"Morningstar, Inc.","Morningstar, Inc.",share,Financials,Financial Exchanges & Data,"Chicago, Illinois"
MP,MP Materials Corp.,MP Materials Corp.,share,Materials,Diversified Metals & Mining,"Las Vegas, Nevada"
MSA,MSA Safety Incorporated,MSA Safety Incorporated,share,Industrials,Office Services & Supplies,"Cranberry Township, Pennsylvania"
MSM,"MSC Industrial Direct Company, ","MSC Industrial Direct Co., Inc.",share,Industrials,Trading Companies & Distributors,"Melville, New York Davidson, North Carolina"
MTDR,Matador Resources Company,Matador Resources Company,share,Energy,Oil & Gas Exploration & Production,"Dallas, Texas"
MTG,MGIC Investment Corporation,MGIC Investment Corporation,share,Financials,Reinsurance,"Milwaukee, Wisconsin"
MTN,"Vail Resorts, Inc.","Vail Resorts, Inc.",share,Consumer Discretionary,"Hotels, Resorts & Cruise Lines","Broomfield, Colorado"
MTSI,MACOM Technology Solutions Hold,"MACOM Technology Solutions Holdings, Inc.",share,Information Technology,Semiconductors,"Lowell, Massachusetts"
MTZ,"MasTec, Inc.","MasTec, Inc.",share,Industrials,Construction & Engineering,"Coral Gables, Florida"
MUR,Murphy Oil Corporation,Murphy Oil Corporation,share,Energy,Oil & Gas Exploration & Production,"Houston, Texas"
MUSA,Murphy USA Inc.,Murphy USA Inc.,share,Consumer Discretionary,Automotive Retail,"El Dorado, Arkansas"
MZTI,The Marzetti Company,The Marzetti Company,share,Consumer Staples,Packaged Foods & Meats,"Westerville, Ohio"
NBIX,"Neurocrine Biosciences, Inc.","Neurocrine Biosciences, Inc.",share,Health Care,Biotechnology,"San Diego, California"
NEU,NewMarket Corp,NewMarket Corporation,share,Materials,Specialty Chemicals,"Richmond, Virginia"
NFG,National Fuel Gas Company,National Fuel Gas Company,share,Utilities,Gas Utilities,"Williamsville, New York"
NJR,NewJersey Resources Corporation,New Jersey Resources Corporation,share,Utilities,Gas Utilities,"Wall Township, New Jersey"
NLY,Annaly Capital Management Inc.,"Annaly Capital Management, Inc.",share,Financials,Mortgage REITs,"New York City, New York"
NNN,"NNN REIT, Inc.","NNN REIT, Inc.",share,Real Estate,Retail REITs,"Orlando, Florida"
NOV,NOV Inc.,NOV Inc.,share,Energy,Oil & Gas Equipment & Services,"Houston, Texas"
NOVT,Novanta Inc.,Novanta Inc.,share,Information Technology,Electronic Equipment & Instruments,
NSA,National Storage Affiliates Tru,National Storage Affiliates Trust,share,Real Estate,Self-Storage REITs,
NSP,"Insperity, Inc.","Insperity, Inc.",share,Industrials,Human Resource & Employment Services,"Houston, Texas"
NTNX,"Nutanix, Inc.","Nutanix, Inc.",share,Information Technology,Systems Software,"San Jose, California"
NVST,Envista Holdings Corporation,Envista Holdings Corporation,share,Health Care,Health Care Supplies,
NVT,nVent Electric plc,nVent Electric plc,share,Industrials,Electrical Components & Equipment,
NWE,"NorthWestern Energy Group, Inc.","NorthWestern Energy Group, Inc.",share,Utilities,Multi-Utilities,"Sioux Falls, South Dakota"
NXST,"Nexstar Media Group, Inc.","Nexstar Media Group, Inc.",share,Communication Services,Broadcasting,"Irving, Texas"
NXT,Nextracker Inc.,Nextracker Inc.,share,Industrials,Electrical Components & Equipment,"Fremont, California"
NYT,New York Times Company (The),The New York Times Company,share,Communication Services,Publishing,"New York City, New York"
OC,Owens Corning Inc,Owens Corning,share,Industrials,Building Products,"Toledo, Ohio"
OGE,OGE Energy Corp,OGE Energy Corp.,share,Utilities,Multi-Utilities,"Oklahoma City, Oklahoma"
OGS,"ONE Gas, Inc.","ONE Gas, Inc.",share,Utilities,Gas Utilities,"Tulsa, Oklahoma"
OHI,"Omega Healthcare Investors, Inc","Omega Healthcare Investors, Inc.",share,Real Estate,Health Care REITs,
OKTA,"Okta, Inc.","Okta, Inc.",share,Information Technology,Application Software,"San Francisco, California"
OLED,Universal Display Corporation,Universal Display Corporation,share,Information Technology,Semiconductors,"Ewing, New Jersey"
OLLI,Ollie's Bargain Outlet Holdings,"Ollie's Bargain Outlet Holdings, Inc.",share,Consumer Discretionary,Broadline Retail,"Harrisburg, Pennsylvania"
OLN,Olin Corporation,Olin Corporation,share,Materials,Diversified Chemicals,"Clayton, Missouri"
ONB,Old National Bancorp,Old National Bancorp,share,Financials,Regional Banks,"Evansville, Indiana"
ONTO,Onto Innovation Inc.,Onto Innovation Inc.,share,Information Technology,Semiconductor Materials & Equipment,"Wilmington, Massachusetts"
OPCH,"Option Care Health, Inc.","Option Care Health, Inc.",share,Health Care,Health Care Facilities,
ORA,"Ormat Technologies, Inc.","Ormat Technologies, Inc.",share,Utilities,Renewable Electricity,"Reno, Nevada"
ORI,Old Republic International Corp,Old Republic International Corporation,share,Financials,Property & Casualty Insurance,"Chicago, Illinois"
OSK,Oshkosh Corporation (Holding Co,Oshkosh Corporation,share,Industrials,Construction Machinery & Heavy Transportation Equipment,"Oshkosh, Wisconsin"
OVV,Ovintiv Inc. (DE),Ovintiv Inc.,share,Energy,Oil & Gas Exploration & Production,"Denver, Colorado"
OZK,Bank OZK,Bank OZK,share,Financials,Regional Banks,"Little Rock, Arkansas"
PAG,"Penske Automotive Group, Inc.","Penske Automotive Group, Inc.",share,Consumer Discretionary,Automotive Retail,"Bloomfield Hills, Michigan"
PB,"Prosperity Bancshares, Inc.","Prosperity Bancshares, Inc.",share,Financials,Regional Banks,"Houston, Texas"
PBF,PBF Energy Inc.,PBF Energy Inc.,share,Energy,Oil & Gas Refining & Marketing,"Parsippany, New Jersey"
PCH,PotlatchDeltic Corporation - Co,PotlatchDeltic Corporation,share,Real Estate,Timber REITs,"Spokane, Washington"
PCTY,Paylocity Holding Corporation,Paylocity Holding Corporation,share,Industrials,Human Resource & Employment Services,"Schaumburg, Illinois"
PEGA,Pegasystems Inc.,Pegasystems Inc.,share,Information Technology,Application Software,"Waltham, Massachusetts"
PEN,"Penumbra, Inc.","Penumbra, Inc.",share,Health Care,Health Care Equipment,"Alameda, California"
PFGC,Performance Food Group Company,Performance Food Group Company,share,Consumer Staples,Food Distributors,"Richmond, Virginia"
PII,Polaris Inc.,Polaris Inc.,share,Consumer Discretionary,Leisure Products,"Medina, Minnesota"
PK,Park Hotels & Resorts Inc.,Park Hotels & Resorts Inc.,share,Real Estate,Hotel & Resort REITs,"Tysons, Virginia"
PLNT,"Planet Fitness, Inc.","Planet Fitness, Inc.",share,Consumer Discretionary,Leisure Facilities,"Hampton, New Hampshire"
PNFP,"Pinnacle Financial Partners, In","Pinnacle Financial Partners, Inc.",share,Financials,Regional Banks,"Nashville, Tennessee"
POR,Portland General Electric Co,Portland General Electric Company,share,Utilities,Electric Utilities,"Portland, Oregon"
POST,"Post Holdings, Inc.","Post Holdings, Inc.",share,Consumer Staples,Packaged Foods & Meats,"St Louis, Missouri"
POWI,"Power Integrations, Inc.","Power Integrations, Inc.",share,Information Technology,Semiconductors,"San Jose, California"
PPC,Pilgrim's Pride Corporation,Pilgrim's Pride Corporation,share,Consumer Staples,Packaged Foods & Meats,"Greeley, Colorado"
PR,Permian Resources Corporation,Permian Resources Corporation,share,Energy,Oil & Gas Exploration & Production,"Midland, Texas"
PRGO,Perrigo Company plc,Perrigo Company plc,share,Health Care,Pharmaceuticals,"Grand Rapids, Michigan"
PRI,"Primerica, Inc.","Primerica, Inc.",share,Financials,Life & Health Insurance,"Duluth, Georgia"
PSN,Parsons Corporation,Parsons Corporation,share,Industrials,Aerospace & Defense,"Chantilly, Virginia"
PSTG,"Pure Storage, Inc.","Pure Storage, Inc.",share,Information Technology,"Technology Hardware, Storage & Peripherals","Santa Clara, California"
PVH,PVH Corp.,PVH Corp.,share,Consumer Discretionary,"Apparel, Accessories & Luxury Goods","New York City, New York"
QLYS,"Qualys, Inc.","Qualys, Inc.",share,Information Technology,Systems Software,"Foster City, California"
R,"Ryder System, Inc.","Ryder System, Inc.",share,Industrials,Cargo Ground Transportation,"Miami, Florida"
RBA,"RB Global, Inc.","RB Global, Inc.",share,Industrials,Diversified Support Services,"Westchester, Illinois"
RBC,RBC Bearings Incorporated,RBC Bearings Incorporated,share,Industrials,Industrial Machinery & Supplies & Components,"Oxford, Connecticut"
REXR,"Rexford Industrial Realty, Inc.","Rexford Industrial Realty, Inc.",share,Real Estate,Industrial REITs,
RGA,"Reinsurance Group of America, I","Reinsurance Group of America, Incorporated",share,Financials,Reinsurance,"Chesterfield, Missouri"
RGEN,Repligen Corporation,Repligen Corporation,share,Health Care,Biotechnology,"Waltham, Massachusetts"
RGLD,"Royal Gold, Inc.","Royal Gold, Inc.",share,Materials,Gold,"Denver, Colorado"
RH,RH,RH,share,Consumer Discretionary,Homefurnishing Retail,"Corte Madera, California"
RLI,RLI Corp.,RLI Corp.,share,Financials,Property & Casualty Insurance,"Peoria, Illinois"
RMBS,"Rambus, Inc.",Rambus Inc.,share,Information Technology,Semiconductors,"San Jose, California"
RNR,RenaissanceRe Holdings Ltd.,RenaissanceRe Holdings Ltd.,share,Financials,Reinsurance,Bermuda
ROIV,Roivant Sciences Ltd.,Roivant Sciences Ltd.,share,Health Care,Biotechnology,"London, United Kingdom"
RPM,RPM International Inc.,RPM International Inc.,share,Materials,Specialty Chemicals,"Medina, Ohio"
RRC,Range Resources Corporation,Range Resources Corporation,share,Energy,Oil & Gas Exploration & Production,"Fort Worth, Texas"
RRX,Regal Rexnord Corporation,Regal Rexnord Corporation,share,Industrials,Electrical Components & Equipment,"Beloit, Wisconsin"
RS,"Reliance, Inc.","Reliance, Inc.",share,Materials,Steel,"Scottsdale, Arizona"
RYAN,"Ryan Specialty Holdings, Inc.","Ryan Specialty Holdings, Inc.",share,Financials,Insurance Brokers,"Chicago, Illinois"
RYN,Rayonier Inc. REIT,Rayonier Inc.,share,Real Estate,Timber REITs,"Wildlight, Florida"
SAIA,"Saia, Inc.","Saia, Inc.",share,Industrials,Cargo Ground Transportation,"Johns Creek, Georgia"
SAIC,Science Applications Internatio,Science Applications International Corporation,share,Industrials,Diversified Support Services,"Reston, Virginia"
SAM,"Boston Beer Company, Inc. (The)","The Boston Beer Company, Inc.",share,Consumer Staples,Brewers,"Boston, Massachusetts"
SATS,EchoStar Corporation,EchoStar Corporation,share,Communication Services,Wireless Telecommunication Services,"Englewood, Colorado"
SBRA,"Sabra Health Care REIT, Inc.","Sabra Health Care REIT, Inc.",share,Real Estate,Health Care REITs,
SCI,Service Corporation Internation,Service Corporation International,share,Consumer Discretionary,Specialized Consumer Services,"Houston, Texas"
SEIC,SEI Investments Company,SEI Investments Company,share,Financials,Asset Management & Custody Banks,"Oaks, Pennsylvania"
SF,Stifel Financial Corporation,Stifel Financial Corp.,share,Financials,Investment Banking & Brokerage,"St. Louis, Missouri"
SFM,"Sprouts Farmers Market, Inc.","Sprouts Farmers Market, Inc.",share,Consumer Staples,Food Retail,"Phoenix, Arizona"
SGI,Somnigroup International Inc.,Somnigroup International Inc.,share,Consumer Discretionary,Home Furnishings,"Lexington, Kentucky"
SHC,Sotera Health Company,Sotera Health Company,share,Health Care,Health Care Services,"Broadview Heights, Ohio"
SIGI,"Selective Insurance Group, Inc.","Selective Insurance Group, Inc.",share,Financials,Property & Casualty Insurance,
SLAB,"Silicon Laboratories, Inc.",Silicon Laboratories Inc.,share,Information Technology,Semiconductors,"Austin, Texas"
SLGN,Silgan Holdings Inc.,Silgan Holdings Inc.,share,Materials,"Metal, Glass & Plastic Containers","Stamford, Connecticut"
SLM,SLM Corporation,SLM Corporation,share,Financials,Consumer Finance,"Newark, Delaware"
SMG,Scotts Miracle-Gro Company (The,The Scotts Miracle-Gro Company,share,Materials,Fertilizers & Agricultural Chemicals,"Marysville, Ohio"
SNV,Synovus Financial Corp.,Synovus Financial Corp.,share,Financials,Regional Banks,"Columbus, Georgia"
SNX,TD SYNNEX Corporation,TD SYNNEX Corporation,share,Information Technology,Technology Distributors,"Fremont, California Clearwater, Florida"
SON,Sonoco Products Company,Sonoco Products Company,share,Materials,Paper & Plastic Packaging Products & Materials,"Hartsville, South Carolina"
SR,Spire Inc.,Spire Inc.,share,Utilities,Gas Utilities,"St. Louis, Missouri"
SSB,SouthState Bank Corporation,SouthState Bank Corporation,share,Financials,Regional Banks,"Winter Haven, Florida"
SSD,"Simpson Manufacturing Company, ","Simpson Manufacturing Co., Inc.",share,Industrials,Building Products,"Pleasanton, California"
ST,Sensata Technologies Holding pl,Sensata Technologies Holding plc,share,Industrials,Electrical Components & Equipment,"Attleboro, Massachusetts"
STAG,"Stag Industrial, Inc.","STAG Industrial, Inc.",share,Real Estate,Industrial REITs,"Boston, Massachusetts"
STWD,"STARWOOD PROPERTY TRUST, INC. S","Starwood Property Trust, Inc.",share,Financials,Mortgage REITs,"Greenwich, Connecticut"
SWX,"Southwest Gas Holdings, Inc.","Southwest Gas Holdings, Inc.",share,Utilities,Gas Utilities,"Las Vegas, Nevada"
SYNA,Synaptics Incorporated,Synaptics Incorporated,share,Information Technology,Semiconductors,"San Jose, California"
TCBI,"Texas Capital Bancshares, Inc.","Texas Capital Bancshares, Inc.",share,Financials,Regional Banks,"Dallas, Texas"
TEX,Terex Corporation,Terex Corporation,share,Industrials,Construction Machinery & Heavy Transportation Equipment,"Norwalk, Connecticut"
THC,Tenet Healthcare Corporation,Tenet Healthcare Corporation,share,Health Care,Health Care Facilities,"Dallas, Texas"
THG,Hanover Insurance Group Inc,"The Hanover Insurance Group, Inc.",share,Financials,Property & Casualty Insurance,"Worcester, Massachusetts"
THO,"Thor Industries, Inc.","THOR Industries, Inc.",share,Consumer Discretionary,Leisure Products,"Elkhart, Indiana"
TKR,Timken Company (The),The Timken Company,share,Industrials,Industrial Machinery & Supplies & Components,"North Canton, Ohio"
TLN,Talen Energy Corporation,Talen Energy Corporation,share,Utilities,Independent Power Producers & Energy Traders,"Houston, Texas"
TMHC,Taylor Morrison Home Corporatio,Taylor Morrison Home Corporation,share,Consumer Discretionary,Homebuilding,"Scottsdale, Arizona"
TNL,Travel   Leisure Co.,Travel + Leisure Co.,share,Consumer Discretionary,"Hotels, Resorts & Cruise Lines","Orlando, Florida"
TOL,"Toll Brothers, Inc.","Toll Brothers, Inc.",share,Consumer Discretionary,Homebuilding,"Fort Washington, Pennsylvania"
TREX,"Trex Company, Inc.","Trex Company, Inc.",share,Industrials,Building Products,"Winchester, Virginia"
TRU,TransUnion,TransUnion,share,Industrials,Research & Consulting Services,"Chicago, Illinois"
TTC,Toro Company (The),The Toro Company,share,Industrials,Agricultural & Farm Machinery,"Bloomington, Minnesota"
TTEK,"Tetra Tech, Inc.","Tetra Tech, Inc.",share,Industrials,Construction & Engineering,"Pasadena, California"
TWLO,Twilio Inc.,Twilio Inc.,share,Information Technology,Systems Software,"San Francisco, California"
TXNM,"TXNM Energy, Inc.","TXNM Energy, Inc.",share,Utilities,Electric Utilities,"Albuquerque, New Mexico"
TXRH,"Texas Roadhouse, Inc.","Texas Roadhouse, Inc.",share,Consumer Discretionary,Restaurants,"Louisville, Kentucky"
UA,"Under Armour, Inc.","Under Armour, Inc.",share,Consumer Discretionary,"Apparel, Accessories & Luxury Goods","Baltimore, Maryland"
UAA,"Under Armour, Inc.","Under Armour, Inc.",share,Consumer Discretionary,"Apparel, Accessories & Luxury Goods","Baltimore, Maryland"
UBSI,"United Bankshares, Inc.","United Bankshares, Inc.",share,Financials,Regional Banks,"Charleston, West Virginia"
UFPI,"UFP Industries, Inc.","UFP Industries, Inc.",share,Industrials,Building Products,"Grand Rapids, Michigan"
UGI,UGI Corporation,UGI Corporation,share,Utilities,Gas Utilities,"King of Prussia, Pennsylvania"
UMBF,UMB Financial Corporation,UMB Financial Corporation,share,Financials,Regional Banks,"Kansas City, Missouri"
UNM,Unum Group,Unum Group,share,Financials,Life & Health Insurance,"Chattanooga, Tennessee"
USFD,US Foods Holding Corp.,US Foods Holding Corp.,share,Consumer Staples,Food Distributors,"Rosemont, Illinois"
UTHR,United Therapeutics Corporation,United Therapeutics Corporation,share,Health Care,Biotechnology,
VAC,Marriott Vacations Worldwide Co,Marriott Vacations Worldwide Corporation,share,Consumer Discretionary,"Hotels, Resorts & Cruise Lines","Orlando, Florida"
VAL,Valaris Limited,Valaris Limited,share,Energy,Oil & Gas Drilling,"Houston, Texas"
VC,Visteon Corporation,Visteon Corporation,share,Consumer Discretionary,Automotive Parts & Equipment,"Van Buren Township, Michigan"
VFC,V.F. Corporation,V.F. Corporation,share,Consumer Discretionary,"Apparel, Accessories & Luxury Goods","Denver, Colorado"
VLY,Valley National Bancorp,Valley National Bancorp,share,Financials,Regional Banks,"Morristown, New Jersey"
VMI,"Valmont Industries, Inc.","Valmont Industries, Inc.",share,Industrials,Industrial Machinery & Supplies & Components,"Omaha, Nebraska"
VNO,Vornado Realty Trust,Vornado Realty Trust,share,Real Estate,Office REITs,"New York City, New York"
VNOM,"Viper Energy, Inc.","Viper Energy, Inc.",share,Energy,Oil & Gas Storage & Transportation,"Midland, Texas"
VNT,Vontier Corporation,Vontier Corporation,share,Information Technology,Electronic Equipment & Instruments,"Raleigh, North Carolina"
VOYA,"Voya Financial, Inc.","Voya Financial, Inc.",share,Financials,Multi-Sector Holdings,"New York City, New York"
VVV,Valvoline Inc.,Valvoline Inc.,share,Consumer Discretionary,Automotive Retail,"Lexington, Kentucky"
WAL,Western Alliance Bancorporation,Western Alliance Bancorporation,share,Financials,Regional Banks,"Phoenix, Arizona"
WBS,Webster Financial Corporation,Webster Financial Corporation,share,Financials,Regional Banks,"Stamford, Connecticut"
WCC,"WESCO International, Inc.","WESCO International, Inc.",share,Industrials,Trading Companies & Distributors,"Pittsburgh, Pennsylvania"
WEX,WEX Inc.,WEX Inc.,share,Financials,Transaction & Payment Processing Services,"South Portland, Maine"
WFRD,Weatherford International plc,Weatherford International plc,share,Energy,Oil & Gas Equipment & Services,"Houston, Texas"
WH,"Wyndham Hotels & Resorts, Inc.","Wyndham Hotels & Resorts, Inc.",share,Consumer Discretionary,"Hotels, Resorts & Cruise Lines","Parsippany, New Jersey"
WHR,Whirlpool Corporation,Whirlpool Corporation,share,Consumer Discretionary,Household Appliances,"Benton Harbor, Michigan"
WING,Wingstop Inc.,Wingstop Inc.,share,Consumer Discretionary,Restaurants,"Addison, Texas"
WLK,Westlake Corporation,Westlake Corporation,share,Materials,Specialty Chemicals,"Houston, Texas"
WMG,Warner Music Group Corp.,Warner Music Group Corp.,share,Communication Services,Movies & Entertainment,"New York City, New York"
WMS,"Advanced Drainage Systems, Inc.","Advanced Drainage Systems, Inc.",share,Industrials,Building Products,"Hilliard, Ohio"
WPC,W. P. Carey Inc. REIT,W. P. Carey Inc.,share,Real Estate,Diversified REITs,"New York City, New York"
WSO,"Watsco, Inc.","Watsco, Inc.",share,Industrials,Trading Companies & Distributors,"Miami, Florida"
WTFC,Wintrust Financial Corporation,Wintrust Financial Corporation,share,Financials,Regional Banks,"Rosemont, Illinois"
WTRG,"Essential Utilities, Inc.","Essential Utilities, Inc.",share,Utilities,Water Utilities,"Bryn Mawr, Pennsylvania"
WTS,"Watts Water Technologies, Inc.","Watts Water Technologies, Inc.",share,Industrials,Building Products,"North Andover, Massachusetts"
WWD,"Woodward, Inc.","Woodward, Inc.",share,Industrials,Electrical Components & Equipment,"Fort Collins, Colorado"
XPO,"XPO, Inc.","XPO, Inc.",share,Industrials,Cargo Ground Transportation,"Greenwich, Connecticut"
XRAY,DENTSPLY SIRONA Inc.,DENTSPLY SIRONA Inc.,share,Health Care,Health Care Supplies,"Charlotte, North Carolina"
YETI,"YETI Holdings, Inc.","YETI Holdings, Inc.",share,Consumer Discretionary,Leisure Products,"Austin, Texas"
ZION,Zions Bancorporation N.A.,"Zions Bancorporation, National Association",share,Financials,Regional Banks,"Salt Lake City, Utah"
Founded,,,share,,,
MMM,3M Company,3M Company,share,Industrials,Industrial Conglomerates,"Saint Paul, Minnesota"
AOS,A.O. Smith Corporation,A. O. Smith Corporation,share,Industrials,Building Products,"Milwaukee, Wisconsin"
ABT,Abbott Laboratories,Abbott Laboratories,share,Health Care,Health Care Equipment,"North Chicago, Illinois"
ABBV,AbbVie Inc.,AbbVie Inc.,share,Health Care,Biotechnology,"North Chicago, Illinois"
ACN,Accenture plc,Accenture plc,share,Information Technology,IT Consulting & Other Services,"Dublin, Ireland"
ADBE,Adobe Inc.,Adobe Inc.,share,Information Technology,Application Software,"San Jose, California"
AMD,"Advanced Micro Devices, Inc.","Advanced Micro Devices, Inc.",share,Information Technology,Semiconductors,"Santa Clara, California"
AES,The AES Corporation,The AES Corporation,share,Utilities,Independent Power Producers & Energy Traders,"Arlington, Virginia"
AFL,AFLAC Incorporated,Aflac Incorporated,share,Financials,Life & Health Insurance,"Columbus, Georgia"
A,"Agilent Technologies, Inc.","Agilent Technologies, Inc.",share,Health Care,Life Sciences Tools & Services,"Santa Clara, California"
APD,"Air Products and Chemicals, Inc","Air Products and Chemicals, Inc.",share,Materials,Industrial Gases,"Upper Macungie Township, Pennsylvania"
ABNB,"Airbnb, Inc.","Airbnb, Inc.",share,Consumer Discretionary,"Hotels, Resorts & Cruise Lines","San Francisco, California"
AKAM,"Akamai Technologies, Inc.","Akamai Technologies, Inc.",share,Information Technology,Internet Services & Infrastructure,"Cambridge, Massachusetts"
ALB,Albemarle Corporation,Albemarle Corporation,share,Materials,Specialty Chemicals,"Charlotte, North Carolina"
ARE,Alexandria Real Estate Equities,"Alexandria Real Estate Equities, Inc.",share,Real Estate,Office REITs,"Pasadena, California"
ALGN,"Align Technology, Inc.","Align Technology, Inc.",share,Health Care,Health Care Supplies,"Tempe, Arizona"
ALLE,Allegion plc,Allegion plc,share,Industrials,Building Products,"Dublin, Ireland"
LNT,Alliant Energy Corporation,Alliant Energy Corporation,share,Utilities,Electric Utilities,"Madison, Wisconsin"
ALL,Allstate Corporation (The),The Allstate Corporation,share,Financials,Property & Casualty Insurance,"Northbrook, Illinois"
GOOGL,Alphabet Inc.,Alphabet Inc.,share,Communication Services,Interactive Media & Services,"Mountain View, California"
GOOG,Alphabet Inc.,Alphabet Inc.,share,Communication Services,Interactive Media & Services,"Mountain View, California"
MO,"Altria Group, Inc.","Altria Group, Inc.",share,Consumer Staples,Tobacco,"Richmond, Virginia"
AMZN,"Amazon.com, Inc.","Amazon.com, Inc.",share,Consumer Discretionary,Broadline Retail,"Seattle, Washington"
AMCR,Amcor plc,Amcor plc,share,Materials,Paper & Plastic Packaging Products & Materials,"Warmley, Bristol, United Kingdom"
AEE,Ameren Corporation,Ameren Corporation,share,Utilities,Multi-Utilities,"St. Louis, Missouri"
AEP,American Electric Power Company,"American Electric Power Company, Inc.",share,Utilities,Electric Utilities,"Columbus, Ohio"
AXP,American Express Company,American Express Company,share,Financials,Consumer Finance,"New York City, New York"
AIG,"American International Group, I","American International Group, Inc.",share,Financials,Multi-line Insurance,"New York City, New York"
AMT,American Tower Corporation (REI,American Tower Corporation,share,Real Estate,Telecom Tower REITs,"Boston, Massachusetts"
AWK,"American Water Works Company, I","American Water Works Company, Inc.",share,Utilities,Water Utilities,"Camden, New Jersey"
AMP,"Ameriprise Financial, Inc.","Ameriprise Financial, Inc.",share,Financials,Asset Management & Custody Banks,"Minneapolis, Minnesota"
AME,"AMETEK, Inc.","AMETEK, Inc.",share,Industrials,Electrical Components & Equipment,"Berwyn, Pennsylvania"
AMGN,Amgen Inc.,Amgen Inc.,share,Health Care,Biotechnology,"Thousand Oaks, California"
APH,Amphenol Corporation,Amphenol Corporation,share,Information Technology,Electronic Components,"Wallingford, Connecticut"
ADI,"Analog Devices, Inc.","Analog Devices, Inc.",share,Information Technology,Semiconductors,"Wilmington, Massachusetts"
AON,Aon plc,Aon plc,share,Financials,Insurance Brokers,"London, United Kingdom"
APA,APA Corporation,APA Corporation,share,Energy,Oil & Gas Exploration & Production,"Houston, Texas"
APO,"Apollo Global Management, Inc. ","Apollo Global Management, Inc.",share,Financials,Asset Management & Custody Banks,"New York City, New York"
AAPL,Apple Inc.,Apple Inc.,share,Information Technology,"Technology Hardware, Storage & Peripherals","Cupertino, California"
AMAT,"Applied Materials, Inc.","Applied Materials, Inc.",share,Information Technology,Semiconductor Materials & Equipment,"Santa Clara, California"
APP,Applovin Corporation,AppLovin Corporation,share,Information Technology,Application Software,"Palo Alto, California"
APTV,Aptiv PLC,Aptiv PLC,share,Consumer Discretionary,Automotive Parts & Equipment,"Dublin, Ireland"
ACGL,Arch Capital Group Ltd.,Arch Capital Group Ltd.,share,Financials,Property & Casualty Insurance,"Hamilton, Bermuda"
ADM,Archer-Daniels-Midland Company,Archer-Daniels-Midland Company,share,Consumer Staples,Agricultural Products & Services,"Chicago, Illinois"
ANET,"Arista Networks, Inc.",Arista Networks Inc,share,Information Technology,Communications Equipment,"Santa Clara, California"
AJG,Arthur J. Gallagher & Co.,Arthur J. Gallagher & Co.,share,Financials,Insurance Brokers,"Rolling Meadows, Illinois"
AIZ,"Assurant, Inc.","Assurant, Inc.",share,Financials,Multi-line Insurance,"Atlanta, Georgia"
T,AT&T Inc.,AT&T Inc.,share,Communication Services,Integrated Telecommunication Services,"Dallas, Texas"
ATO,Atmos Energy Corporation,Atmos Energy Corporation,share,Utilities,Gas Utilities,"Dallas, Texas"
ADSK,"Autodesk, Inc.","Autodesk, Inc.",share,Information Technology,Application Software,"San Francisco, California"
ADP,"Automatic Data Processing, Inc.","Automatic Data Processing, Inc.",share,Industrials,Human Resource & Employment Services,"Roseland, New Jersey"
AZO,"AutoZone, Inc.","AutoZone, Inc.",share,Consumer Discretionary,Automotive Retail,"Memphis, Tennessee"
AVB,"AvalonBay Communities, Inc.","AvalonBay Communities, Inc.",share,Real Estate,Multi-Family Residential REITs,"Arlington, Virginia"
AVY,Avery Dennison Corporation,Avery Dennison Corporation,share,Materials,Paper & Plastic Packaging Products & Materials,"Mentor, Ohio"
AXON,"Axon Enterprise, Inc.","Axon Enterprise, Inc.",share,Industrials,Aerospace & Defense,"Scottsdale, Arizona"
BKR,Baker Hughes Company,Baker Hughes Company,share,Energy,Oil & Gas Equipment & Services,"Houston, Texas"
BALL,Ball Corporation,Ball Corporation,share,Materials,"Metal, Glass & Plastic Containers","Broomfield, Colorado"
BAC,Bank of America Corporation,Bank of America Corporation,share,Financials,Diversified Banks,"Charlotte, North Carolina"
BAX,Baxter International Inc.,Baxter International Inc.,share,Health Care,Health Care Equipment,"Deerfield, Illinois"
BDX,"Becton, Dickinson and Company","Becton, Dickinson and Company",share,Health Care,Health Care Equipment,"Franklin Lakes, New Jersey"
BRK.B,,,share,Financials,Multi-Sector Holdings,"Omaha, Nebraska"
BBY,"Best Buy Co., Inc.","Best Buy Co., Inc.",share,Consumer Discretionary,Computer & Electronics Retail,"Richfield, Minnesota"
TECH,Bio-Techne Corp,Bio-Techne Corporation,share,Health Care,Life Sciences Tools & Services,"Minneapolis, Minnesota"
BIIB,Biogen Inc.,Biogen Inc.,share,Health Care,Biotechnology,"Cambridge, Massachusetts"
BLK,"BlackRock, Inc.","BlackRock, Inc.",share,Financials,Asset Management & Custody Banks,"New York City, New York"
BX,Blackstone Inc.,Blackstone Inc.,share,Financials,Asset Management & Custody Banks,"New York City, New York"
XYZ,"Block, Inc.","Block, Inc.",share,Financials,Transaction & Payment Processing Services,none
BK,The Bank of New York Mellon Cor,The Bank of New York Mellon Corporation,share,Financials,Asset Management & Custody Banks,"New York City, New York"
BA,Boeing Company (The),The Boeing Company,share,Industrials,Aerospace & Defense,"Arlington, Virginia"
BKNG,Booking Holdings Inc. Common St,Booking Holdings Inc.,share,Consumer Discretionary,"Hotels, Resorts & Cruise Lines","Norwalk, Connecticut"
BSX,Boston Scientific Corporation,Boston Scientific Corporation,share,Health Care,Health Care Equipment,"Marlborough, Massachusetts"
BMY,Bristol-Myers Squibb Company,Bristol-Myers Squibb Company,share,Health Care,Pharmaceuticals,"New York City, New York"
AVGO,Broadcom Inc.,Broadcom Inc.,share,Information Technology,Semiconductors,"Palo Alto, California"
BR,"Broadridge Financial Solutions,","Broadridge Financial Solutions, Inc.",share,Industrials,Data Processing & Outsourced Services,"Lake Success, New York"
BRO,"Brown & Brown, Inc.","Brown & Brown, Inc.",share,Financials,Insurance Brokers,"Daytona Beach, Florida"
BF.B,,,share,Consumer Staples,Distillers & Vintners,"Louisville, Kentucky"
BLDR,"Builders FirstSource, Inc.","Builders FirstSource, Inc.",share,Industrials,Building Products,"Irving, Texas"
BG,Bunge Limited,Bunge Global SA,share,Consumer Staples,Agricultural Products & Services,"Chesterfield, Missouri"
BXP,"BXP, Inc.","BXP, Inc.",share,Real Estate,Office REITs,"Boston, Massachusetts"
CHRW,"C.H. Robinson Worldwide, Inc.","C.H. Robinson Worldwide, Inc.",share,Industrials,Air Freight & Logistics,"Eden Prairie, Minnesota"
CDNS,"Cadence Design Systems, Inc.","Cadence Design Systems, Inc.",share,Information Technology,Application Software,"San Jose, California"
CPT,Camden Property Trust,Camden Property Trust,share,Real Estate,Multi-Family Residential REITs,"Houston, Texas"
CPB,The Campbell's Company,The Campbell's Company,share,Consumer Staples,Packaged Foods & Meats,"Camden, New Jersey"
COF,Capital One Financial Corporati,Capital One Financial Corporation,share,Financials,Consumer Finance,"Tysons Corner, Virginia"
CAH,"Cardinal Health, Inc.","Cardinal Health, Inc.",share,Health Care,Health Care Distributors,"Dublin, Ohio"
KMX,CarMax Inc,"CarMax, Inc.",share,Consumer Discretionary,Automotive Retail,"Richmond, Virginia"
CCL,Carnival Corporation,Carnival Corporation & plc,share,Consumer Discretionary,"Hotels, Resorts & Cruise Lines","Miami, Florida"
CARR,Carrier Global Corporation,Carrier Global Corporation,share,Industrials,Building Products,"Palm Beach Gardens, Florida"
CAT,"Caterpillar, Inc.",Caterpillar Inc.,share,Industrials,Construction Machinery & Heavy Transportation Equipment,"Irving, Texas"
CBOE,"Cboe Global Markets, Inc.","Cboe Global Markets, Inc.",share,Financials,Financial Exchanges & Data,"Chicago, Illinois"
CBRE,CBRE Group Inc,"CBRE Group, Inc.",share,Real Estate,Real Estate Services,"Dallas, Texas"
CDW,CDW Corporation,CDW Corporation,share,Information Technology,Technology Distributors,"Vernon Hills, Illinois"
COR,"Cencora, Inc.","Cencora, Inc.",share,Health Care,Health Care Distributors,"Conshohocken, Pennsylvania"
CNC,Centene Corporation,Centene Corporation,share,Health Care,Managed Health Care,"St. Louis, Missouri"
CNP,"CenterPoint Energy, Inc (Holdin","CenterPoint Energy, Inc.",share,Utilities,Multi-Utilities,"Houston, Texas"
CF,"CF Industries Holdings, Inc.","CF Industries Holdings, Inc.",share,Materials,Fertilizers & Agricultural Chemicals,"Deerfield, Illinois"
CRL,Charles River Laboratories Inte,"Charles River Laboratories International, Inc.",share,Health Care,Life Sciences Tools & Services,"Wilmington, Massachusetts"
SCHW,Charles Schwab Corporation (The,The Charles Schwab Corporation,share,Financials,Investment Banking & Brokerage,"Westlake, Texas"
CHTR,"Charter Communications, Inc.","Charter Communications, Inc.",share,Communication Services,Cable & Satellite,"Stamford, Connecticut"
CVX,Chevron Corporation,Chevron Corporation,share,Energy,Integrated Oil & Gas,"Houston, Texas"
CMG,"Chipotle Mexican Grill, Inc.","Chipotle Mexican Grill, Inc.",share,Consumer Discretionary,Restaurants,"Newport Beach, California"
CB,Chubb Limited,Chubb Limited,share,Financials,Property & Casualty Insurance,"Zurich, Switzerland"
CHD,"Church & Dwight Company, Inc.","Church & Dwight Co., Inc.",share,Consumer Staples,Household Products,"Ewing, New Jersey"
CI,The Cigna Group,The Cigna Group,share,Health Care,Health Care Services,"Bloomfield, Connecticut"
CINF,Cincinnati Financial Corporatio,Cincinnati Financial Corporation,share,Financials,Property & Casualty Insurance,"Fairfield, Ohio"
CTAS,Cintas Corporation,Cintas Corporation,share,Industrials,Diversified Support Services,"Mason, Ohio"
CSCO,"Cisco Systems, Inc.","Cisco Systems, Inc.",share,Information Technology,Communications Equipment,"San Jose, California"
C,"Citigroup, Inc.",Citigroup Inc.,share,Financials,Diversified Banks,"New York City, New York"
CFG,"Citizens Financial Group, Inc.","Citizens Financial Group, Inc.",share,Financials,Regional Banks,"Providence, Rhode Island"
CLX,Clorox Company (The),The Clorox Company,share,Consumer Staples,Household Products,"Oakland, California"
CME,CME Group Inc.,CME Group Inc.,share,Financials,Financial Exchanges & Data,"Chicago, Illinois"
CMS,CMS Energy Corporation,CMS Energy Corporation,share,Utilities,Multi-Utilities,"Jackson, Michigan"
KO,Coca-Cola Company (The),The Coca-Cola Company,share,Consumer Staples,Soft Drinks & Non-alcoholic Beverages,"Atlanta, Georgia"
CTSH,Cognizant Technology Solutions ,Cognizant Technology Solutions Corporation,share,Information Technology,IT Consulting & Other Services,"Teaneck, New Jersey"
COIN,"Coinbase Global, Inc.","Coinbase Global, Inc.",share,Financials,Financial Exchanges & Data,"New York City, New York"
CL,Colgate-Palmolive Company,Colgate-Palmolive Company,share,Consumer Staples,Household Products,"New York City, New York"
CMCSA,Comcast Corporation,Comcast Corporation,share,Communication Services,Cable & Satellite,"Philadelphia, Pennsylvania"
CAG,"ConAgra Brands, Inc.","Conagra Brands, Inc.",share,Consumer Staples,Packaged Foods & Meats,"Chicago, Illinois"
COP,ConocoPhillips,ConocoPhillips,share,Energy,Oil & Gas Exploration & Production,"Houston, Texas"
ED,"Consolidated Edison, Inc.","Consolidated Edison, Inc.",share,Utilities,Multi-Utilities,"New York City, New York"
STZ,"Constellation Brands, Inc.","Constellation Brands, Inc.",share,Consumer Staples,Distillers & Vintners,"Rochester, New York"
CEG,Constellation Energy Corporatio,Constellation Energy Corporation,share,Utilities,Electric Utilities,"Baltimore, Maryland"
COO,"The Cooper Companies, Inc.","The Cooper Companies, Inc.",share,Health Care,Health Care Supplies,"San Ramon, California"
CPRT,"Copart, Inc.","Copart, Inc.",share,Industrials,Diversified Support Services,"Dallas, Texas"
GLW,Corning Incorporated,Corning Incorporated,share,Information Technology,Electronic Components,"Corning, New York"
CPAY,"Corpay, Inc.","Corpay, Inc.",share,Financials,Transaction & Payment Processing Services,"Atlanta, Georgia"
CTVA,"Corteva, Inc.","Corteva, Inc.",share,Materials,Fertilizers & Agricultural Chemicals,"Indianapolis, Indiana"
CSGP,"CoStar Group, Inc.","CoStar Group, Inc.",share,Real Estate,Real Estate Services,"Washington, D.C."
COST,Costco Wholesale Corporation,Costco Wholesale Corporation,share,Consumer Staples,Consumer Staples Merchandise Retail,"Issaquah, Washington"
CTRA,Coterra Energy Inc.,Coterra Energy Inc.,share,Energy,Oil & Gas Exploration & Production,"Houston, Texas"
CRWD,"CrowdStrike Holdings, Inc.","CrowdStrike Holdings, Inc.",share,Information Technology,Systems Software,"Austin, Texas"
CCI,Crown Castle Inc.,Crown Castle Inc.,share,Real Estate,Telecom Tower REITs,"Houston, Texas"
CSX,CSX Corporation,CSX Corporation,share,Industrials,Rail Transportation,"Jacksonville, Florida"
CMI,Cummins Inc.,Cummins Inc.,share,Industrials,Construction Machinery & Heavy Transportation Equipment,"Columbus, Indiana"
CVS,CVS Health Corporation,CVS Health Corporation,share,Health Care,Health Care Services,"Woonsocket, Rhode Island"
DHR,Danaher Corporation,Danaher Corporation,share,Health Care,Life Sciences Tools & Services,"Washington, D.C."
DRI,"Darden Restaurants, Inc.","Darden Restaurants, Inc.",share,Consumer Discretionary,Restaurants,"Orlando, Florida"
DDOG,"Datadog, Inc.","Datadog, Inc.",share,Information Technology,Application Software,"New York City, New York"
DVA,DaVita Inc.,DaVita Inc.,share,Health Care,Health Care Services,"Denver, Colorado"
DAY,"Dayforce, Inc.",Dayforce Inc,share,Industrials,Human Resource & Employment Services,"Minneapolis, Minnesota"
DECK,Deckers Outdoor Corporation,Deckers Outdoor Corporation,share,Consumer Discretionary,Footwear,"Goleta, California"
DE,Deere & Company,Deere & Company,share,Industrials,Agricultural & Farm Machinery,"Moline, Illinois"
DELL,Dell Technologies Inc.,Dell Technologies Inc.,share,Information Technology,"Technology Hardware, Storage & Peripherals","Round Rock, Texas"
DAL,"Delta Air Lines, Inc.","Delta Air Lines, Inc.",share,Industrials,Passenger Airlines,"Atlanta, Georgia"
DVN,Devon Energy Corporation,Devon Energy Corporation,share,Energy,Oil & Gas Exploration & Production,"Oklahoma City, Oklahoma"
DXCM,"DexCom, Inc.","DexCom, Inc.",share,Health Care,Health Care Equipment,"San Diego, California"
FANG,"Diamondback Energy, Inc.","Diamondback Energy, Inc.",share,Energy,Oil & Gas Exploration & Production,"Midland, Texas"
DLR,"Digital Realty Trust, Inc.","Digital Realty Trust, Inc.",share,Real Estate,Data Center REITs,"Austin, Texas"
DG,Dollar General Corporation,Dollar General Corporation,share,Consumer Staples,Consumer Staples Merchandise Retail,"Goodlettsville, Tennessee"
DLTR,"Dollar Tree, Inc.","Dollar Tree, Inc.",share,Consumer Staples,Consumer Staples Merchandise Retail,"Chesapeake, Virginia"
D,"Dominion Energy, Inc.","Dominion Energy, Inc.",share,Utilities,Multi-Utilities,"Richmond, Virginia"
DPZ,Domino's Pizza Inc,"Domino's Pizza, Inc.",share,Consumer Discretionary,Restaurants,"Ann Arbor, Michigan"
DASH,"DoorDash, Inc.","DoorDash, Inc.",share,Consumer Discretionary,Specialized Consumer Services,"San Francisco, California"
DOV,Dover Corporation,Dover Corporation,share,Industrials,Industrial Machinery & Supplies & Components,"Downers Grove, Illinois"
DOW,Dow Inc.,Dow Inc.,share,Materials,Commodity Chemicals,"Midland, Michigan"
DHI,"D.R. Horton, Inc.","D.R. Horton, Inc.",share,Consumer Discretionary,Homebuilding,"Arlington, Texas"
DTE,DTE Energy Company,DTE Energy Company,share,Utilities,Multi-Utilities,"Detroit, Michigan"
DUK,Duke Energy Corporation (Holdin,Duke Energy Corporation,share,Utilities,Electric Utilities,"Charlotte, North Carolina"
DD,"DuPont de Nemours, Inc.","DuPont de Nemours, Inc.",share,Materials,Specialty Chemicals,"Wilmington, Delaware"
EMN,Eastman Chemical Company,Eastman Chemical Company,share,Materials,Specialty Chemicals,"Kingsport, Tennessee"
ETN,"Eaton Corporation, PLC",Eaton Corporation plc,share,Industrials,Electrical Components & Equipment,"Dublin, Ireland"
EBAY,eBay Inc.,eBay Inc.,share,Consumer Discretionary,Broadline Retail,"San Jose, California"
ECL,Ecolab Inc.,Ecolab Inc.,share,Materials,Specialty Chemicals,"Saint Paul, Minnesota"
EIX,Edison International,Edison International,share,Utilities,Electric Utilities,"Rosemead, California"
EW,Edwards Lifesciences Corporatio,Edwards Lifesciences Corporation,share,Health Care,Health Care Equipment,"Irvine, California"
EA,Electronic Arts Inc.,Electronic Arts Inc.,share,Communication Services,Interactive Home Entertainment,"Redwood City, California"
ELV,"Elevance Health, Inc.","Elevance Health, Inc.",share,Health Care,Managed Health Care,"Indianapolis, Indiana"
EME,"EMCOR Group, Inc.","EMCOR Group, Inc.",share,Industrials,Construction & Engineering,"Norwalk, Connecticut"
EMR,Emerson Electric Company,Emerson Electric Co.,share,Industrials,Electrical Components & Equipment,"Ferguson, Missouri"
ETR,Entergy Corporation,Entergy Corporation,share,Utilities,Electric Utilities,"New Orleans, Louisiana"
EOG,"EOG Resources, Inc.","EOG Resources, Inc.",share,Energy,Oil & Gas Exploration & Production,"Houston, Texas"
EPAM,"EPAM Systems, Inc.","EPAM Systems, Inc.",share,Information Technology,IT Consulting & Other Services,"Newtown, Pennsylvania"
EQT,EQT Corporation,EQT Corporation,share,Energy,Oil & Gas Exploration & Production,"Pittsburgh, Pennsylvania"
EFX,"Equifax, Inc.",Equifax Inc.,share,Industrials,Research & Consulting Services,"Atlanta, Georgia"
EQIX,"Equinix, Inc.","Equinix, Inc.",share,Real Estate,Data Center REITs,"Redwood City, California"
EQR,Equity Residential,Equity Residential,share,Real Estate,Multi-Family Residential REITs,"Chicago, Illinois"
ERIE,Erie Indemnity Company,Erie Indemnity Company,share,Financials,Insurance Brokers,"Erie, Pennsylvania"
ESS,"Essex Property Trust, Inc.","Essex Property Trust, Inc.",share,Real Estate,Multi-Family Residential REITs,"San Mateo, California"
EL,"Estee Lauder Companies, Inc. (T",The Estée Lauder Companies Inc.,share,Consumer Staples,Personal Care Products,"New York City, New York"
EG,"Everest Group, Ltd.","Everest Group, Ltd.",share,Financials,Reinsurance,"Hamilton, Bermuda"
EVRG,"Evergy, Inc.","Evergy, Inc.",share,Utilities,Electric Utilities,"Kansas City, Missouri"
ES,Eversource Energy (D/B/A),Eversource Energy,share,Utilities,Electric Utilities,"Hartford, Connecticut"
EXC,Exelon Corporation,Exelon Corporation,share,Utilities,Electric Utilities,"Chicago, Illinois"
EXE,Expand Energy Corporation,Expand Energy Corporation,share,Energy,Oil & Gas Exploration & Production,"Oklahoma City, Oklahoma"
EXPE,"Expedia Group, Inc.","Expedia Group, Inc.",share,Consumer Discretionary,"Hotels, Resorts & Cruise Lines","Seattle, Washington"
EXPD,Expeditors International of Was,"Expeditors International of Washington, Inc.",share,Industrials,Air Freight & Logistics,"Seattle, Washington"
EXR,Extra Space Storage Inc,Extra Space Storage Inc.,share,Real Estate,Self-Storage REITs,"Salt Lake City, Utah"
XOM,Exxon Mobil Corporation,Exxon Mobil Corporation,share,Energy,Integrated Oil & Gas,"Irving, Texas"
FFIV,"F5, Inc.","F5, Inc.",share,Information Technology,Communications Equipment,"Seattle, Washington"
FDS,FactSet Research Systems Inc.,FactSet Research Systems Inc.,share,Financials,Financial Exchanges & Data,"Norwalk, Connecticut"
FICO,Fair Isaac Corporation,Fair Isaac Corporation,share,Information Technology,Application Software,"Bozeman, Montana"
FAST,Fastenal Company,Fastenal Company,share,Industrials,Trading Companies & Distributors,"Winona, Minnesota"
FRT,Federal Realty Investment Trust,Federal Realty Investment Trust,share,Real Estate,Retail REITs,"Rockville, Maryland"
FDX,FedEx Corporation,FedEx Corporation,share,Industrials,Air Freight & Logistics,"Memphis, Tennessee"
FIS,Fidelity National Information S,"Fidelity National Information Services, Inc.",share,Financials,Transaction & Payment Processing Services,"Jacksonville, Florida"
FITB,Fifth Third Bancorp,Fifth Third Bancorp,share,Financials,Regional Banks,"Cincinnati, Ohio"
FSLR,"First Solar, Inc.","First Solar, Inc.",share,Information Technology,Semiconductors,"Tempe, Arizona"
FE,FirstEnergy Corp.,FirstEnergy Corp.,share,Utilities,Electric Utilities,"Akron, Ohio"
FI,"Fiserv, Inc.","Fiserv, Inc.",share,Financials,Transaction & Payment Processing Services,"Brookfield, Wisconsin"
F,Ford Motor Company,Ford Motor Company,share,Consumer Discretionary,Automobile Manufacturers,"Dearborn, Michigan"
FTNT,"Fortinet, Inc.","Fortinet, Inc.",share,Information Technology,Systems Software,"Sunnyvale, California"
FTV,Fortive Corporation,Fortive Corporation,share,Industrials,Industrial Machinery & Supplies & Components,"Everett, Washington"
FOXA,Fox Corporation,Fox Corporation,share,Communication Services,Broadcasting,"New York City, New York"
FOX,Fox Corporation,Fox Corporation,share,Communication Services,Broadcasting,"New York City, New York"
BEN,"Franklin Resources, Inc.","Franklin Resources, Inc.",share,Financials,Asset Management & Custody Banks,"San Mateo, California"
FCX,"Freeport-McMoRan, Inc.",Freeport-McMoRan Inc.,share,Materials,Copper,"Phoenix, Arizona"
GRMN,Garmin Ltd.,Garmin Ltd.,share,Consumer Discretionary,Consumer Electronics,"Schaffhausen, Switzerland"
IT,"Gartner, Inc.","Gartner, Inc.",share,Information Technology,IT Consulting & Other Services,"Stamford, Connecticut"
GE,GE Aerospace,GE Aerospace,share,Industrials,Aerospace & Defense,"Evendale, Ohio"
GEHC,GE HealthCare Technologies Inc.,GE HealthCare Technologies Inc.,share,Health Care,Health Care Equipment,"Chicago, Illinois"
GEV,GE Vernova Inc.,GE Vernova Inc.,share,Industrials,Heavy Electrical Equipment,"Cambridge, Massachusetts"
GEN,Gen Digital Inc.,Gen Digital Inc.,share,Information Technology,Systems Software,"Tempe, Arizona"
GNRC,Generac Holdlings Inc.,Generac Holdings Inc.,share,Industrials,Electrical Components & Equipment,"Waukesha, Wisconsin"
GD,General Dynamics Corporation,General Dynamics Corporation,share,Industrials,Aerospace & Defense,"Reston, Virginia"
GIS,"General Mills, Inc.","General Mills, Inc.",share,Consumer Staples,Packaged Foods & Meats,"Golden Valley, Minnesota"
GM,General Motors Company,General Motors Company,share,Consumer Discretionary,Automobile Manufacturers,"Detroit, Michigan"
GPC,Genuine Parts Company,Genuine Parts Company,share,Consumer Discretionary,Distributors,"Atlanta, Georgia"
GILD,"Gilead Sciences, Inc.","Gilead Sciences, Inc.",share,Health Care,Biotechnology,"Foster City, California"
GPN,Global Payments Inc.,Global Payments Inc.,share,Financials,Transaction & Payment Processing Services,"Atlanta, Georgia"
GL,Globe Life Inc.,Globe Life Inc.,share,Financials,Life & Health Insurance,"McKinney, Texas"
GDDY,GoDaddy Inc.,GoDaddy Inc.,share,Information Technology,Internet Services & Infrastructure,"Tempe, Arizona"
GS,"Goldman Sachs Group, Inc. (The)","The Goldman Sachs Group, Inc.",share,Financials,Investment Banking & Brokerage,"New York City, New York"
HAL,Halliburton Company,Halliburton Company,share,Energy,Oil & Gas Equipment & Services,"Houston, Texas"
HIG,"The Hartford Insurance Group, I","The Hartford Insurance Group, Inc.",share,Financials,Property & Casualty Insurance,"Hartford, Connecticut"
HAS,"Hasbro, Inc.","Hasbro, Inc.",share,Consumer Discretionary,Leisure Products,"Pawtucket, Rhode Island"
HCA,"HCA Healthcare, Inc.","HCA Healthcare, Inc.",share,Health Care,Health Care Facilities,"Nashville, Tennessee"
DOC,"Healthpeak Properties, Inc.","Healthpeak Properties, Inc.",share,Real Estate,Health Care REITs,"Denver, Colorado"
HSIC,"Henry Schein, Inc.","Henry Schein, Inc.",share,Health Care,Health Care Distributors,"Melville, New York"
HSY,The Hershey Company,The Hershey Company,share,Consumer Staples,Packaged Foods & Meats,"Hershey, Pennsylvania"
HPE,Hewlett Packard Enterprise Comp,Hewlett Packard Enterprise Company,share,Information Technology,"Technology Hardware, Storage & Peripherals","Houston, Texas"
HLT,Hilton Worldwide Holdings Inc.,Hilton Worldwide Holdings Inc.,share,Consumer Discretionary,"Hotels, Resorts & Cruise Lines","Tysons Corner, Virginia"
HOLX,"Hologic, Inc.","Hologic, Inc.",share,Health Care,Health Care Equipment,"Marlborough, Massachusetts"
HD,"Home Depot, Inc. (The)","The Home Depot, Inc.",share,Consumer Discretionary,Home Improvement Retail,"Atlanta, Georgia"
HON,Honeywell International Inc.,Honeywell International Inc.,share,Industrials,Industrial Conglomerates,"Charlotte, North Carolina"
HRL,Hormel Foods Corporation,Hormel Foods Corporation,share,Consumer Staples,Packaged Foods & Meats,"Austin, Minnesota"
HST,"Host Hotels & Resorts, Inc.","Host Hotels & Resorts, Inc.",share,Real Estate,Hotel & Resort REITs,"Bethesda, Maryland"
HWM,Howmet Aerospace Inc.,Howmet Aerospace Inc.,share,Industrials,Aerospace & Defense,"Pittsburgh, Pennsylvania"
HPQ,HP Inc.,HP Inc.,share,Information Technology,"Technology Hardware, Storage & Peripherals","Palo Alto, California"
HUBB,Hubbell Inc,Hubbell Incorporated,share,Industrials,Industrial Machinery & Supplies & Components,"Shelton, Connecticut"
HUM,Humana Inc.,Humana Inc.,share,Health Care,Managed Health Care,"Louisville, Kentucky"
HBAN,Huntington Bancshares Incorpora,Huntington Bancshares Incorporated,share,Financials,Regional Banks,"Columbus, Ohio; Detroit, Michigan"
HII,"Huntington Ingalls Industries, ","Huntington Ingalls Industries, Inc.",share,Industrials,Aerospace & Defense,"Newport News, Virginia"
IBM,International Business Machines,International Business Machines Corporation,share,Information Technology,IT Consulting & Other Services,"Armonk, New York"
IEX,IDEX Corporation,IDEX Corporation,share,Industrials,Industrial Machinery & Supplies & Components,"Northbrook, Illinois"
IDXX,"IDEXX Laboratories, Inc.","IDEXX Laboratories, Inc.",share,Health Care,Health Care Equipment,"Westbrook, Maine"
ITW,Illinois Tool Works Inc.,Illinois Tool Works Inc.,share,Industrials,Industrial Machinery & Supplies & Components,"Glenview, Illinois"
INCY,Incyte Corporation,Incyte Corporation,share,Health Care,Biotechnology,"Wilmington, Delaware"
IR,Ingersoll Rand Inc.,Ingersoll Rand Inc.,share,Industrials,Industrial Machinery & Supplies & Components,"Davidson, North Carolina"
PODD,Insulet Corporation,Insulet Corporation,share,Health Care,Health Care Equipment,"Acton, Massachusetts"
INTC,Intel Corporation,Intel Corporation,share,Information Technology,Semiconductors,"Santa Clara, California"
IBKR,"Interactive Brokers Group, Inc.","Interactive Brokers Group, Inc.",share,Financials,Investment Banking & Brokerage,"Greenwich, Connecticut"
ICE,Intercontinental Exchange Inc.,"Intercontinental Exchange, Inc.",share,Financials,Financial Exchanges & Data,"Atlanta, Georgia"
IFF,International Flavors & Fragran,International Flavors & Fragrances Inc.,share,Materials,Specialty Chemicals,"New York City, New York"
IP,International Paper Company,International Paper Company,share,Materials,Paper & Plastic Packaging Products & Materials,"Memphis, Tennessee"
IPG,"Interpublic Group of Companies,","The Interpublic Group of Companies, Inc.",share,Communication Services,Advertising,"New York City, New York"
INTU,Intuit Inc.,Intuit Inc.,share,Information Technology,Application Software,"Mountain View, California"
ISRG,"Intuitive Surgical, Inc.","Intuitive Surgical, Inc.",share,Health Care,Health Care Equipment,"Sunnyvale, California"
IVZ,Invesco Ltd,Invesco Ltd.,share,Financials,Asset Management & Custody Banks,"Atlanta, Georgia"
INVH,Invitation Homes Inc.,Invitation Homes Inc.,share,Real Estate,Single-Family Residential REITs,"Dallas, Texas"
IQV,"IQVIA Holdings, Inc.",IQVIA Holdings Inc.,share,Health Care,Life Sciences Tools & Services,"Durham, North Carolina"
IRM,Iron Mountain Incorporated (Del,Iron Mountain Incorporated,share,Real Estate,Other Specialized REITs,"Portsmouth, New Hampshire"
JBHT,"J.B. Hunt Transport Services, I","J.B. Hunt Transport Services, Inc.",share,Industrials,Cargo Ground Transportation,"Lowell, Arkansas"
JBL,Jabil Inc.,Jabil Inc.,share,Information Technology,Electronic Manufacturing Services,"St. Petersburg, Florida"
JKHY,"Jack Henry & Associates, Inc.","Jack Henry & Associates, Inc.",share,Financials,Transaction & Payment Processing Services,"Monett, Missouri"
J,Jacobs Solutions Inc.,Jacobs Solutions Inc.,share,Industrials,Construction & Engineering,"Dallas, Texas"
JNJ,Johnson & Johnson,Johnson & Johnson,share,Health Care,Pharmaceuticals,"New Brunswick, New Jersey"
JCI,Johnson Controls International ,Johnson Controls International plc,share,Industrials,Building Products,"Cork, Ireland"
JPM,JP Morgan Chase & Co.,JPMorgan Chase & Co.,share,Financials,Diversified Banks,"New York City, New York"
K,Kellanova,Kellanova,share,Consumer Staples,Packaged Foods & Meats,"Chicago, Illinois"
KVUE,Kenvue Inc.,Kenvue Inc.,share,Consumer Staples,Personal Care Products,"Skillman, New Jersey"
KDP,Keurig Dr Pepper Inc.,Keurig Dr Pepper Inc.,share,Consumer Staples,Soft Drinks & Non-alcoholic Beverages,"Burlington, Massachusetts"
KEY,KeyCorp,KeyCorp,share,Financials,Regional Banks,"Cleveland, Ohio"
KEYS,Keysight Technologies Inc.,"Keysight Technologies, Inc.",share,Information Technology,Electronic Equipment & Instruments,"Santa Rosa, California"
KMB,Kimberly-Clark Corporation,Kimberly-Clark Corporation,share,Consumer Staples,Household Products,"Irving, Texas"
KIM,Kimco Realty Corporation (HC),Kimco Realty Corporation,share,Real Estate,Retail REITs,"Jericho, New York"
KMI,"Kinder Morgan, Inc.","Kinder Morgan, Inc.",share,Energy,Oil & Gas Storage & Transportation,"Houston, Texas"
KKR,KKR & Co. Inc.,KKR & Co. Inc.,share,Financials,Asset Management & Custody Banks,"New York City, New York"
KLAC,KLA Corporation,KLA Corporation,share,Information Technology,Semiconductor Materials & Equipment,"Milpitas, California"
KHC,The Kraft Heinz Company,The Kraft Heinz Company,share,Consumer Staples,Packaged Foods & Meats,"Chicago, Illinois; Pittsburgh, Pennsylvania"
KR,Kroger Company (The),The Kroger Co.,share,Consumer Staples,Food Retail,"Cincinnati, Ohio"
LHX,"L3Harris Technologies, Inc.","L3Harris Technologies, Inc.",share,Industrials,Aerospace & Defense,"Melbourne, Florida"
LH,Labcorp Holdings Inc.,Labcorp Holdings Inc.,share,Health Care,Health Care Services,"Burlington, North Carolina"
LRCX,Lam Research Corporation,Lam Research Corporation,share,Information Technology,Semiconductor Materials & Equipment,"Fremont, California"
LW,"Lamb Weston Holdings, Inc.","Lamb Weston Holdings, Inc.",share,Consumer Staples,Packaged Foods & Meats,"Eagle, Idaho"
LVS,Las Vegas Sands Corp.,Las Vegas Sands Corp.,share,Consumer Discretionary,Casinos & Gaming,"Las Vegas, Nevada"
LDOS,"Leidos Holdings, Inc.","Leidos Holdings, Inc.",share,Industrials,Diversified Support Services,"Reston, Virginia"
LEN,Lennar Corporation,Lennar Corporation,share,Consumer Discretionary,Homebuilding,"Miami, Florida"
LII,"Lennox International, Inc.",Lennox International Inc.,share,Industrials,Building Products,"Richardson, Texas"
LLY,Eli Lilly and Company,Eli Lilly and Company,share,Health Care,Pharmaceuticals,"Indianapolis, Indiana"
LIN,Linde plc,Linde plc,share,Materials,Industrial Gases,"Guildford, United Kingdom"
LYV,"Live Nation Entertainment, Inc.","Live Nation Entertainment, Inc.",share,Communication Services,Movies & Entertainment,"Beverly Hills, California"
LKQ,LKQ Corporation,LKQ Corporation,share,Consumer Discretionary,Distributors,"Nashville, Tennessee"
LMT,Lockheed Martin Corporation,Lockheed Martin Corporation,share,Industrials,Aerospace & Defense,"Bethesda, Maryland"
L,Loews Corporation,Loews Corporation,share,Financials,Multi-line Insurance,"New York City, New York"
LOW,"Lowe's Companies, Inc.","Lowe's Companies, Inc.",share,Consumer Discretionary,Home Improvement Retail,"Mooresville, North Carolina"
LULU,lululemon athletica inc.,lululemon athletica inc.,share,Consumer Discretionary,"Apparel, Accessories & Luxury Goods","Vancouver, Canada"
LYB,LyondellBasell Industries NV,LyondellBasell Industries N.V.,share,Materials,Specialty Chemicals,"Rotterdam, Netherlands"
MTB,M&T Bank Corporation,M&T Bank Corporation,share,Financials,Regional Banks,"Buffalo, New York"
MPC,Marathon Petroleum Corporation,Marathon Petroleum Corporation,share,Energy,Oil & Gas Refining & Marketing,"Findlay, Ohio"
MAR,Marriott International,"Marriott International, Inc.",share,Consumer Discretionary,"Hotels, Resorts & Cruise Lines","Bethesda, Maryland"
MMC,"Marsh & McLennan Companies, Inc","Marsh & McLennan Companies, Inc.",share,Financials,Insurance Brokers,"New York City, New York"
MLM,"Martin Marietta Materials, Inc.","Martin Marietta Materials, Inc.",share,Materials,Construction Materials,"Raleigh, North Carolina"
MAS,Masco Corporation,Masco Corporation,share,Industrials,Building Products,"Livonia, Michigan"
MA,Mastercard Incorporated,Mastercard Incorporated,share,Financials,Transaction & Payment Processing Services,"Harrison, New York"
MTCH,"Match Group, Inc.","Match Group, Inc.",share,Communication Services,Interactive Media & Services,"Dallas, Texas"
MKC,"McCormick & Company, Incorporat","McCormick & Company, Incorporated",share,Consumer Staples,Packaged Foods & Meats,"Hunt Valley, Maryland"
MCD,McDonald's Corporation,McDonald's Corporation,share,Consumer Discretionary,Restaurants,"Chicago, Illinois"
MCK,McKesson Corporation,McKesson Corporation,share,Health Care,Health Care Distributors,"Irving, Texas"
MDT,Medtronic plc.,Medtronic plc,share,Health Care,Health Care Equipment,"Dublin, Ireland"
MRK,"Merck & Company, Inc.","Merck & Co., Inc.",share,Health Care,Pharmaceuticals,"Kenilworth, New Jersey"
META,"Meta Platforms, Inc.","Meta Platforms, Inc.",share,Communication Services,Interactive Media & Services,"Menlo Park, California"
MET,"MetLife, Inc.","MetLife, Inc.",share,Financials,Life & Health Insurance,"New York City, New York"
MTD,"Mettler-Toledo International, I",Mettler-Toledo International Inc.,share,Health Care,Life Sciences Tools & Services,"Columbus, Ohio"
MGM,MGM Resorts International,MGM Resorts International,share,Consumer Discretionary,Casinos & Gaming,"Paradise, Nevada"
MCHP,Microchip Technology Incorporat,Microchip Technology Incorporated,share,Information Technology,Semiconductors,"Chandler, Arizona"
MU,"Micron Technology, Inc.","Micron Technology, Inc.",share,Information Technology,Semiconductors,"Boise, Idaho"
MSFT,Microsoft Corporation,Microsoft Corporation,share,Information Technology,Systems Software,"Redmond, Washington"
MAA,Mid-America Apartment Communiti,"Mid-America Apartment Communities, Inc.",share,Real Estate,Multi-Family Residential REITs,"Memphis, Tennessee"
MRNA,"Moderna, Inc.","Moderna, Inc.",share,Health Care,Biotechnology,"Cambridge, Massachusetts"
MHK,"Mohawk Industries, Inc.","Mohawk Industries, Inc.",share,Consumer Discretionary,Home Furnishings,"Calhoun, Georgia"
MOH,Molina Healthcare Inc,"Molina Healthcare, Inc.",share,Health Care,Managed Health Care,"Long Beach, California"
TAP,Molson Coors Beverage Company,Molson Coors Beverage Company,share,Consumer Staples,Brewers,"Chicago, Illinois"
MDLZ,"Mondelez International, Inc.","Mondelez International, Inc.",share,Consumer Staples,Packaged Foods & Meats,"Chicago, Illinois"
MPWR,"Monolithic Power Systems, Inc.","Monolithic Power Systems, Inc.",share,Information Technology,Semiconductors,"Kirkland, Washington"
MNST,Monster Beverage Corporation,Monster Beverage Corporation,share,Consumer Staples,Soft Drinks & Non-alcoholic Beverages,"Corona, California"
MCO,Moody's Corporation,Moody's Corporation,share,Financials,Financial Exchanges & Data,"New York City, New York"
MS,Morgan Stanley,Morgan Stanley,share,Financials,Investment Banking & Brokerage,"New York City, New York"
MOS,Mosaic Company (The),The Mosaic Company,share,Materials,Fertilizers & Agricultural Chemicals,"Tampa, Florida"
MSI,"Motorola Solutions, Inc.","Motorola Solutions, Inc.",share,Information Technology,Communications Equipment,"Chicago, Illinois"
MSCI,MSCI Inc.,MSCI Inc.,share,Financials,Financial Exchanges & Data,"New York City, New York"
NDAQ,"Nasdaq, Inc.","Nasdaq, Inc.",share,Financials,Financial Exchanges & Data,"New York City, New York"
NTAP,"NetApp, Inc.","NetApp, Inc.",share,Information Technology,"Technology Hardware, Storage & Peripherals","San Jose, California"
NFLX,"Netflix, Inc.","Netflix, Inc.",share,Communication Services,Movies & Entertainment,"Los Gatos, California"
NEM,Newmont Corporation,Newmont Corporation,share,Materials,Gold,"Denver, Colorado"
NWSA,News Corporation,News Corporation,share,Communication Services,Publishing,"New York City, New York"
NWS,News Corporation,News Corporation,share,Communication Services,Publishing,"New York City, New York"
NEE,"NextEra Energy, Inc.","NextEra Energy, Inc.",share,Utilities,Multi-Utilities,"Juno Beach, Florida"
NKE,"Nike, Inc.","NIKE, Inc.",share,Consumer Discretionary,"Apparel, Accessories & Luxury Goods","Washington County, Oregon"
NI,NiSource Inc,NiSource Inc.,share,Utilities,Multi-Utilities,"Merrillville, Indiana"
NDSN,Nordson Corporation,Nordson Corporation,share,Industrials,Industrial Machinery & Supplies & Components,"Westlake, Ohio"
NSC,Norfolk Southern Corporation,Norfolk Southern Corporation,share,Industrials,Rail Transportation,"Atlanta, Georgia"
NTRS,Northern Trust Corporation,Northern Trust Corporation,share,Financials,Asset Management & Custody Banks,"Chicago, Illinois"
NOC,Northrop Grumman Corporation,Northrop Grumman Corporation,share,Industrials,Aerospace & Defense,"West Falls Church, Virginia[3]"
NCLH,Norwegian Cruise Line Holdings ,Norwegian Cruise Line Holdings Ltd.,share,Consumer Discretionary,"Hotels, Resorts & Cruise Lines","Miami-Dade County, Florida[4]"
NRG,"NRG Energy, Inc.","NRG Energy, Inc.",share,Utilities,Independent Power Producers & Energy Traders,"Houston, Texas"
NUE,Nucor Corporation,Nucor Corporation,share,Materials,Steel,"Charlotte, North Carolina"
NVDA,NVIDIA Corporation,NVIDIA Corporation,share,Information Technology,Semiconductors,"Santa Clara, California"
NVR,"NVR, Inc.","NVR, Inc.",share,Consumer Discretionary,Homebuilding,"Reston, Virginia"
NXPI,NXP Semiconductors N.V.,NXP Semiconductors N.V.,share,Information Technology,Semiconductors,"Eindhoven, Netherlands"
ORLY,"O'Reilly Automotive, Inc.","O'Reilly Automotive, Inc.",share,Consumer Discretionary,Automotive Retail,"Springfield, Missouri"
OXY,Occidental Petroleum Corporatio,Occidental Petroleum Corporation,share,Energy,Oil & Gas Exploration & Production,"Houston, Texas"
ODFL,"Old Dominion Freight Line, Inc.","Old Dominion Freight Line, Inc.",share,Industrials,Cargo Ground Transportation,"Thomasville, North Carolina"
OMC,Omnicom Group Inc.,Omnicom Group Inc.,share,Communication Services,Advertising,"New York City, New York"
ON,ON Semiconductor Corporation,ON Semiconductor Corporation,share,Information Technology,Semiconductors,"Phoenix, Arizona"
OKE,"ONEOK, Inc.","ONEOK, Inc.",share,Energy,Oil & Gas Storage & Transportation,"Tulsa, Oklahoma"
ORCL,Oracle Corporation,Oracle Corporation,share,Information Technology,Application Software,"Austin, Texas"
OTIS,Otis Worldwide Corporation,Otis Worldwide Corporation,share,Industrials,Industrial Machinery & Supplies & Components,"Farmington, Connecticut"
PCAR,PACCAR Inc.,PACCAR Inc,share,Industrials,Construction Machinery & Heavy Transportation Equipment,"Bellevue, Washington"
PKG,Packaging Corporation of Americ,Packaging Corporation of America,share,Materials,Paper & Plastic Packaging Products & Materials,"Lake Forest, Illinois"
PLTR,Palantir Technologies Inc.,Palantir Technologies Inc.,share,Information Technology,Application Software,"Denver, Colorado"
PANW,"Palo Alto Networks, Inc.","Palo Alto Networks, Inc.",share,Information Technology,Systems Software,"Santa Clara, California"
PSKY,Paramount Skydance Corporation,Paramount Skydance Corporation,share,Communication Services,Movies & Entertainment,"Los Angeles, California"
PH,Parker-Hannifin Corporation,Parker-Hannifin Corporation,share,Industrials,Industrial Machinery & Supplies & Components,"Cleveland, Ohio"
PAYX,"Paychex, Inc.","Paychex, Inc.",share,Industrials,Human Resource & Employment Services,"Penfield, New York"
PAYC,"Paycom Software, Inc.","Paycom Software, Inc.",share,Industrials,Human Resource & Employment Services,"Oklahoma City, Oklahoma"
PYPL,"PayPal Holdings, Inc.","PayPal Holdings, Inc.",share,Financials,Transaction & Payment Processing Services,"San Jose, California"
PNR,Pentair plc.,Pentair plc,share,Industrials,Industrial Machinery & Supplies & Components,"Worsley, United Kingdom"
PEP,"Pepsico, Inc.","PepsiCo, Inc.",share,Consumer Staples,Soft Drinks & Non-alcoholic Beverages,"Purchase, New York"
PFE,"Pfizer, Inc.",Pfizer Inc.,share,Health Care,Pharmaceuticals,"New York City, New York"
PCG,Pacific Gas & Electric Co.,PG&E Corporation,share,Utilities,Multi-Utilities,"Oakland, California"
PM,Philip Morris International Inc,Philip Morris International Inc.,share,Consumer Staples,Tobacco,"New York City, New York"
PSX,Phillips 66,Phillips 66,share,Energy,Oil & Gas Refining & Marketing,"Houston, Texas"
PNW,Pinnacle West Capital Corporati,Pinnacle West Capital Corporation,share,Utilities,Multi-Utilities,"Phoenix, Arizona"
PNC,"PNC Financial Services Group, I","The PNC Financial Services Group, Inc.",share,Financials,Diversified Banks,"Pittsburgh, Pennsylvania"
POOL,Pool Corporation,Pool Corporation,share,Consumer Discretionary,Distributors,"Covington, Louisiana"
PPG,"PPG Industries, Inc.","PPG Industries, Inc.",share,Materials,Specialty Chemicals,"Pittsburgh, Pennsylvania"
PPL,PPL Corporation,PPL Corporation,share,Utilities,Electric Utilities,"Allentown, Pennsylvania"
PFG,Principal Financial Group Inc,"Principal Financial Group, Inc.",share,Financials,Life & Health Insurance,"Des Moines, Iowa"
PG,Procter & Gamble Company (The),The Procter & Gamble Company,share,Consumer Staples,Personal Care Products,"Cincinnati, Ohio"
PGR,Progressive Corporation (The),The Progressive Corporation,share,Financials,Property & Casualty Insurance,"Mayfield Village, Ohio"
PLD,"Prologis, Inc.","Prologis, Inc.",share,Real Estate,Industrial REITs,"San Francisco, California"
PRU,"Prudential Financial, Inc.","Prudential Financial, Inc.",share,Financials,Life & Health Insurance,"Newark, New Jersey"
PEG,Public Service Enterprise Group,Public Service Enterprise Group Incorporated,share,Utilities,Electric Utilities,"Newark, New Jersey"
PTC,PTC Inc.,PTC Inc.,share,Information Technology,Application Software,"Boston, Massachusetts"
PSA,Public Storage,Public Storage,share,Real Estate,Self-Storage REITs,"Glendale, California"
PHM,"PulteGroup, Inc.","PulteGroup, Inc.",share,Consumer Discretionary,Homebuilding,"Atlanta, Georgia"
PWR,"Quanta Services, Inc.","Quanta Services, Inc.",share,Industrials,Construction & Engineering,"Houston, Texas"
QCOM,QUALCOMM Incorporated,QUALCOMM Incorporated,share,Information Technology,Semiconductors,"San Diego, California"
DGX,Quest Diagnostics Incorporated,Quest Diagnostics Incorporated,share,Health Care,Health Care Services,"Secaucus, New Jersey"
RL,Ralph Lauren Corporation,Ralph Lauren Corporation,share,Consumer Discretionary,"Apparel, Accessories & Luxury Goods","New York City, New York"
RJF,"Raymond James Financial, Inc.","Raymond James Financial, Inc.",share,Financials,Investment Banking & Brokerage,"St. Petersburg, Florida"
RTX,RTX Corporation,RTX Corporation,share,Industrials,Aerospace & Defense,"Waltham, Massachusetts"
O,Realty Income Corporation,Realty Income Corporation,share,Real Estate,Retail REITs,"San Diego, California"
REG,Regency Centers Corporation,Regency Centers Corporation,share,Real Estate,Retail REITs,"Jacksonville, Florida"
REGN,"Regeneron Pharmaceuticals, Inc.","Regeneron Pharmaceuticals, Inc.",share,Health Care,Biotechnology,"Tarrytown, New York"
RF,Regions Financial Corporation,Regions Financial Corporation,share,Financials,Regional Banks,"Birmingham, Alabama"
RSG,"Republic Services, Inc.","Republic Services, Inc.",share,Industrials,Environmental & Facilities Services,"Phoenix, Arizona"
RMD,ResMed Inc.,ResMed Inc.,share,Health Care,Health Care Equipment,"San Diego, California"
RVTY,"Revvity, Inc.","Revvity, Inc.",share,Health Care,Health Care Equipment,"Waltham, Massachusetts"
HOOD,"Robinhood Markets, Inc.","Robinhood Markets, Inc.",share,Financials,Investment Banking & Brokerage,"Menlo Park, California"
ROK,"Rockwell Automation, Inc.","Rockwell Automation, Inc.",share,Industrials,Electrical Components & Equipment,"Milwaukee, Wisconsin"
ROL,"Rollins, Inc.","Rollins, Inc.",share,Industrials,Environmental & Facilities Services,"Atlanta, Georgia"
ROP,"Roper Technologies, Inc.","Roper Technologies, Inc.",share,Information Technology,Electronic Equipment & Instruments,"Sarasota, Florida"
ROST,"Ross Stores, Inc.","Ross Stores, Inc.",share,Consumer Discretionary,Apparel Retail,"Dublin, California"
RCL,Royal Caribbean Cruises Ltd.,Royal Caribbean Cruises Ltd.,share,Consumer Discretionary,"Hotels, Resorts & Cruise Lines","Miami, Florida"
SPGI,S&P Global Inc.,S&P Global Inc.,share,Financials,Financial Exchanges & Data,"New York City, New York"
CRM,"Salesforce, Inc.","Salesforce, Inc.",share,Information Technology,Application Software,"San Francisco, California"
SBAC,SBA Communications Corporation,SBA Communications Corporation,share,Real Estate,Telecom Tower REITs,"Boca Raton, Florida"
SLB,SLB Limited,SLB N.V.,share,Energy,Oil & Gas Equipment & Services,"Houston, Texas"
STX,Seagate Technology Holdings PLC,Seagate Technology Holdings plc,share,Information Technology,"Technology Hardware, Storage & Peripherals","Dublin, Ireland"
SRE,DBA Sempra,Sempra,share,Utilities,Multi-Utilities,"San Diego, California"
NOW,"ServiceNow, Inc.","ServiceNow, Inc.",share,Information Technology,Systems Software,"Santa Clara, California"
SHW,Sherwin-Williams Company (The),The Sherwin-Williams Company,share,Materials,Specialty Chemicals,"Cleveland, Ohio"
SPG,"Simon Property Group, Inc.","Simon Property Group, Inc.",share,Real Estate,Retail REITs,"Indianapolis, Indiana"
SWKS,"Skyworks Solutions, Inc.","Skyworks Solutions, Inc.",share,Information Technology,Semiconductors,"Irvine, California"
SJM,The J.M. Smucker Company,The J. M. Smucker Company,share,Consumer Staples,Packaged Foods & Meats,"Orrville, Ohio"
SW,Smurfit WestRock plc,Smurfit Westrock Plc,share,Materials,Paper & Plastic Packaging Products & Materials,"Dublin, Ireland"
SNA,Snap-On Incorporated,Snap-on Incorporated,share,Industrials,Industrial Machinery & Supplies & Components,"Kenosha, Wisconsin"
SOLV,Solventum Corporation,Solventum Corporation,share,Health Care,Health Care Technology,"Saint Paul, Minnesota"
SO,Southern Company (The),The Southern Company,share,Utilities,Electric Utilities,"Atlanta, Georgia"
LUV,Southwest Airlines Company,Southwest Airlines Co.,share,Industrials,Passenger Airlines,"Dallas, Texas"
SWK,"Stanley Black & Decker, Inc.","Stanley Black & Decker, Inc.",share,Industrials,Industrial Machinery & Supplies & Components,"New Britain, Connecticut"
SBUX,Starbucks Corporation,Starbucks Corporation,share,Consumer Discretionary,Restaurants,"Seattle, Washington"
STT,State Street Corporation,State Street Corporation,share,Financials,Asset Management & Custody Banks,"Boston, Massachusetts"
STLD,"Steel Dynamics, Inc.","Steel Dynamics, Inc.",share,Materials,Steel,"Fort Wayne, Indiana"
STE,STERIS plc (Ireland),STERIS plc,share,Health Care,Health Care Equipment,"Dublin, Ireland"
SYK,Stryker Corporation,Stryker Corporation,share,Health Care,Health Care Equipment,"Kalamazoo, Michigan"
SMCI,"Super Micro Computer, Inc.","Super Micro Computer, Inc.",share,Information Technology,"Technology Hardware, Storage & Peripherals","San Jose, California"
SYF,Synchrony Financial,Synchrony Financial,share,Financials,Consumer Finance,"Stamford, Connecticut"
SNPS,"Synopsys, Inc.","Synopsys, Inc.",share,Information Technology,Application Software,"Sunnyvale, California"
SYY,Sysco Corporation,Sysco Corporation,share,Consumer Staples,Food Distributors,"Houston, Texas"
TMUS,"T-Mobile US, Inc.","T-Mobile US, Inc.",share,Communication Services,Wireless Telecommunication Services,"Bellevue, Washington"
TROW,"T. Rowe Price Group, Inc.","T. Rowe Price Group, Inc.",share,Financials,Asset Management & Custody Banks,"Baltimore, Maryland"
TTWO,"Take-Two Interactive Software, ","Take-Two Interactive Software, Inc.",share,Communication Services,Interactive Home Entertainment,"New York City, New York"
TPR,"Tapestry, Inc.","Tapestry, Inc.",share,Consumer Discretionary,"Apparel, Accessories & Luxury Goods","New York City, New York"
TRGP,"Targa Resources, Inc.",Targa Resources Corp.,share,Energy,Oil & Gas Storage & Transportation,"Houston, Texas"
TGT,Target Corporation,Target Corporation,share,Consumer Staples,Consumer Staples Merchandise Retail,"Minneapolis, Minnesota"
TEL,TE Connectivity plc,TE Connectivity plc,share,Information Technology,Electronic Manufacturing Services,"Galway, Ireland"
TDY,Teledyne Technologies Incorpora,Teledyne Technologies Incorporated,share,Information Technology,Electronic Equipment & Instruments,"Thousand Oaks, California"
TER,"Teradyne, Inc.","Teradyne, Inc.",share,Information Technology,Semiconductor Materials & Equipment,"North Reading, Massachusetts"
TSLA,"Tesla, Inc.","Tesla, Inc.",share,Consumer Discretionary,Automobile Manufacturers,"Austin, Texas"
TXN,Texas Instruments Incorporated,Texas Instruments Incorporated,share,Information Technology,Semiconductors,"Dallas, Texas"
TPL,Texas Pacific Land Corporation,Texas Pacific Land Corporation,share,Energy,Oil & Gas Exploration & Production,"Dallas, Texas"
TXT,Textron Inc.,Textron Inc.,share,Industrials,Aerospace & Defense,"Providence, Rhode Island"
TMO,Thermo Fisher Scientific Inc,Thermo Fisher Scientific Inc.,share,Health Care,Life Sciences Tools & Services,"Waltham, Massachusetts"
TJX,"TJX Companies, Inc. (The)","The TJX Companies, Inc.",share,Consumer Discretionary,Apparel Retail,"Framingham, Massachusetts"
TKO,"TKO Group Holdings, Inc.","TKO Group Holdings, Inc.",share,Communication Services,Movies & Entertainment,"New York City, New York"
TTD,"The Trade Desk, Inc.","The Trade Desk, Inc.",share,Communication Services,Advertising,"Ventura, California"
TSCO,Tractor Supply Company,Tractor Supply Company,share,Consumer Discretionary,Other Specialty Retail,"Brentwood, Tennessee"
TT,Trane Technologies plc,Trane Technologies plc,share,Industrials,Building Products,"Dublin, Ireland"
TDG,Transdigm Group Incorporated,TransDigm Group Incorporated,share,Industrials,Aerospace & Defense,"Cleveland, Ohio"
TRV,"The Travelers Companies, Inc.","The Travelers Companies, Inc.",share,Financials,Property & Casualty Insurance,"New York City, New York"
TRMB,Trimble Inc.,Trimble Inc.,share,Information Technology,Electronic Equipment & Instruments,"Westminster, Colorado"
TFC,Truist Financial Corporation,Truist Financial Corporation,share,Financials,Diversified Banks,"Charlotte, North Carolina"
TYL,"Tyler Technologies, Inc.","Tyler Technologies, Inc.",share,Information Technology,Application Software,"Plano, Texas"
TSN,"Tyson Foods, Inc.","Tyson Foods, Inc.",share,Consumer Staples,Packaged Foods & Meats,"Springdale, Arkansas"
USB,U.S. Bancorp,U.S. Bancorp,share,Financials,Diversified Banks,"Minneapolis, Minnesota"
UBER,"Uber Technologies, Inc.","Uber Technologies, Inc.",share,Industrials,Passenger Ground Transportation,"San Francisco, California"
UDR,"UDR, Inc.","UDR, Inc.",share,Real Estate,Multi-Family Residential REITs,"Highlands Ranch, Colorado"
ULTA,"Ulta Beauty, Inc.","Ulta Beauty, Inc.",share,Consumer Discretionary,Other Specialty Retail,"Bolingbrook, Illinois"
UNP,Union Pacific Corporation,Union Pacific Corporation,share,Industrials,Rail Transportation,"Omaha, Nebraska"
UAL,"United Airlines Holdings, Inc.","United Airlines Holdings, Inc.",share,Industrials,Passenger Airlines,"Chicago, Illinois"
UPS,"United Parcel Service, Inc.","United Parcel Service, Inc.",share,Industrials,Air Freight & Logistics,"Sandy Springs, Georgia"
URI,"United Rentals, Inc.","United Rentals, Inc.",share,Industrials,Trading Companies & Distributors,"Stamford, Connecticut"
UNH,UnitedHealth Group Incorporated,UnitedHealth Group Incorporated,share,Health Care,Managed Health Care,"Eden Prairie, Minnesota"
UHS,"Universal Health Services, Inc.","Universal Health Services, Inc.",share,Health Care,Health Care Facilities,"King of Prussia, Pennsylvania"
VLO,Valero Energy Corporation,Valero Energy Corporation,share,Energy,Oil & Gas Refining & Marketing,"San Antonio, Texas"
VTR,"Ventas, Inc.","Ventas, Inc.",share,Real Estate,Health Care REITs,"Chicago, Illinois"
VLTO,Veralto Corp,Veralto Corporation,share,Industrials,Environmental & Facilities Services,"Waltham, Massachusetts"
VRSN,"VeriSign, Inc.","VeriSign, Inc.",share,Information Technology,Internet Services & Infrastructure,"Reston, Virginia"
VRSK,"Verisk Analytics, Inc.","Verisk Analytics, Inc.",share,Industrials,Research & Consulting Services,"Jersey City, New Jersey"
VZ,Verizon Communications Inc.,Verizon Communications Inc.,share,Communication Services,Integrated Telecommunication Services,"New York City, New York"
VRTX,Vertex Pharmaceuticals Incorpor,Vertex Pharmaceuticals Incorporated,share,Health Care,Biotechnology,"Boston, Massachusetts"
VTRS,Viatris Inc.,Viatris Inc.,share,Health Care,Pharmaceuticals,"Pittsburgh, Pennsylvania"
VICI,VICI Properties Inc.,VICI Properties Inc.,share,Real Estate,Hotel & Resort REITs,"New York City, New York"
V,Visa Inc.,Visa Inc.,share,Financials,Transaction & Payment Processing Services,"San Francisco, California"
VST,Vistra Corp.,Vistra Corp.,share,Utilities,Electric Utilities,"Irving, Texas"
VMC,Vulcan Materials Company (Holdi,Vulcan Materials Company,share,Materials,Construction Materials,"Birmingham, Alabama"
WRB,W.R. Berkley Corporation,W. R. Berkley Corporation,share,Financials,Property & Casualty Insurance,"Greenwich, Connecticut"
GWW,"W.W. Grainger, Inc.","W.W. Grainger, Inc.",share,Industrials,Industrial Machinery & Supplies & Components,"Lake Forest, Illinois"
WAB,Westinghouse Air Brake Technolo,Westinghouse Air Brake Technologies Corporation,share,Industrials,Construction Machinery & Heavy Transportation Equipment,"Pittsburgh, Pennsylvania"
WMT,Walmart Inc.,Walmart Inc.,share,Consumer Staples,Consumer Staples Merchandise Retail,"Bentonville, Arkansas"
DIS,Walt Disney Company (The),The Walt Disney Company,share,Communication Services,Movies & Entertainment,"Burbank, California"
WBD,"Warner Bros. Discovery, Inc. - ","Warner Bros. Discovery, Inc.",share,Communication Services,Broadcasting,"New York City, New York"
WM,"Waste Management, Inc.","Waste Management, Inc.",share,Industrials,Environmental & Facilities Services,"Houston, Texas"
WAT,Waters Corporation,Waters Corporation,share,Health Care,Life Sciences Tools & Services,"Milford, Massachusetts"
WEC,"WEC Energy Group, Inc.","WEC Energy Group, Inc.",share,Utilities,Electric Utilities,"Milwaukee, Wisconsin"
WFC,Wells Fargo & Company,Wells Fargo & Company,share,Financials,Diversified Banks,"San Francisco, California"
WELL,Welltower Inc.,Welltower Inc.,share,Real Estate,Health Care REITs,"Toledo, Ohio"
WST,"West Pharmaceutical Services, I","West Pharmaceutical Services, Inc.",share,Health Care,Health Care Supplies,"Exton, Pennsylvania"
WDC,Western Digital Corporation,Western Digital Corporation,share,Information Technology,"Technology Hardware, Storage & Peripherals","San Jose, California"
WY,Weyerhaeuser Company,Weyerhaeuser Company,share,Real Estate,Timber REITs,"Seattle, Washington"
WSM,"Williams-Sonoma, Inc.","Williams-Sonoma, Inc.",share,Consumer Discretionary,Homefurnishing Retail,"San Francisco, California"
WMB,"Williams Companies, Inc. (The)","The Williams Companies, Inc.",share,Energy,Oil & Gas Storage & Transportation,"Tulsa, Oklahoma"
WTW,Willis Towers Watson Public Lim,Willis Towers Watson Public Limited Company,share,Financials,Insurance Brokers,"London, United Kingdom"
WDAY,"Workday, Inc.","Workday, Inc.",share,Information Technology,Application Software,"Pleasanton, California"
WYNN,"Wynn Resorts, Limited","Wynn Resorts, Limited",share,Consumer Discretionary,Casinos & Gaming,"Paradise, Nevada"
XEL,Xcel Energy Inc.,Xcel Energy Inc.,share,Utilities,Multi-Utilities,"Minneapolis, Minnesota"
XYL,Xylem Inc.,Xylem Inc.,share,Industrials,Industrial Machinery & Supplies & Components,"White Plains, New York"
YUM,"Yum! Brands, Inc.","Yum! Brands, Inc.",share,Consumer Discretionary,Restaurants,"Louisville, Kentucky"
ZBRA,Zebra Technologies Corporation,Zebra Technologies Corporation,share,Information Technology,Electronic Equipment & Instruments,"Lincolnshire, Illinois"
ZBH,"Zimmer Biomet Holdings, Inc.","Zimmer Biomet Holdings, Inc.",share,Health Care,Health Care Equipment,"Warsaw, Indiana"
ZTS,Zoetis Inc.,Zoetis Inc.,share,Health Care,Pharmaceuticals,"Parsippany, New Jersey"
AAMI,Acadian Asset Management Inc.,Acadian Asset Management Inc.,share,Financials,Asset Management & Custody Banks,"Boston, Massachusetts"
AAP,Advance Auto Parts Inc.,"Advance Auto Parts, Inc.",share,Consumer Discretionary,Automotive Retail,"Raleigh, North Carolina"
AAT,"American Assets Trust, Inc.","American Assets Trust, Inc.",share,Real Estate,Diversified REITs,"San Diego, California"
ABCB,Ameris Bancorp,Ameris Bancorp,share,Financials,Regional Banks,"Atlanta, Georgia"
ABG,Asbury Automotive Group Inc,"Asbury Automotive Group, Inc.",share,Consumer Discretionary,Automotive Retail,"Duluth, Georgia"
ABM,ABM Industries Incorporated,ABM Industries Incorporated,share,Industrials,Environmental & Facilities Services,"New York City, New York"
ABR,Arbor Realty Trust,"Arbor Realty Trust, Inc.",share,Financials,Mortgage REITs,"Uniondale, New York"
ACA,"Arcosa, Inc.","Arcosa, Inc.",share,Industrials,Construction & Engineering,"Dallas, Texas"
ACAD,ACADIA Pharmaceuticals Inc.,ACADIA Pharmaceuticals Inc.,share,Health Care,Pharmaceuticals,"San Diego, California"
ACHC,"Acadia Healthcare Company, Inc.","Acadia Healthcare Company, Inc.",share,Health Care,Health Care Facilities,"Franklin, Tennessee"
ACIW,"ACI Worldwide, Inc.","ACI Worldwide, Inc.",share,Information Technology,Application Software,"Miami, Florida"
ACLS,"Axcelis Technologies, Inc.","Axcelis Technologies, Inc.",share,Information Technology,Semiconductor Materials & Equipment,"Beverly, Massachusetts"
ACT,"Enact Holdings, Inc.","Enact Holdings, Inc.",share,Financials,Commercial & Residential Mortgage Finance,"Raleigh, North Carolina"
ADAM,"Adamas Trust, Inc.","Adamas Trust, Inc.",share,Real Estate,Mortgage REITs,"New York City, New York"
ADEA,Adeia Inc.,Adeia Inc.,share,Information Technology,IT Consulting & Other Services,"San Jose, California"
ADMA,ADMA Biologics Inc,"ADMA Biologics, Inc.",share,Health Care,Biotechnology,"Ramsey, New Jersey"
ADNT,Adient plc,Adient plc,share,Consumer Discretionary,Automotive Parts & Equipment,"Plymouth, Michigan"
ADUS,Addus HomeCare Corporation,Addus HomeCare Corporation,share,Health Care,Health Care Services,"Frisco, Texas"
AEIS,"Advanced Energy Industries, Inc","Advanced Energy Industries, Inc.",share,Information Technology,Semiconductor Materials & Equipment,"Denver, Colorado"
AEO,"American Eagle Outfitters, Inc.","American Eagle Outfitters, Inc.",share,Consumer Discretionary,Apparel Retail,"Pittsburgh, Pennsylvania"
AESI,Atlas Energy Solutions Inc.,Atlas Energy Solutions Inc.,share,Energy,Oil & Gas Equipment & Services,"Austin, Texas"
AGO,Assured Guaranty Ltd.,Assured Guaranty Ltd.,share,Financials,Property & Casualty Insurance,"Hamilton, Bermuda"
AGYS,"Agilysys, Inc.","Agilysys, Inc.",share,Information Technology,Application Software,"Alpharetta, Georgia"
AHCO,AdaptHealth Corp.,AdaptHealth Corp.,share,Health Care,Health Care Equipment,"Plymouth Meeting, Pennsylvania"
AHH,"Armada Hoffler Properties, Inc.","Armada Hoffler Properties, Inc.",share,Real Estate,Diversified REITs,"Virginia Beach, Virginia"
AIN,Albany International Corporatio,Albany International Corp.,share,Industrials,Industrial Machinery & Supplies & Components,"Rochester, New Hampshire"
AIR,AAR Corp.,AAR Corp.,share,Industrials,Aerospace & Defense,"Wood Dale, Illinois"
AKR,Acadia Realty Trust,Acadia Realty Trust,share,Real Estate,Retail REITs,"Rye, New York"
AL,Air Lease Corporation,Air Lease Corporation,share,Industrials,Passenger Airlines,"Los Angeles, California"
ALEX,"Alexander & Baldwin, Inc.","Alexander & Baldwin, Inc.",share,Real Estate,Diversified REITs,"Honolulu, Hawaii"
ALG,"Alamo Group, Inc.",Alamo Group Inc.,share,Industrials,Construction Machinery & Heavy Transportation Equipment,"Seguin, Texas"
ALGT,Allegiant Travel Company,Allegiant Travel Company,share,Industrials,Passenger Airlines,"Summerlin, Nevada"
ALKS,Alkermes plc,Alkermes plc,share,Health Care,Pharmaceuticals,"Dublin, Ireland"
ALRM,"Alarm.com Holdings, Inc.","Alarm.com Holdings, Inc.",share,Financials,Application Software,"Tysons, Virginia"
AMN,AMN Healthcare Services Inc,"AMN Healthcare Services, Inc.",share,Health Care,Health Care Services,"Dallas, Texas"
AMPH,"Amphastar Pharmaceuticals, Inc.","Amphastar Pharmaceuticals, Inc.",share,Health Care,Pharmaceuticals,"Rancho Cucamonga, California"
AMR,"Alpha Metallurgical Resources, ","Alpha Metallurgical Resources, Inc.",share,Materials,Steel,"Bristol, Tennessee"
AMSF,"AMERISAFE, Inc.","AMERISAFE, Inc.",share,Financials,Property & Casualty Insurance,"DeRidder, Louisiana"
AMTM,"Amentum Holdings, Inc.","Amentum Holdings, Inc.",share,Industrials,Diversified Support Services,"Chantilly, Virginia"
AMWD,American Woodmark Corporation,American Woodmark Corporation,share,Industrials,Building Products,"Winchester, Virginia"
ANDE,"The Andersons, Inc.","The Andersons, Inc.",share,Consumer Staples,Food Distributors,"Maumee, Ohio"
ANGI,Angi Inc.,Angi Inc.,share,Communication Services,Advertising,"Denver, Colorado"
ANIP,"ANI Pharmaceuticals, Inc.","ANI Pharmaceuticals, Inc.",share,Health Care,Pharmaceuticals,"Baudette, Minnesota"
AORT,"Artivion, Inc.","Artivion, Inc.",share,Health Care,Health Care Equipment,"Kennesaw, Georgia"
AOSL,Alpha and Omega Semiconductor L,Alpha and Omega Semiconductor Limited,share,Information Technology,Semiconductors,"Sunnyvale, California"
APAM,Artisan Partners Asset Manageme,Artisan Partners Asset Management Inc.,share,Financials,Asset Management & Custody Banks,"Milwaukee, Wisconsin"
APLE,"Apple Hospitality REIT, Inc.","Apple Hospitality REIT, Inc.",share,Real Estate,Hotel & Resort REITs,"Richmond, Virginia"
APOG,"Apogee Enterprises, Inc.","Apogee Enterprises, Inc.",share,Industrials,Building Products,"Minneapolis, Minnesota"
ARCB,ArcBest Corporation,ArcBest Corporation,share,Industrials,Cargo Ground Transportation,"Fort Smith, Arkansas"
ARI,Apollo Commercial Real Estate F,"Apollo Commercial Real Estate Finance, Inc.",share,Real Estate,Mortgage REITs,"New York City, New York"
ARLO,"Arlo Technologies, Inc.","Arlo Technologies, Inc.",share,Information Technology,Communications Equipment,"San Jose, California"
AROC,"Archrock, Inc.","Archrock, Inc.",share,Energy,Oil & Gas Equipment & Services,"Houston, Texas"
ARR,"ARMOUR Residential REIT, Inc.","ARMOUR Residential REIT, Inc.",share,Real Estate,Mortgage REITs,"Vero Beach, Florida"
ARWR,"Arrowhead Pharmaceuticals, Inc.","Arrowhead Pharmaceuticals, Inc.",share,Health Care,Biotechnology,"Pasadena, California"
ASIX,AdvanSix Inc.,AdvanSix Inc.,share,Materials,Commodity Chemicals,"Parsippany–Troy Hills, New Jersey"
ASO,"Academy Sports and Outdoors, In","Academy Sports and Outdoors, Inc.",share,Consumer Discretionary,Specialty Stores,"Harris County, Texas"
ASTE,"Astec Industries, Inc.","Astec Industries, Inc.",share,Industrials,Construction Machinery & Heavy Transportation Equipment,"Chattanooga, Tennessee"
ASTH,Astrana Health Inc.,"Astrana Health, Inc.",share,Health Care,Health Care Facilities,"Alhambra, California"
ATEN,"A10 Networks, Inc.","A10 Networks, Inc.",share,Information Technology,Systems Software,"San Jose, California"
ATGE,Adtalem Global Education Inc.,Adtalem Global Education Inc.,share,Consumer Discretionary,Education Services,"Chicago, Illinois"
AUB,Atlantic Union Bankshares Corpo,Atlantic Union Bankshares Corporation,share,Financials,Regional Banks,"Richmond, Virginia"
AVA,Avista Corporation,Avista Corporation,share,Utilities,Multi-Utilities,"Spokane, Washington"
AVNS,"Avanos Medical, Inc.","Avanos Medical, Inc.",share,Health Care,Health Care Supplies,"Alpharetta, Georgia"
AWI,Armstrong World Industries Inc,"Armstrong World Industries, Inc.",share,Industrials,Building Products,"Lancaster, Pennsylvania"
AWR,American States Water Company,American States Water Company,share,Utilities,Water Utilities,"San Dimas, California"
AX,"Axos Financial, Inc.","Axos Financial, Inc.",share,Financials,Regional Banks,"Las Vegas, Nevada"
AXL,American Axle & Manufacturing H,"American Axle & Manufacturing Holdings, Inc.",share,Consumer Discretionary,Automotive Parts & Equipment,"Detroit, Michigan"
AZTA,"Azenta, Inc.","Azenta, Inc.",share,Health Care,Life Sciences Tools & Services,"Chelmsford, Massachusetts"
AZZ,AZZ Inc.,AZZ Inc.,share,Industrials,Heavy Electrical Equipment,"Fort Worth, Texas"
BANC,"Banc of California, Inc.","Banc of California, Inc.",share,Financials,Regional Banks,"Santa Ana, California"
BANF,BancFirst Corporation,BancFirst Corporation,share,Financials,Regional Banks,"Oklahoma City, Oklahoma"
BANR,Banner Corporation,Banner Corporation,share,Financials,Regional Banks,"Walla Walla, Washington"
BBT,Beacon Financial Corporation,Beacon Financial Corporation,share,Financials,Regional Banks,"Boston, Massachusetts"
BCC,"Boise Cascade, L.L.C.",Boise Cascade Company,share,Industrials,Building Products,"Boise, Idaho"
BCPC,Balchem Corporation,Balchem Corporation,share,Materials,Specialty Chemicals,"Montvale, New Jersey"
BDN,Brandywine Realty Trust,Brandywine Realty Trust,share,Real Estate,Office REITs,"Philadelphia, Pennsylvania"
BFH,"Bread Financial Holdings, Inc.","Bread Financial Holdings, Inc.",share,Financials,Consumer Finance,"Columbus, Ohio"
BFS,"Saul Centers, Inc.","Saul Centers, Inc.",share,Real Estate,Retail REITs,"Bethesda, Maryland"
BGC,"BGC Group, Inc.","BGC Group, Inc.",share,Financials,Investment Banking & Brokerage,"New York City, New York"
BHE,"Benchmark Electronics, Inc.","Benchmark Electronics, Inc.",share,Information Technology,Electronic Manufacturing Services,"Tempe, Arizona"
BJRI,"BJ's Restaurants, Inc.","BJ's Restaurants, Inc.",share,Consumer Discretionary,Restaurants,"Huntington Beach, California"
BKE,"Buckle, Inc. (The)","The Buckle, Inc.",share,Consumer Discretionary,Apparel Retail,"Kearney, Nebraska"
BKU,"BankUnited, Inc.","BankUnited, Inc.",share,Financials,Regional Banks,"Miami Lakes, Florida"
BL,"BlackLine, Inc.","BlackLine, Inc.",share,Information Technology,Application Software,"Los Angeles, California"
BLFS,"BioLife Solutions, Inc.","BioLife Solutions, Inc.",share,Health Care,Health Care Supplies,"Bothell, Washington"
BLMN,"Bloomin' Brands, Inc.","Bloomin' Brands, Inc.",share,Consumer Discretionary,Restaurants,"Tampa, Florida"
BMI,"Badger Meter, Inc.","Badger Meter, Inc.",share,Information Technology,Electronic Equipment & Instruments,"Milwaukee, Wisconsin"
BOH,Bank of Hawaii Corporation,Bank of Hawaii Corporation,share,Financials,Regional Banks,"Honolulu, Hawaii"
BOOT,"Boot Barn Holdings, Inc.","Boot Barn Holdings, Inc.",share,Consumer Discretionary,Apparel Retail,"Irvine, California"
BOX,"Box, Inc.","Box, Inc.",share,Information Technology,Application Software,"Redwood City, California"
BRC,Brady Corporation,Brady Corporation,share,Industrials,Commercial Printing,"Milwaukee, Wisconsin"
BTSG,"BrightSpring Health Services, I","BrightSpring Health Services, Inc.",share,Health Care,Health Care Services,"Louisville, Kentucky"
BTU,Peabody Energy Corporation,Peabody Energy Corporation,share,Energy,Coal & Consumable Fuels,"St. Louis, Missouri"
BWA,BorgWarner Inc.,BorgWarner Inc.,share,Consumer Discretionary,Automotive Parts & Equipment,"Auburn Hills, Michigan"
BXMT,"Blackstone Mortgage Trust, Inc.","Blackstone Mortgage Trust, Inc.",share,Financials,Mortgage REITs,"New York City, New York"
CABO,"Cable One, Inc.","Cable One, Inc.",share,Communication Services,Cable & Satellite,"Phoenix, Arizona"
CAKE,The Cheesecake Factory Incorpor,The Cheesecake Factory Incorporated,share,Consumer Discretionary,Restaurants,"Calabasas, California"
CAL,"Caleres, Inc.","Caleres, Inc.",share,Consumer Discretionary,Apparel Retail,"Clayton, Missouri"
CALM,"Cal-Maine Foods, Inc.","Cal-Maine Foods, Inc.",share,Consumer Staples,Packaged Foods & Meats,"Jackson, Mississippi"
CALX,"Calix, Inc","Calix, Inc.",share,Information Technology,Application Software,"San Jose, California"
CARG,"CarGurus, Inc.","CarGurus, Inc.",share,Communication Services,Interactive Media & Services,"Cambridge, Massachusetts"
CARS,Cars.com Inc.,Cars.com Inc.,share,Communication Services,Interactive Media & Services,"Chicago, Illinois"
CASH,"Pathward Financial, Inc.","Pathward Financial, Inc.",share,Financials,Regional Banks,"Sioux Falls, South Dakota"
CATY,Cathay General Bancorp,Cathay General Bancorp,share,Financials,Regional Banks,"Los Angeles, California"
CBRL,Cracker Barrel Old Country Stor,"Cracker Barrel Old Country Store, Inc.",share,Consumer Discretionary,Restaurants,"Lebanon, Tennessee"
CBU,"Community Financial System, Inc","Community Financial System, Inc.",share,Financials,Regional Banks,"DeWitt, New York"
CC,Chemours Company (The),The Chemours Company,share,Materials,Diversified Chemicals,"Wilmington, Delaware"
CCOI,"Cogent Communications Holdings,","Cogent Communications Holdings, Inc.",share,Communication Services,Alternative Carriers,"Washington, D.C."
CCS,"Century Communities, Inc.","Century Communities, Inc.",share,Consumer Discretionary,Homebuilding,"Greenwood Village, Colorado"
CE,Celanese Corporation,Celanese Corporation,share,Materials,Specialty Chemicals,"Irving, Texas"
CENT,Central Garden & Pet Company,Central Garden & Pet Company,share,Consumer Staples,Household Products,"Walnut Creek, California"
CENTA,Central Garden & Pet Company,Central Garden & Pet Company,share,Consumer Staples,Household Products,"Walnut Creek, California"
CENX,Century Aluminum Company,Century Aluminum Company,share,Materials,Aluminum,"Chicago, Illinois"
CERT,"Certara, Inc.","Certara, Inc.",share,Health Care,Health Care Technology,"Princeton, New Jersey"
CEVA,"CEVA, Inc.","CEVA, Inc.",share,Information Technology,Semiconductors,"Rockville, Maryland"
CFFN,"Capitol Federal Financial, Inc.","Capitol Federal Financial, Inc.",share,Financials,Regional Banks,"Topeka, Kansas"
CHCO,City Holding Company,City Holding Company,share,Financials,Regional Banks,"Charleston, West Virginia"
CHEF,"The Chefs' Warehouse, Inc.","The Chefs' Warehouse, Inc.",share,Consumer Staples,Food Distributors,"Ridgefield, Connecticut"
CLB,Core Laboratories Inc.,Core Laboratories Inc.,share,Energy,Oil & Gas Equipment & Services,"Amsterdam, the Netherlands"
CLSK,"CleanSpark, Inc.","CleanSpark, Inc.",share,Information Technology,Internet Services & Infrastructure,"Henderson, Nevada"
CNK,Cinemark Holdings Inc Cinemark ,"Cinemark Holdings, Inc.",share,Communication Services,Movies & Entertainment,"Plano, Texas"
CNMD,CONMED Corporation,CONMED Corporation,share,Health Care,Health Care Equipment,"Largo, Florida"
CNR,"Core Natural Resources, Inc.","Core Natural Resources, Inc.",share,Energy,Coal & Consumable Fuels,"Cecil Township, Pennsylvania"
CNS,Cohen & Steers Inc,"Cohen & Steers, Inc.",share,Financials,Asset Management & Custody Banks,"New York City, New York"
CNXN,"PC Connection, Inc.","PC Connection, Inc.",share,Information Technology,Technology Distributors,"Merrimack, New Hampshire"
COHU,"Cohu, Inc.","Cohu, Inc.",share,Information Technology,Semiconductor Materials & Equipment,"Poway, California"
COLL,"Collegium Pharmaceutical, Inc.","Collegium Pharmaceutical, Inc.",share,Health Care,Pharmaceuticals,"Stoughton, Massachusetts"
CON,Concentra Group Holdings Parent,"Concentra Group Holdings Parent, Inc.",share,Health Care,Health Care Services,"Mechanicsburg, Pennsylvania"
CORT,Corcept Therapeutics Incorporat,Corcept Therapeutics Incorporated,share,Health Care,Pharmaceuticals,"Menlo Park, California"
CPF,Central Pacific Financial Corp ,Central Pacific Financial Corp.,share,Financials,Regional Banks,"Honolulu, Hawaii"
CPK,Chesapeake Utilities Corporatio,Chesapeake Utilities Corporation,share,Utilities,Gas Utilities,"Dover, Delaware"
CPRX,"Catalyst Pharmaceuticals, Inc.","Catalyst Pharmaceuticals, Inc.",share,Health Care,Biotechnology,"Coral Gables, Florida"
CRC,California Resources Corporatio,California Resources Corporation,share,Energy,Oil & Gas Exploration & Production,"Los Angeles, California"
CRGY,Crescent Energy Company,Crescent Energy Company,share,Energy,Oil & Gas Exploration & Production,"Houston, Texas"
CRI,"Carter's, Inc.","Carter's, Inc.",share,Consumer Discretionary,"Apparel, Accessories & Luxury Goods","Atlanta, Georgia"
CRK,"Comstock Resources, Inc.","Comstock Resources, Inc.",share,Energy,Oil & Gas Exploration & Production,"Frisco, Texas"
CRSR,"Corsair Gaming, Inc.","Corsair Gaming, Inc.",share,Information Technology,"Technology Hardware, Storage & Peripherals","Milpitas, California"
CRVL,CorVel Corp.,CorVel Corporation,share,Health Care,Health Care Services,"Irvine, California"
CSGS,"CSG Systems International, Inc.","CSG Systems International, Inc.",share,Industrials,Data Processing & Outsourced Services,"Greenwood Village, Colorado"
CSR,D/B/A Centerspace,Centerspace,share,Real Estate,Multi-Family Residential REITs,"Minot, North Dakota"
CSW,"CSW Industrials, Inc.","CSW Industrials, Inc.",share,Industrials,Industrial Conglomerates,"Dallas, Texas"
CTKB,"Cytek Biosciences, Inc.","Cytek Biosciences, Inc.",share,Health Care,Health Care Equipment,"Fremont, California"
CTRE,"CareTrust REIT, Inc.","CareTrust REIT, Inc.",share,Real Estate,Health Care REITs,"San Clemente, California"
CTS,CTS Corporation,CTS Corporation,share,Information Technology,Electronic Manufacturing Services,"Lisle, Illinois"
CUBI,"Customers Bancorp, Inc","Customers Bancorp, Inc.",share,Financials,Regional Banks,"Reading, Pennsylvania"
CURB,Curbline Properties Corp.,Curbline Properties Corp.,share,Real Estate,Retail REITs,"New York City, New York"
CVBF,CVB Financial Corporation,CVB Financial Corp.,share,Financials,Regional Banks,"Ontario, California"
CVCO,"Cavco Industries, Inc.","Cavco Industries, Inc.",share,Consumer Discretionary,Homebuilding,"Phoenix, Arizona"
CVI,CVR Energy Inc.,"CVR Energy, Inc.",share,Energy,Oil & Gas Refining & Marketing,"Sugar Land, Texas"
CWEN,"Clearway Energy, Inc.","Clearway Energy, Inc.",share,Utilities,Renewable Electricity,"Princeton, New Jersey"
CWEN.A,,,share,Utilities,Renewable Electricity,"Princeton, New Jersey"
CWK,Cushman & Wakefield plc,Cushman & Wakefield plc,share,Real Estate,Real Estate Services,"Chicago, Illinois"
CWT,California Water Service Group,California Water Service Group,share,Utilities,Water Utilities,"San Jose, California"
CXM,"Sprinklr, Inc.","Sprinklr, Inc.",share,Information Technology,Application Software,"New York City, New York"
CXW,"CoreCivic, Inc.","CoreCivic, Inc.",share,Industrials,Diversified Support Services,"Brentwood, Tennessee"
CZR,"Caesars Entertainment, Inc.","Caesars Entertainment, Inc.",share,Consumer Discretionary,Casinos & Gaming,"Reno, Nevada"
DAN,Dana Incorporated,Dana Incorporated,share,Consumer Discretionary,Automotive Parts & Equipment,"Maumee, Ohio"
DCOM,"Dime Community Bancshares, Inc.","Dime Community Bancshares, Inc.",share,Financials,Regional Banks,"Hauppauge, New York"
DEA,"Easterly Government Properties,","Easterly Government Properties, Inc.",share,Real Estate,Office REITs,"Washington, D.C."
DEI,"Douglas Emmett, Inc.","Douglas Emmett, Inc.",share,Real Estate,Office REITs,"Santa Monica, California"
DFH,"Dream Finders Homes, Inc.","Dream Finders Homes, Inc.",share,Consumer Discretionary,Homebuilding,"Jacksonville, Florida"
DFIN,"Donnelley Financial Solutions, ","Donnelley Financial Solutions, Inc.",share,Financials,Financial Exchanges & Data,"Chicago, Illinois"
DGII,Digi International Inc.,Digi International Inc.,share,Information Technology,Communications Equipment,"Hopkins, Minnesota"
DIOD,Diodes Incorporated,Diodes Incorporated,share,Information Technology,Semiconductors,"Plano, Texas"
DLX,Deluxe Corporation,Deluxe Corporation,share,Industrials,Commercial Printing,"Minneapolis, Minnesota"
DNOW,DNOW Inc.,DNOW Inc.,share,Industrials,Trading Companies & Distributors,"Houston, Texas"
DOCN,"DigitalOcean Holdings, Inc.","DigitalOcean Holdings, Inc.",share,Information Technology,Internet Services & Infrastructure,"New York City, New York"
DORM,"Dorman Products, Inc.","Dorman Products, Inc.",share,Consumer Discretionary,Automotive Parts & Equipment,"Colmar, Pennsylvania"
DRH,Diamondrock Hospitality Company,DiamondRock Hospitality Company,share,Real Estate,Hotel & Resort REITs,"Bethesda, Maryland"
DV,"DoubleVerify Holdings, Inc.","DoubleVerify Holdings, Inc.",share,Communication Services,Advertising,"New York City, New York"
DVAX,Dynavax Technologies Corporatio,Dynavax Technologies Corporation,share,Health Care,Biotechnology,"Emeryville, California"
DXC,DXC Technology Company,DXC Technology Company,share,Information Technology,IT Consulting & Other Services,"Ashburn, Virginia"
DXPE,"DXP Enterprises, Inc.","DXP Enterprises, Inc.",share,Industrials,Trading Companies & Distributors,"Houston, Texas"
DY,"Dycom Industries, Inc.","Dycom Industries, Inc.",share,Industrials,Construction & Engineering,"Palm Beach Gardens, Florida"
EAT,"Brinker International, Inc.","Brinker International, Inc.",share,Consumer Discretionary,Restaurants,"Dallas, Texas"
ECG,"Everus Construction Group, Inc.","Everus Construction Group, Inc.",share,Industrials,Construction & Engineering,"Bismarck, North Dakota"
ECPG,Encore Capital Group Inc,"Encore Capital Group, Inc.",share,Financials,Consumer Finance,"San Diego, California"
EFC,Ellington Financial Inc.,Ellington Financial Inc.,share,Financials,Specialized Finance,"Greenwich, Connecticut"
EGBN,"Eagle Bancorp, Inc.","Eagle Bancorp, Inc.",share,Financials,Regional Banks,"Bethesda, Maryland"
EIG,Employers Holdings Inc,"Employers Holdings, Inc.",share,Financials,Property & Casualty Insurance,"Henderson, Nevada"
ELME,Elme Communities,Elme Communities,share,Real Estate,Diversified REITs,"Bethesda, Maryland"
EMBC,Embecta Corp.,Embecta Corp.,share,Health Care,Health Care Equipment,"Wilmington, Delaware"
ENOV,Enovis Corporation,Enovis Corporation,share,Health Care,Health Care Equipment,"Wilmington, Delaware"
ENPH,"Enphase Energy, Inc.","Enphase Energy, Inc.",share,Information Technology,Semiconductor Materials & Equipment,"Fremont, California"
ENR,"Energizer Holdings, Inc.","Energizer Holdings, Inc.",share,Consumer Staples,Household Products,"St. Louis, Missouri"
ENVA,"Enova International, Inc.","Enova International, Inc.",share,Financials,Consumer Finance,"Chicago, Illinois"
EPAC,Enerpac Tool Group Corp.,Enerpac Tool Group Corp.,share,Industrials,Industrial Machinery & Supplies & Components,"Menomonee Falls, Wisconsin"
EPC,Edgewell Personal Care Company,Edgewell Personal Care Company,share,Consumer Staples,Household Products,"Shelton, Connecticut"
EPRT,Essential Properties Realty Tru,"Essential Properties Realty Trust, Inc.",share,Real Estate,Diversified REITs,"Princeton, New Jersey"
ESE,ESCO Technologies Inc.,ESCO Technologies Inc.,share,Industrials,Industrial Machinery & Supplies & Components,"St. Louis, Missouri"
ESI,Element Solutions Inc.,Element Solutions Inc,share,Materials,Specialty Chemicals,"Fort Lauderdale, Florida"
ETD,Ethan Allen Interiors Inc.,Ethan Allen Interiors Inc.,share,Consumer Discretionary,Home Furnishings,"Danbury, Connecticut"
ETSY,"Etsy, Inc.","Etsy, Inc.",share,Consumer Discretionary,Broadline Retail,"New York City, New York"
EVTC,"Evertec, Inc.","EVERTEC, Inc.",share,Financials,Transaction & Payment Processing Services,"San Juan, Puerto Rico"
EXPI,"eXp World Holdings, Inc.","eXp World Holdings, Inc.",share,Real Estate,Real Estate Services,"Bellingham, Washington"
EXTR,"Extreme Networks, Inc.","Extreme Networks, Inc.",share,Information Technology,Communications Equipment,"Morrisville, North Carolina"
EYE,"National Vision Holdings, Inc.","National Vision Holdings, Inc.",share,Consumer Discretionary,Specialty Stores,"Duluth, Georgia"
EZPW,"EZCORP, Inc.","EZCORP, Inc.",share,Financials,Consumer Finance,"Austin, Texas"
FBK,FB Financial Corporation,FB Financial Corporation,share,Financials,Regional Banks,"Nashville, Tennessee"
FBNC,First Bancorp,First Bancorp,share,Financials,Regional Banks,"Southern Pines, North Carolina"
FBP,First BanCorp. New,First BanCorp.,share,Financials,Regional Banks,"San Juan, Puerto Rico"
FBRT,"Franklin BSP Realty Trust, Inc.","Franklin BSP Realty Trust, Inc.",share,Real Estate,Mortgage REITs,"New York City, New York"
FCF,First,First Commonwealth Financial Corporation,share,Financials,Regional Banks,"Indiana, Pennsylvania"
FCPT,"Four Corners Property Trust, In","Four Corners Property Trust, Inc.",share,Real Estate,Other Specialized REITs,"Mill Valley, California"
FDP,"Fresh Del Monte Produce, Inc.",Fresh Del Monte Produce Inc.,share,Consumer Staples,Packaged Foods & Meats,"Coral Gables, Florida"
FELE,"Franklin Electric Co., Inc.","Franklin Electric Co., Inc.",share,Industrials,Industrial Machinery & Supplies & Components,"Fort Wayne, Indiana"
FFBC,First Financial Bancorp.,First Financial Bancorp.,share,Financials,Regional Banks,"Cincinnati, Ohio"
FHB,"First Hawaiian, Inc.","First Hawaiian, Inc.",share,Financials,Regional Banks,"Honolulu, Hawaii"
FIZZ,National Beverage Corp.,National Beverage Corp.,share,Consumer Staples,Soft Drinks & Non-alcoholic Beverages,"Fort Lauderdale, Florida"
FMC,FMC Corporation,FMC Corporation,share,Materials,Fertilizers & Agricultural Chemicals,"Philadelphia, Pennsylvania"
FORM,"FormFactor, Inc.","FormFactor, Inc.",share,Information Technology,Semiconductor Materials & Equipment,"Livermore, California"
FOXF,Fox Factory Holding Corp.,Fox Factory Holding Corp.,share,Consumer Discretionary,Automotive Parts & Equipment,"Duluth, Georgia"
FRPT,"Freshpet, Inc.","Freshpet, Inc.",share,Consumer Staples,Packaged Foods & Meats,"Bedminster, New Jersey"
FSS,Federal Signal Corporation,Federal Signal Corporation,share,Industrials,Construction Machinery & Heavy Transportation Equipment,"Oak Brook, Illinois"
FTDR,"frontdoor, inc.","Frontdoor, Inc.",share,Consumer Discretionary,Specialized Consumer Services,"Memphis, Tennessee"
FTRE,Fortrea Holdings Inc.,Fortrea Holdings Inc.,share,Health Care,Biotechnology,"Durham, North Carolina"
FUL,H. B. Fuller Company,H.B. Fuller Company,share,Materials,Specialty Chemicals,"Vadnais Heights, Minnesota"
FULT,Fulton Financial Corporation,Fulton Financial Corporation,share,Financials,Regional Banks,"Lancaster, Pennsylvania"
FUN,Six Flags Entertainment Corpora,Six Flags Entertainment Corporation,share,Consumer Discretionary,Leisure Facilities,"Charlotte, North Carolina"
FWRD,Forward Air Corporation,Forward Air Corporation,share,Industrials,Air Freight & Logistics,"Greeneville, Tennessee"
GBX,"Greenbrier Companies, Inc. (The","The Greenbrier Companies, Inc.",share,Industrials,Construction Machinery & Heavy Transportation Equipment,"Lake Oswego, Oregon"
GDEN,"Golden Entertainment, Inc.","Golden Entertainment, Inc.",share,Consumer Discretionary,Casinos & Gaming,"Enterprise, Nevada"
GDYN,"Grid Dynamics Holdings, Inc.","Grid Dynamics Holdings, Inc.",share,Information Technology,IT Consulting & Other Services,"San Ramon, California"
GEO,Geo Group Inc (The) REIT,"The GEO Group, Inc.",share,Industrials,Environmental & Facilities Services,"Boca Raton, Florida"
GES,"Guess?, Inc.","Guess?, Inc.",share,Consumer Discretionary,Apparel Retail,"Los Angeles, California"
GFF,Griffon Corporation,Griffon Corporation,share,Industrials,Building Products,"New York City, New York"
GIII,"G-III Apparel Group, LTD.","G-III Apparel Group, Ltd.",share,Consumer Discretionary,"Apparel, Accessories & Luxury Goods","New York City, New York"
GKOS,Glaukos Corporation,Glaukos Corporation,share,Health Care,Health Care Equipment,"San Clemente, California"
GNL,"Global Net Lease, Inc.","Global Net Lease, Inc.",share,Real Estate,Diversified REITs,"New York City, New York"
GNW,Genworth Financial Inc,"Genworth Financial, Inc.",share,Financials,Multi-line Insurance,"Henrico County, Virginia"
GO,Grocery Outlet Holding Corp.,Grocery Outlet Holding Corp.,share,Consumer Staples,Food Retail,"Emeryville, California"
GOGO,Gogo Inc.,Gogo Inc.,share,Communication Services,Wireless Telecommunication Services,"Broomfield, Colorado"
GOLF,Acushnet Holdings Corp.,Acushnet Holdings Corp.,share,Consumer Discretionary,Leisure Products,"Fairhaven, Massachusetts"
GPI,"Group 1 Automotive, Inc.","Group 1 Automotive, Inc.",share,Consumer Discretionary,Automotive Retail,"Houston, Texas"
GRBK,"Green Brick Partners, Inc.","Green Brick Partners, Inc.",share,Consumer Discretionary,Homebuilding,"Plano, Texas"
GSHD,"Goosehead Insurance, Inc.","Goosehead Insurance, Inc",share,Financials,Insurance Brokers,"Westlake, Texas"
GTES,Gates Industrial Corporation pl,Gates Industrial Corporation plc,share,Industrials,Industrial Machinery & Supplies & Components,"Denver, Colorado"
GTY,Getty Realty Corporation,Getty Realty Corp.,share,Real Estate,Retail REITs,"New York City, New York"
GVA,Granite Construction Incorporat,Granite Construction Incorporated,share,Industrials,Construction & Engineering,"Watsonville, California"
HAFC,Hanmi Financial Corporation,Hanmi Financial Corporation,share,Financials,Regional Banks,"Los Angeles, California"
HASI,HA Sustainable Infrastructure C,"HA Sustainable Infrastructure Capital, Inc.",share,Financials,Specialized Finance,"Annapolis, Maryland"
HAYW,"Hayward Holdings, Inc.","Hayward Holdings, Inc.",share,Industrials,Electrical Components & Equipment,"Charlotte, North Carolina"
HBI,Hanesbrands Inc.,Hanesbrands Inc.,share,Consumer Discretionary,"Apparel, Accessories & Luxury Goods","Winston-Salem, North Carolina"
HCC,"Warrior Met Coal, Inc.","Warrior Met Coal, Inc.",share,Materials,Steel,"Brookwood, Alabama"
HCI,"HCI Group, Inc.","HCI Group, Inc.",share,Financials,Property & Casualty Insurance,"Tampa, Florida"
HCSG,"Healthcare Services Group, Inc.","Healthcare Services Group, Inc.",share,Industrials,Environmental & Facilities Services,"Bensalem Township, Pennsylvania"
HELE,Helen of Troy Limited,Helen of Troy Limited,share,Consumer Discretionary,Household Appliances,"Hamilton, Bermuda"
HFWA,Heritage Financial Corporation,Heritage Financial Corporation,share,Health Care,Regional Banks,"Olympia, Washington"
HI,Hillenbrand Inc,"Hillenbrand, Inc.",share,Industrials,Industrial Machinery & Supplies & Components,"Batesville, Indiana"
HIW,"Highwoods Properties, Inc.","Highwoods Properties, Inc.",share,Real Estate,Office REITs,"Raleigh, North Carolina"
HL,Hecla Mining Company,Hecla Mining Company,share,Materials,Silver,"Coeur d'Alene, Idaho"
HLIT,Harmonic Inc.,Harmonic Inc.,share,Information Technology,Communications Equipment,"San Jose, California"
HLX,"Helix Energy Solutions Group, I","Helix Energy Solutions Group, Inc.",share,Energy,Oil & Gas Equipment & Services,"Houston, Texas"
HMN,Horace Mann Educators Corporati,Horace Mann Educators Corporation,share,Financials,Multi-line Insurance,"Springfield, Illinois"
HNI,HNI Corporation,HNI Corporation,share,Industrials,Office Services & Supplies,"Muscatine, Iowa"
HOPE,"Hope Bancorp, Inc.","Hope Bancorp, Inc.",share,Financials,Regional Banks,"Los Angeles, California"
HP,"Helmerich & Payne, Inc.","Helmerich & Payne, Inc.",share,Energy,Oil & Gas Drilling,"Tulsa, Oklahoma"
HRMY,"Harmony Biosciences Holdings, I","Harmony Biosciences Holdings, Inc.",share,Health Care,Biotechnology,"Plymouth Meeting, Pennsylvania"
HSII,Heidrick & Struggles Internatio,"Heidrick & Struggles International, Inc.",share,Industrials,Human Resource & Employment Services,"Chicago, Illinois"
HSTM,"HealthStream, Inc.","HealthStream, Inc.",share,Health Care,Health Care Technology,"Nashville, Tennessee"
HTH,Hilltop Holdings Inc.,Hilltop Holdings Inc.,share,Financials,Regional Banks,"Dallas, Texas"
HTLD,"Heartland Express, Inc.","Heartland Express, Inc.",share,Industrials,Cargo Ground Transportation,"North Liberty, Iowa"
HTO,H2O America,H2O America,share,Utilities,Water Utilities,"San Jose, California"
HTZ,"Hertz Global Holdings, Inc","Hertz Global Holdings, Inc.",share,Industrials,Passenger Ground Transportation,"Estero, Florida"
HUBG,"Hub Group, Inc.","Hub Group, Inc.",share,Industrials,Air Freight & Logistics,"Oak Brook, Illinois"
HWKN,"Hawkins, Inc.","Hawkins, Inc.",share,Materials,Commodity Chemicals,"Roseville, Minnesota"
HZO,"MarineMax, Inc.  (FL)","MarineMax, Inc.",share,Consumer Discretionary,Specialty Stores,"Clearwater, Florida"
IAC,IAC Inc.,IAC Inc.,share,Communication Services,Publishing,"New York City, New York"
IART,Integra LifeSciences Holdings C,Integra LifeSciences Holdings Corporation,share,Health Care,Health Care Equipment,"Princeton, New Jersey"
IBP,"Installed Building Products, In","Installed Building Products, Inc.",share,Consumer Discretionary,Homebuilding,"Columbus, Ohio"
ICHR,Ichor Holdings,"Ichor Holdings, Ltd.",share,Information Technology,Semiconductor Materials & Equipment,"Fremont, California"
ICUI,"ICU Medical, Inc.","ICU Medical, Inc.",share,Health Care,Health Care Supplies,"San Clemente, California"
IDCC,"InterDigital, Inc.","InterDigital, Inc.",share,Information Technology,Communications Equipment,"Wilmington, Delaware"
IIIN,"Insteel Industries, Inc.",Insteel Industries Inc.,share,Industrials,Building Products,"Mount Airy, North Carolina"
IIPR,Innovative Industrial Propertie,"Innovative Industrial Properties, Inc.",share,Real Estate,Industrial REITs,"Park City, Utah"
INDB,Independent Bank Corp.,Independent Bank Corp.,share,Financials,Regional Banks,"Rockland, Massachusetts"
INN,"Summit Hotel Properties, Inc.","Summit Hotel Properties, Inc.",share,Real Estate,Hotel & Resort REITs,"Austin, Texas"
INSP,"Inspire Medical Systems, Inc.","Inspire Medical Systems, Inc.",share,Health Care,Health Care Equipment,"Golden Valley, Minnesota"
INSW,"International Seaways, Inc.","International Seaways, Inc.",share,Energy,Oil & Gas Storage & Transportation,"New York City, New York"
INVA,"Innoviva, Inc.","Innoviva, Inc.",share,Health Care,Pharmaceuticals,"Burlingame, California"
INVX,"Innovex International, Inc.","Innovex International, Inc.",share,Energy,Oil & Gas Equipment & Services,"Houston, Texas"
IOSP,Innospec Inc.,Innospec Inc.,share,Materials,Specialty Chemicals,"Englewood, Colorado"
IPAR,"Interparfums, Inc.","Interparfums, Inc.",share,Consumer Staples,Household Products,"New York City, New York"
ITGR,Integer Holdings Corporation,Integer Holdings Corporation,share,Health Care,Health Care Equipment,"Plano, Texas"
ITRI,"Itron, Inc.","Itron, Inc.",share,Information Technology,Electronic Equipment & Instruments,"Liberty Lake, Washington"
JBGS,JBG SMITH Properties,JBG SMITH Properties,share,Real Estate,Office REITs,"Bethesda, Maryland"
JBLU,JetBlue Airways Corporation,JetBlue Airways Corporation,share,Industrials,Passenger Airlines,"Long Island City, New York"
JBSS,"John B. Sanfilippo & Son, Inc.","John B. Sanfilippo & Son, Inc.",share,Consumer Staples,Packaged Foods & Meats,"Elgin, Illinois"
JBTM,JBT Marel Corporation,JBT Marel Corporation,share,Industrials,Industrial Machinery & Supplies & Components,"Chicago, Illinois"
JJSF,J & J Snack Foods Corp.,J&J Snack Foods Corp.,share,Consumer Staples,Packaged Foods & Meats,"Pennsauken Township, New Jersey"
JOE,St. Joe Company (The),The St. Joe Company,share,Real Estate,Real Estate Development,"Panama City Beach, Florida"
JXN,Jackson Financial Inc.,Jackson Financial Inc.,share,Financials,Life & Health Insurance,"Lansing, Michigan"
KAI,Kadant Inc,Kadant Inc.,share,Industrials,Industrial Machinery & Supplies & Components,"Westford, Massachusetts"
KALU,Kaiser Aluminum Corporation,Kaiser Aluminum Corporation,share,Materials,Aluminum,"Franklin, Tennessee"
KAR,"OPENLANE, Inc.","OPENLANE, Inc.",share,Industrials,Diversified Support Services,"Carmel, Indiana"
KFY,Korn Ferry,Korn Ferry,share,Industrials,Human Resource & Employment Services,"Los Angeles, California"
KGS,"Kodiak Gas Services, Inc.","Kodiak Gas Services, Inc.",share,Energy,Oil & Gas Equipment & Services,"The Woodlands, Texas"
KLIC,"Kulicke and Soffa Industries, I","Kulicke and Soffa Industries, Inc.",share,Information Technology,Semiconductor Materials & Equipment,"Serangoon, North-East Region, Singapore"
KMT,Kennametal Inc.,Kennametal Inc.,share,Industrials,Industrial Machinery & Supplies & Components,"Pittsburgh, Pennsylvania"
KN,Knowles Corporation,Knowles Corporation,share,Information Technology,Electronic Components,"Itasca, Illinois"
KNTK,Kinetik Holdings Inc.,Kinetik Holdings Inc.,share,Energy,Oil & Gas Storage & Transportation,"Midland, Texas"
KOP,Koppers Holdings Inc.,Koppers Holdings Inc.,share,Materials,Commodity Chemicals,"Pittsburgh, Pennsylvania"
KREF,KKR Real Estate Finance Trust I,KKR Real Estate Finance Trust Inc.,share,Financials,Mortgage REITs,"New York City, New York"
KRYS,"Krystal Biotech, Inc.","Krystal Biotech, Inc.",share,Health Care,Biotechnology,"Pittsburgh, Pennsylvania"
KSS,Kohl's Corporation,Kohl's Corporation,share,Consumer Discretionary,Broadline Retail,"Menomonee Falls, Wisconsin"
KTB,"Kontoor Brands, Inc.","Kontoor Brands, Inc.",share,Consumer Discretionary,"Apparel, Accessories & Luxury Goods","Greensboro, North Carolina"
KW,Kennedy-Wilson Holdings Inc.,"Kennedy-Wilson Holdings, Inc.",share,Real Estate,Real Estate Services,"Beverly Hills, California"
KWR,Quaker Houghton,Quaker Chemical Corporation,share,Materials,Specialty Chemicals,"Conshohocken, Pennsylvania"
LBRT,Liberty Energy Inc.,Liberty Energy Inc.,share,Energy,Oil & Gas Equipment & Services,"Denver, Colorado"
LCII,LCI Industries,LCI Industries,share,Consumer Discretionary,Automotive Parts & Equipment,"Elkhart, Indiana"
LEG,"Leggett & Platt, Incorporated","Leggett & Platt, Incorporated",share,Consumer Discretionary,Home Furnishings,"Carthage, Missouri"
LGIH,"LGI Homes, Inc.","LGI Homes, Inc.",share,Consumer Discretionary,Homebuilding,"The Woodlands, Texas"
LGND,Ligand Pharmaceuticals Incorpor,Ligand Pharmaceuticals Incorporated,share,Health Care,Biotechnology,"San Diego, California"
LKFN,Lakeland Financial Corporation,Lakeland Financial Corporation,share,Financials,Regional Banks,"Warsaw, Indiana"
LMAT,"LeMaitre Vascular, Inc.","LeMaitre Vascular, Inc.",share,Health Care,Health Care Equipment,"Burlington, Massachusetts"
LNC,Lincoln National Corporation,Lincoln National Corporation,share,Financials,Multi-line Insurance,"Radnor, Pennsylvania"
LNN,Lindsay Corporation,Lindsay Corporation,share,Materials,Agricultural & Farm Machinery,"Omaha, Nebraska"
LPG,Dorian LPG Ltd.,Dorian LPG Ltd.,share,Energy,Oil & Gas Storage & Transportation,"Stamford, Connecticut"
LQDT,"Liquidity Services, Inc.","Liquidity Services, Inc.",share,Industrials,Diversified Support Services,"Bethesda, Maryland"
LRN,"Stride, Inc.","Stride, Inc.",share,Consumer Discretionary,Education Services,"Herndon, Virginia"
LTC,"LTC Properties, Inc.","LTC Properties, Inc.",share,Real Estate,Health Care REITs,"Westlake Village, California"
LUMN,"Lumen Technologies, Inc.","Lumen Technologies, Inc.",share,Communication Services,Alternative Carriers,"Monroe, Louisiana"
LXP,LXP Industrial Trust,LXP Industrial Trust,share,Real Estate,Diversified REITs,"New York City, New York"
LZB,La-Z-Boy Incorporated,La-Z-Boy Incorporated,share,Consumer Discretionary,Home Furnishings,"Monroe, Michigan"
MAC,Macerich Company (The),The Macerich Company,share,Real Estate,Retail REITs,"Santa Monica, California"
MAN,ManpowerGroup,ManpowerGroup Inc.,share,Industrials,Human Resource & Employment Services,"Milwaukee, Wisconsin"
MARA,"MARA Holdings, Inc.","MARA Holdings, Inc.",share,Information Technology,Internet Services & Infrastructure,"Fort Lauderdale, Florida"
MATW,Matthews International Corporat,Matthews International Corporation,share,Consumer Discretionary,Specialized Consumer Services,"Pittsburgh, Pennsylvania"
MATX,"Matson, Inc.","Matson, Inc.",share,Industrials,Marine Transportation,"Honolulu, Hawaii"
MBC,"MasterBrand, Inc.","MasterBrand, Inc.",share,Industrials,Building Products,"Jasper, Indiana"
MC,Moelis & Company,Moelis & Company,share,Financials,Investment Banking & Brokerage,"New York City, New York"
MCRI,"Monarch Casino & Resort, Inc.","Monarch Casino & Resort, Inc.",share,Consumer Discretionary,Casinos & Gaming,"Reno, Nevada"
MCW,"Mister Car Wash, Inc.","Mister Car Wash, Inc.",share,Consumer Discretionary,Specialized Consumer Services,"Tucson, Arizona"
MCY,Mercury General Corporation,Mercury General Corporation,share,Financials,Property & Casualty Insurance,"Los Angeles, California"
MD,"Pediatrix Medical Group, Inc.","Pediatrix Medical Group, Inc.",share,Health Care,Health Care Services,"Sunrise, Florida"
MDU,"MDU Resources Group, Inc.","MDU Resources Group, Inc.",share,Utilities,Multi-Utilities,"Bismarck, North Dakota"
MGEE,MGE Energy Inc.,"MGE Energy, Inc.",share,Utilities,Electric Utilities,"Madison, Wisconsin"
MGPI,"MGP Ingredients, Inc.","MGP Ingredients, Inc.",share,Consumer Staples,Distillers & Vintners,"Atchison, Kansas"
MGY,Magnolia Oil & Gas Corporation,Magnolia Oil & Gas Corporation,share,Energy,Oil & Gas Exploration & Production,"Houston, Texas"
MHO,"M/I Homes, Inc.","M/I Homes, Inc.",share,Consumer Discretionary,Homebuilding,"Columbus, Ohio"
MIR,"Mirion Technologies, Inc.","Mirion Technologies, Inc.",share,Information Technology,Electronic Equipment & Instruments,"Atlanta, Georgia"
MKTX,"MarketAxess Holdings, Inc.",MarketAxess Holdings Inc.,share,Financials,Financial Exchanges & Data,"New York City, New York"
MLKN,"MillerKnoll, Inc.","MillerKnoll, Inc.",share,Industrials,Office Services & Supplies,"Zeeland, Michigan"
MMI,"Marcus & Millichap, Inc.","Marcus & Millichap, Inc.",share,Real Estate,Real Estate Services,"Calabasas, California"
MMSI,"Merit Medical Systems, Inc.","Merit Medical Systems, Inc.",share,Health Care,Health Care Supplies,"South Jordan, Utah"
MNRO,"Monro, Inc.","Monro, Inc.",share,Consumer Discretionary,Automotive Retail,"Rochester, New York"
MODG,Topgolf Callaway Brands Corp.,Topgolf Callaway Brands Corp.,share,Consumer Discretionary,Leisure Products,"Carlsbad, California"
MOG.A,,,share,Industrials,Aerospace & Defense,"Elma, New York"
MPW,"Medical Properties Trust, Inc.","Medical Properties Trust, Inc.",share,Real Estate,Health Care REITs,"Birmingham, Alabama"
MRCY,Mercury Systems Inc,"Mercury Systems, Inc.",share,Industrials,Electrical Components & Equipment,"Andover, Massachusetts"
MRP,"Millrose Properties, Inc.","Millrose Properties, Inc.",share,Real Estate,Single-Family Residential REITs,"Chevy Chase, Maryland"
MRTN,"Marten Transport, Ltd.","Marten Transport, Ltd.",share,Industrials,Cargo Ground Transportation,"Mondovi, Wisconsin"
MSEX,Middlesex Water Company,Middlesex Water Company,share,Utilities,Water Utilities,"Iselin, New Jersey"
MSGS,Madison Square Garden Sports Co,Madison Square Garden Sports Corp.,share,Communication Services,Movies & Entertainment,"New York City, New York"
MTH,Meritage Homes Corporation,Meritage Homes Corporation,share,Consumer Discretionary,Homebuilding,"Scottsdale, Arizona"
MTRN,Materion Corporation,Materion Corporation,share,Materials,Diversified Metals & Mining,"Mayfield Heights, Ohio"
MTUS,Metallus Inc.,Metallus Inc.,share,Materials,Steel,"Canton, Ohio"
MTX,Minerals Technologies Inc.,Minerals Technologies Inc.,share,Materials,Specialty Chemicals,"New York City, New York"
MWA,MUELLER WATER PRODUCTS,"Mueller Water Products, Inc.",share,Industrials,Industrial Machinery & Supplies & Components,"Atlanta, Georgia"
MXL,"MaxLinear, Inc","MaxLinear, Inc.",share,Information Technology,Semiconductors,"Carlsbad, California"
MYGN,"Myriad Genetics, Inc.","Myriad Genetics, Inc.",share,Health Care,Biotechnology,"Salt Lake City, Utah"
MYRG,"MYR Group, Inc.",MYR Group Inc.,share,Industrials,Construction & Engineering,"Thornton, Colorado"
NABL,"N-able, Inc.","N-able, Inc.",share,Information Technology,Systems Software,"Wilmington, Delaware"
NATL,NCR Atleos Corporation,NCR Atleos Corporation,share,Financials,Transaction & Payment Processing Services,"Atlanta, Georgia"
NAVI,Navient Corporation,Navient Corporation,share,Financials,Consumer Finance,"Wilmington, Delaware"
NBHC,National Bank Holdings Corporat,National Bank Holdings Corporation,share,Financials,Regional Banks,"Greenwood Village, Colorado"
NBTB,NBT Bancorp Inc.,NBT Bancorp Inc.,share,Financials,Regional Banks,"Norwich, New York"
NE,Noble Corporation plc A,Noble Corporation plc,share,Energy,Oil & Gas Drilling,"Houston, Texas"
NEO,"NeoGenomics, Inc.","NeoGenomics, Inc.",share,Health Care,Health Care Services,"Fort Myers, Florida"
NEOG,Neogen Corporation,Neogen Corporation,share,Health Care,Health Care Supplies,"Lansing, Michigan"
NGVT,Ingevity Corporation,Ingevity Corporation,share,Materials,Specialty Chemicals,"North Charleston, South Carolina"
NHC,National HealthCare Corporation,National HealthCare Corporation,share,Health Care,Health Care Facilities,"Murfreesboro, Tennessee"
NMIH,NMI Holdings Inc,"NMI Holdings, Inc.",share,Financials,Commercial & Residential Mortgage Finance,"Emeryville, California"
NOG,"Northern Oil and Gas, Inc.","Northern Oil and Gas, Inc.",share,Energy,Oil & Gas Exploration & Production,"Minnetonka, Minnesota"
NPK,"National Presto Industries, Inc","National Presto Industries, Inc.",share,Industrials,Aerospace & Defense,"Eau Claire, Wisconsin"
NPO,Enpro Inc.,Enpro Inc.,share,Industrials,Industrial Machinery & Supplies & Components,"Charlotte, North Carolina"
NSIT,"Insight Enterprises, Inc.","Insight Enterprises, Inc.",share,Industrials,Technology Distributors,"Tempe, Arizona"
NTCT,"NetScout Systems, Inc.","NetScout Systems, Inc.",share,Information Technology,Communications Equipment,"Westford, Massachusetts"
NVRI,Enviri Corporation,Enviri Corporation,share,Industrials,Industrial Machinery & Supplies & Components,"Philadelphia, Pennsylvania"
NWBI,"Northwest Bancshares, Inc.","Northwest Bancshares, Inc.",share,Financials,Regional Banks,"Warren, Pennsylvania"
NWL,Newell Brands Inc.,Newell Brands Inc.,share,Consumer Discretionary,Housewares & Specialties,"Atlanta, Georgia"
NWN,Northwest Natural Holding Compa,Northwest Natural Holding Company,share,Utilities,Gas Utilities,"Portland, Oregon"
NX,Quanex Building Products Corpor,Quanex Building Products Corporation,share,Industrials,Building Products,"Houston, Texas"
NXRT,"NexPoint Residential Trust, Inc","NexPoint Residential Trust, Inc.",share,Real Estate,Multi-Family Residential REITs,"Dallas, Texas"
OFG,OFG Bancorp,OFG Bancorp,share,Financials,Regional Banks,"San Juan, Puerto Rico"
OGN,Organon & Co.,Organon & Co.,share,Health Care,Pharmaceuticals,"Jersey City, New Jersey"
OI,"O-I Glass, Inc.","O-I Glass, Inc.",share,Materials,"Metal, Glass & Plastic Containers","Perrysburg, Ohio"
OII,"Oceaneering International, Inc.","Oceaneering International, Inc.",share,Energy,Oil & Gas Equipment & Services,"Houston, Texas"
OMCL,"Omnicell, Inc.","Omnicell, Inc.",share,Health Care,Health Care Technology,"Fort Worth, Texas"
OSIS,"OSI Systems, Inc.","OSI Systems, Inc.",share,Information Technology,Electronic Equipment & Instruments,"Hawthorne, California"
OTTR,Otter Tail Corporation,Otter Tail Corporation,share,Utilities,Electric Utilities,"Fergus Falls, Minnesota"
OUT,OUTFRONT Media Inc.,OUTFRONT Media Inc.,share,Real Estate,Other Specialized REITs,"New York City, New York"
OXM,"Oxford Industries, Inc.","Oxford Industries, Inc.",share,Consumer Discretionary,"Apparel, Accessories & Luxury Goods","Atlanta, Georgia"
PAHC,Phibro Animal Health Corporatio,Phibro Animal Health Corporation,share,Health Care,Pharmaceuticals,"Teaneck, New Jersey"
PARR,"Par Pacific Holdings, Inc. Comm","Par Pacific Holdings, Inc.",share,Energy,Oil & Gas Refining & Marketing,"Houston, Texas"
PAYO,Payoneer Global Inc.,Payoneer Global Inc.,share,Financials,Transaction & Payment Processing Services,"New York City, New York"
PATK,"Patrick Industries, Inc.","Patrick Industries, Inc.",share,Consumer Discretionary,Automotive Parts & Equipment,"Elkhart, Indiana"
PBH,Prestige Consumer Healthcare In,Prestige Consumer Healthcare Inc.,share,Health Care,Pharmaceuticals,"Tarrytown, New York"
PBI,Pitney Bowes Inc.,Pitney Bowes Inc.,share,Industrials,Office Services & Supplies,"Stamford, Connecticut"
PCRX,"Pacira BioSciences, Inc.","Pacira BioSciences, Inc.",share,Health Care,Pharmaceuticals,"Tampa, Florida"
PDFS,"PDF Solutions, Inc.","PDF Solutions, Inc.",share,Information Technology,Semiconductor Materials & Equipment,"Santa Clara, California"
PEB,Pebblebrook Hotel Trust,Pebblebrook Hotel Trust,share,Real Estate,Hotel & Resort REITs,"Bethesda, Maryland"
PECO,"Phillips Edison & Company, Inc.","Phillips Edison & Company, Inc.",share,Real Estate,Retail REITs,"Cincinnati, Ohio"
PENG,"Penguin Solutions, Inc.","Penguin Solutions, Inc.",share,Information Technology,Semiconductors,"Milpitas, California"
PENN,"PENN Entertainment, Inc.","PENN Entertainment, Inc.",share,Consumer Discretionary,Casinos & Gaming,"Wyomissing, Pennsylvania"
PFBC,Preferred Bank,Preferred Bank,share,Financials,Regional Banks,"Los Angeles, California"
PFS,"Provident Financial Services, I","Provident Financial Services, Inc.",share,Financials,Regional Banks,"Jersey City, New Jersey"
PGNY,"Progyny, Inc.","Progyny, Inc.",share,Health Care,Health Care Services,"New York City, New York"
PHIN,PHINIA Inc.,PHINIA Inc.,share,Consumer Discretionary,Automotive Retail,"Auburn Hills, Michigan"
PI,"Impinj, Inc.","Impinj, Inc.",share,Information Technology,Electronic Equipment & Instruments,"Seattle, Washington"
PINC,"Premier, Inc.","Premier, Inc.",share,Health Care,Health Care Services,"Charlotte, North Carolina"
PIPR,Piper Sandler Companies,Piper Sandler Companies,share,Financials,Investment Banking & Brokerage,"Minneapolis, Minnesota"
PJT,PJT Partners Inc.,PJT Partners Inc.,share,Financials,Investment Banking & Brokerage,"New York City, New York"
PLAB,"Photronics, Inc.","Photronics, Inc.",share,Information Technology,Semiconductor Materials & Equipment,"Brookfield, Connecticut"
PLAY,"Dave & Buster's Entertainment, ","Dave & Buster's Entertainment, Inc.",share,Consumer Discretionary,Restaurants,"Dallas, Texas"
PLMR,"Palomar Holdings, Inc.","Palomar Holdings, Inc.",share,Financials,Property & Casualty Insurance,"La Jolla, California"
PLUS,ePlus inc.,ePlus inc.,share,Information Technology,Technology Distributors,"Herndon, Virginia"
PLXS,Plexus Corp.,Plexus Corp.,share,Information Technology,Electronic Manufacturing Services,"Neenah, Wisconsin"
PMT,PennyMac Mortgage Investment Tr,PennyMac Mortgage Investment Trust,share,Real Estate,Mortgage REITs,"Westlake Village, California"
POWL,"Powell Industries, Inc.","Powell Industries, Inc.",share,Industrials,Electrical Components & Equipment,"Houston, Texas"
PRA,ProAssurance Corporation,ProAssurance Corporation,share,Financials,Property & Casualty Insurance,"Birmingham, Alabama"
PRAA,"PRA Group, Inc.","PRA Group, Inc.",share,Financials,Consumer Finance,"Norfolk, Virginia"
PRDO,Perdoceo Education Corporation,Perdoceo Education Corporation,share,Consumer Discretionary,Education Services,"Schaumburg, Illinois"
PRG,"PROG Holdings, Inc.","PROG Holdings, Inc.",share,Financials,Consumer Finance,"Draper, Utah"
PRGS,Progress Software Corporation,Progress Software Corporation,share,Information Technology,Systems Software,"Burlington, Massachusetts"
PRK,Park National Corporation,Park National Corporation,share,Financials,Regional Banks,"Newark, Ohio"
PRKS,United Parks & Resorts Inc.,United Parks & Resorts Inc.,share,Consumer Discretionary,Leisure Facilities,"Orlando, Florida"
PRLB,"Proto Labs, Inc.","Proto Labs, Inc.",share,Industrials,Industrial Machinery & Supplies & Components,"Maple Plain, Minnesota"
PRSU,Pursuit Attractions and Hospita,"Pursuit Attractions and Hospitality, Inc.",share,Consumer Discretionary,"Hotels, Resorts & Cruise Lines","Scottsdale, Arizona"
PRVA,"Privia Health Group, Inc.","Privia Health Group, Inc.",share,Health Care,Health Care Services,"Arlington County, Virginia"
PSMT,"PriceSmart, Inc.","PriceSmart, Inc.",share,Consumer Staples,Consumer Staples Merchandise Retail,"San Diego, California"
PTEN,"Patterson-UTI Energy, Inc.","Patterson-UTI Energy, Inc.",share,Energy,Oil & Gas Drilling,"Houston, Texas"
PTGX,"Protagonist Therapeutics, Inc.","Protagonist Therapeutics, Inc.",share,Health Care,Biotechnology,"Newark, California"
PZZA,"Papa John's International, Inc.","Papa John's International, Inc.",share,Consumer Discretionary,Restaurants,"Jeffersontown, Kentucky"
QDEL,QuidelOrtho Corporation,QuidelOrtho Corporation,share,Health Care,Health Care Supplies,"San Diego, California"
QNST,"QuinStreet, Inc.","QuinStreet, Inc.",share,Communication Services,Interactive Media & Services,"Foster City, California"
QRVO,"Qorvo, Inc.","Qorvo, Inc.",share,Information Technology,Semiconductors,"Greensboro, North Carolina"
QTWO,"Q2 Holdings, Inc.","Q2 Holdings, Inc.",share,Information Technology,Application Software,"Austin, Texas"
RAMP,"LiveRamp Holdings, Inc.","LiveRamp Holdings, Inc.",share,Information Technology,Application Software,"San Francisco, California"
RAL,Ralliant Corporation,Ralliant Corporation,share,Information Technology,Electronic Equipment & Instruments,"New York City, New York"
RC,Ready Capital Corporation,Ready Capital Corporation,share,Financials,Mortgage REITs,"New York City, New York"
RCUS,"Arcus Biosciences, Inc.","Arcus Biosciences, Inc.",share,Health Care,Biotechnology,"Hayward, California"
RDN,Radian Group Inc.,Radian Group Inc.,share,Financials,Property & Casualty Insurance,"Philadelphia, Pennsylvania"
RDNT,"RadNet, Inc.","RadNet, Inc.",share,Health Care,Health Care Services,"Los Angeles, California"
RES,"RPC, Inc.","RPC, Inc.",share,Energy,Oil & Gas Equipment & Services,"Atlanta, Georgia"
REYN,Reynolds Consumer Products Inc.,Reynolds Consumer Products Inc.,share,Consumer Staples,Household Products,"Lake Forest, Illinois"
REX,REX American Resources Corporat,REX American Resources Corporation,share,Energy,Oil & Gas Refining & Marketing,"Dayton, Ohio"
REZI,"Resideo Technologies, Inc.","Resideo Technologies, Inc.",share,Industrials,Trading Companies & Distributors,"Scottsdale, Arizona"
RGR,"Sturm, Ruger & Company, Inc.","Sturm, Ruger & Company, Inc.",share,Consumer Discretionary,Leisure Products,"Southport, Connecticut"
RHI,Robert Half Inc.,Robert Half Inc.,share,Industrials,Human Resource & Employment Services,"Menlo Park, California"
RHP,"Ryman Hospitality Properties, I","Ryman Hospitality Properties, Inc.",share,Real Estate,Hotel & Resort REITs,"Nashville, Tennessee"
RNST,Renasant Corporation,Renasant Corporation,share,Financials,Regional Banks,"Tupelo, Mississippi"
ROCK,"Gibraltar Industries, Inc.","Gibraltar Industries, Inc.",share,Industrials,Building Products,"Buffalo, New York"
ROG,Rogers Corporation,Rogers Corporation,share,Information Technology,Electronic Components,"Chandler, Arizona"
RUN,Sunrun Inc.,Sunrun Inc.,share,Industrials,Building Products,"San Francisco, California"
RUSHA,"Rush Enterprises, Inc.","Rush Enterprises, Inc.",share,Industrials,Construction Machinery & Heavy Transportation Equipment,"New Braunfels, Texas"
RWT,"Redwood Trust, Inc.","Redwood Trust, Inc.",share,Real Estate,Mortgage REITs,"Mill Valley, California"
RXO,"RXO, Inc.","RXO, Inc.",share,Industrials,Cargo Ground Transportation,"Charlotte, North Carolina"
SAFE,Safehold Inc. New,Safehold Inc.,share,Real Estate,Other Specialized REITs,"New York City, New York"
SABR,Sabre Corporation,Sabre Corporation,share,Consumer Discretionary,"Hotels, Resorts & Cruise Lines","Southlake, Texas"
SAFT,"Safety Insurance Group, Inc.","Safety Insurance Group, Inc.",share,Financials,Property & Casualty Insurance,"Boston, Massachusetts"
SAH,"Sonic Automotive, Inc.","Sonic Automotive, Inc.",share,Consumer Discretionary,Automotive Retail,"Charlotte, North Carolina"
SANM,Sanmina Corporation,Sanmina Corporation,share,Information Technology,Electronic Manufacturing Services,"San Jose, California"
SBCF,Seacoast Banking Corporation of,Seacoast Banking Corporation of Florida,share,Financials,Regional Banks,"Stuart, Florida"
SBH,"Sally Beauty Holdings, Inc. (Na","Sally Beauty Holdings, Inc.",share,Consumer Discretionary,Specialty Stores,"Denton, Texas"
SBSI,"Southside Bancshares, Inc.","Southside Bancshares, Inc.",share,Financials,Regional Banks,"Tyler, Texas"
SCHL,Scholastic Corporation,Scholastic Corporation,share,Consumer Discretionary,Publishing,"New York City, New York"
SCL,Stepan Company,Stepan Company,share,Materials,Specialty Chemicals,"Northfield, Illinois"
SCSC,"ScanSource, Inc.","ScanSource, Inc.",share,Information Technology,Technology Distributors,"Greenville, South Carolina"
SCVL,"Shoe Carnival, Inc.","Shoe Carnival, Inc.",share,Consumer Discretionary,Apparel Retail,"Evansville, Indiana"
SDGR,"Schrodinger, Inc.","Schrödinger, Inc.",share,Health Care,Health Care Services,"New York City, New York"
SEDG,"SolarEdge Technologies, Inc.","SolarEdge Technologies, Inc.",share,Information Technology,Semiconductor Materials & Equipment,"Herzliya, Israel"
SEE,Sealed Air Corporation,Sealed Air Corporation,share,Materials,Paper & Plastic Packaging Products & Materials,"Charlotte, North Carolina"
SEM,Select Medical Holdings Corpora,Select Medical Holdings Corporation,share,Health Care,Health Care Facilities,"Mechanicsburg, Pennsylvania"
SFBS,"ServisFirst Bancshares, Inc.","ServisFirst Bancshares, Inc.",share,Financials,Regional Banks,"Birmingham, Alabama"
SFNC,Simmons First National Corporat,Simmons First National Corporation,share,Financials,Regional Banks,"Little Rock, Arkansas"
SHAK,"Shake Shack, Inc.",Shake Shack Inc.,share,Consumer Discretionary,Restaurants,"New York City, New York"
SHEN,Shenandoah Telecommunications C,Shenandoah Telecommunications Company,share,Communication Services,Wireless Telecommunication Services,"Edinburg, Virginia"
SHO,"Sunstone Hotel Investors, Inc. ","Sunstone Hotel Investors, Inc.",share,Real Estate,Hotel & Resort REITs,"Aliso Viejo, California"
SHOO,"Steven Madden, Ltd.","Steven Madden, Ltd.",share,Consumer Discretionary,Footwear,"Long Island City, New York"
SIG,Signet Jewelers Limited,Signet Jewelers Limited,share,Consumer Discretionary,Specialty Stores,"Akron, Ohio"
SITC,SITE Centers Corp.,SITE Centers Corp.,share,Real Estate,Retail REITs,"Beachwood, Ohio"
SITM,SiTime Corporation,SiTime Corporation,share,Information Technology,Semiconductors,"Santa Clara, California"
SKT,Tanger Inc.,Tanger Inc.,share,Real Estate,Retail REITs,"Greensboro, North Carolina"
SKY,"Champion Homes, Inc.","Champion Homes, Inc.",share,Consumer Discretionary,Homebuilding,"Troy, Michigan"
SKYW,"SkyWest, Inc.","SkyWest, Inc.",share,Industrials,Passenger Airlines,"St. George, Utah"
SLG,SL Green Realty Corp,SL Green Realty Corp.,share,Real Estate,Office REITs,"New York City, New York"
SLVM,Sylvamo Corporation,Sylvamo Corporation,share,Materials,Paper Products,"Memphis, Tennessee"
SM,SM Energy Company,SM Energy Company,share,Energy,Oil & Gas Exploration & Production,"Denver, Colorado"
SMP,"Standard Motor Products, Inc.","Standard Motor Products, Inc.",share,Consumer Discretionary,Automotive Parts & Equipment,"Long Island City, New York"
SMPL,The Simply Good Foods Company,The Simply Good Foods Company,share,Consumer Staples,Packaged Foods & Meats,"Denver, Colorado"
SMTC,Semtech Corporation,Semtech Corporation,share,Information Technology,Semiconductors,"Camarillo, California"
SNCY,"Sun Country Airlines Holdings, ","Sun Country Airlines Holdings, Inc.",share,Industrials,Passenger Airlines,"Minneapolis, Minnesota"
SNDK,Sandisk Corporation,Sandisk Corporation,share,Information Technology,"Technology Hardware, Storage & Peripherals","Milpitas, California"
SNDR,"Schneider National, Inc.","Schneider National, Inc.",share,Industrials,Cargo Ground Transportation,"Green Bay, Wisconsin"
SNEX,StoneX Group Inc.,StoneX Group Inc.,share,Financials,Investment Banking & Brokerage,"New York City, New York"
SONO,"Sonos, Inc.","Sonos, Inc.",share,Consumer Discretionary,Consumer Electronics,"Santa Barbara, California"
SPNT,SiriusPoint Ltd.,SiriusPoint Ltd.,share,Financials,Reinsurance,"New York City, New York"
SPSC,"SPS Commerce, Inc.","SPS Commerce, Inc.",share,Information Technology,Application Software,"Minneapolis, Minnesota"
SPXC,"SPX Technologies, Inc.","SPX Technologies, Inc.",share,Industrials,Industrial Machinery & Supplies & Components,"Charlotte, North Carolina"
SRPT,"Sarepta Therapeutics, Inc.","Sarepta Therapeutics, Inc.",share,Health Care,Biotechnology,"Cambridge, Massachusetts"
SSTK,"Shutterstock, Inc.","Shutterstock, Inc.",share,Communication Services,Interactive Media & Services,"New York City, New York"
STAA,STAAR Surgical Company,STAAR Surgical Company,share,Health Care,Health Care Equipment,"Monrovia, California"
STBA,"S&T Bancorp, Inc.","S&T Bancorp, Inc.",share,Financials,Regional Banks,"Indiana, Pennsylvania"
STC,Stewart Information Services Co,Stewart Information Services Corporation,share,Financials,Property & Casualty Insurance,"Houston, Texas"
STEL,"Stellar Bancorp, Inc.","Stellar Bancorp, Inc.",share,Financials,Regional Banks,"Houston, Texas"
STEP,StepStone Group Inc.,StepStone Group Inc.,share,Financials,Asset Management & Custody Banks,"New York City, New York"
STRA,"Strategic Education, Inc.","Strategic Education, Inc.",share,Consumer Discretionary,Education Services,"Herndon, Virginia"
STRL,"Sterling Infrastructure, Inc.","Sterling Infrastructure, Inc.",share,Industrials,Construction & Engineering,"The Woodlands, Texas"
SUPN,"Supernus Pharmaceuticals, Inc.","Supernus Pharmaceuticals, Inc.",share,Health Care,Pharmaceuticals,"Rockville, Maryland"
SXC,"SunCoke Energy, Inc.","SunCoke Energy, Inc.",share,Materials,Steel,"Lisle, Illinois"
SXI,Standex International Corporati,Standex International Corporation,share,Industrials,Industrial Machinery & Supplies & Components,"Salem, New Hampshire"
SXT,Sensient Technologies Corporati,Sensient Technologies Corporation,share,Materials,Specialty Chemicals,"Milwaukee, Wisconsin"
TALO,"Talos Energy, Inc.",Talos Energy Inc.,share,Energy,Oil & Gas Exploration & Production,"Houston, Texas"
TBBK,"The Bancorp, Inc.","The Bancorp, Inc.",share,Financials,Regional Banks,"Wilmington, Delaware"
TDC,Teradata Corporation,Teradata Corporation,share,Information Technology,IT Consulting & Other Services,"San Diego, California"
TDS,"Telephone and Data Systems, Inc","Telephone and Data Systems, Inc.",share,Communication Services,Integrated Telecommunication Services,"Chicago, Illinois"
TDW,Tidewater Inc.,Tidewater Inc.,share,Energy,Oil & Gas Equipment & Services,"Houston, Texas"
TFIN,"Triumph Financial, Inc.","Triumph Financial, Inc.",share,Financials,Regional Banks,"Dallas, Texas"
TFX,Teleflex Incorporated,Teleflex Incorporated,share,Health Care,Health Care Equipment,"Wayne, Pennsylvania"
TGNA,TEGNA Inc,TEGNA Inc.,share,Communication Services,Broadcasting,"Tysons, Virginia"
TGTX,"TG Therapeutics, Inc.","TG Therapeutics, Inc.",share,Health Care,Biotechnology,"Morrisville, North Carolina"
THRM,Gentherm Inc,Gentherm Incorporated,share,Consumer Discretionary,Automotive Parts & Equipment,"Farmington Hills, Michigan"
THRY,"Thryv Holdings, Inc.","Thryv Holdings, Inc.",share,Communication Services,Interactive Media & Services,"Dallas, Texas"
THS,"Treehouse Foods, Inc.","TreeHouse Foods, Inc.",share,Consumer Staples,Packaged Foods & Meats,"Oak Brook, Illinois"
TILE,"Interface, Inc.","Interface, Inc.",share,Industrials,Office Services & Supplies,"Atlanta, Georgia"
TMDX,"TransMedics Group, Inc.","TransMedics Group, Inc.",share,Health Care,Health Care Equipment,"Andover, Massachusetts"
TMP,Tompkins Financial Corporation,Tompkins Financial Corporation,share,Financials,Regional Banks,"Ithaca, New York"
TNC,Tennant Company,Tennant Company,share,Industrials,Industrial Machinery & Supplies & Components,"Eden Prairie, Minnesota"
TNDM,"Tandem Diabetes Care, Inc.","Tandem Diabetes Care, Inc.",share,Health Care,Health Care Equipment,"San Diego, California"
TPH,"Tri Pointe Homes, Inc.","Tri Pointe Homes, Inc.",share,Consumer Discretionary,Homebuilding,"Incline Village, Nevada"
TR,"Tootsie Roll Industries, Inc.","Tootsie Roll Industries, Inc.",share,Consumer Staples,Packaged Foods & Meats,"Chicago, Illinois"
TRIP,"TripAdvisor, Inc.","Tripadvisor, Inc.",share,Consumer Discretionary,"Hotels, Resorts & Cruise Lines","Needham, Massachusetts"
TRMK,Trustmark Corporation,Trustmark Corporation,share,Financials,Regional Banks,"Jackson, Mississippi"
TRN,"Trinity Industries, Inc.","Trinity Industries, Inc.",share,Industrials,Construction Machinery & Heavy Transportation Equipment,"Dallas, Texas"
TRNO,Terreno Realty Corporation,Terreno Realty Corporation,share,Real Estate,Industrial REITs,"San Francisco, California"
TRST,TrustCo Bank Corp NY,TrustCo Bank Corp NY,share,Financials,Regional Banks,"Glenville, New York"
TRUP,"Trupanion, Inc.","Trupanion, Inc.",share,Financials,Life & Health Insurance,"Seattle, Washington"
TTMI,"TTM Technologies, Inc.","TTM Technologies, Inc.",share,Information Technology,Electronic Manufacturing Services,"Santa Ana, California"
TWI,"Titan International, Inc. (DE)","Titan International, Inc.",share,Materials,Agricultural & Farm Machinery,"Quincy, Illinois"
TWO,Two Harbors Investment Corp,Two Harbors Investment Corp.,share,Financials,Mortgage REITs,"St. Louis Park, Minnesota"
UCB,"United Community Banks, Inc.","United Community Banks, Inc.",share,Financials,Regional Banks,"Greenville, South Carolina"
UCTT,"Ultra Clean Holdings, Inc.","Ultra Clean Holdings, Inc.",share,Information Technology,Semiconductor Materials & Equipment,"Hayward, California"
UE,Urban Edge Properties,Urban Edge Properties,share,Real Estate,Retail REITs,"Paramus, New Jersey"
UFCS,"United Fire Group, Inc","United Fire Group, Inc.",share,Financials,Property & Casualty Insurance,"Cedar Rapids, Iowa"
UFPT,"UFP Technologies, Inc.","UFP Technologies, Inc.",share,Health Care,Health Care Equipment,"Newburyport, Massachusetts"
UHT,Universal Health Realty Income ,Universal Health Realty Income Trust,share,Real Estate,Health Care REITs,"King of Prussia, Pennsylvania"
UNF,Unifirst Corporation,UniFirst Corporation,share,Industrials,Diversified Support Services,"Wilmington, Massachusetts"
UNFI,"United Natural Foods, Inc.","United Natural Foods, Inc.",share,Consumer Staples,Food Retail,"Providence, Rhode Island"
UNIT,Uniti Group Inc.,Uniti Group Inc.,share,Communication Services,Alternative Carriers,"Little Rock, Arkansas"
UPBD,"Upbound Group, Inc.","Upbound Group, Inc.",share,Consumer Discretionary,Computer & Electronics Retail,"Plano, Texas"
URBN,"Urban Outfitters, Inc.","Urban Outfitters, Inc.",share,Consumer Discretionary,Apparel Retail,"Philadelphia, Pennsylvania"
USNA,"USANA Health Sciences, Inc.","USANA Health Sciences, Inc.",share,Consumer Staples,Packaged Foods & Meats,"West Valley City, Utah"
USPH,"U.S. Physical Therapy, Inc.","U.S. Physical Therapy, Inc.",share,Health Care,Health Care Facilities,"Houston, Texas"
UTL,UNITIL Corporation,Unitil Corporation,share,Utilities,Electric Utilities,"Hampton, New Hampshire"
UVV,Universal Corporation,Universal Corporation,share,Consumer Staples,Tobacco,"Richmond, Virginia"
VCEL,Vericel Corporation,Vericel Corporation,share,Health Care,Biotechnology,"Cambridge, Massachusetts"
VCTR,"Victory Capital Holdings, Inc. ","Victory Capital Holdings, Inc.",share,Financials,Asset Management & Custody Banks,"San Antonio, Texas"
VCYT,"Veracyte, Inc.","Veracyte, Inc.",share,Health Care,Health Care Services,"San Francisco, California"
VECO,Veeco Instruments Inc.,Veeco Instruments Inc.,share,Information Technology,Semiconductor Materials & Equipment,"Plainview, New York"
VIAV,Viavi Solutions Inc.,Viavi Solutions Inc.,share,Information Technology,Communications Equipment,"Chandler, Arizona"
VICR,Vicor Corporation,Vicor Corporation,share,Industrials,Electrical Components & Equipment,"Andover, Massachusetts"
VIR,"Vir Biotechnology, Inc.","Vir Biotechnology, Inc.",share,Health Care,Biotechnology,"San Francisco, California"
VIRT,"Virtu Financial, Inc.","Virtu Financial, Inc.",share,Financials,Financial Exchanges & Data,"New York City, New York"
VRE,"Veris Residential, Inc.","Veris Residential, Inc.",share,Real Estate,Office REITs,"Jersey City, New Jersey"
VRRM,Verra Mobility Corporation,Verra Mobility Corporation,share,Industrials,Data Processing & Outsourced Services,"Mesa, Arizona"
VRTS,"Virtus Investment Partners, Inc","Virtus Investment Partners, Inc.",share,Financials,Asset Management & Custody Banks,"Hartford, Connecticut"
VSAT,"ViaSat, Inc.","Viasat, Inc.",share,Information Technology,Communications Equipment,"Carlsbad, California"
VSCO,Victorias Secret & Co.,Victoria's Secret & Co.,share,Consumer Discretionary,Apparel Retail,"Reynoldsburg, Ohio"
VSH,"Vishay Intertechnology, Inc.","Vishay Intertechnology, Inc.",share,Information Technology,Electronic Components,"Malvern, Pennsylvania"
VSTS,Vestis Corporation,Vestis Corporation,share,Industrials,Diversified Support Services,"Roswell, Georgia"
VTOL,"Bristow Group, Inc.",Bristow Group Inc.,share,Energy,Oil & Gas Equipment & Services,"Houston, Texas"
VTLE,"Vital Energy, Inc.","Vital Energy, Inc.",share,Energy,Oil & Gas Exploration & Production,"Tulsa, Oklahoma"
VYX,NCR Voyix Corporation,NCR Voyix Corporation,share,Information Technology,IT Consulting & Other Services,"Atlanta, Georgia"
WABC,Westamerica Bancorporation,Westamerica Bancorporation,share,Financials,Regional Banks,"San Rafael, California"
WAFD,"WaFd, Inc.","WaFd, Inc.",share,Financials,Regional Banks,"Seattle, Washington"
WAY,Waystar Holding Corp.,Waystar Holding Corp.,share,Health Care,Health Care Technology,"Lehi, Utah"
WD,"Walker & Dunlop, Inc","Walker & Dunlop, Inc.",share,Financials,Commercial & Residential Mortgage Finance,"Bethesda, Maryland"
WDFC,WD-40 Company,WD-40 Company,share,Consumer Staples,Household Products,"San Diego, California"
WEN,Wendy's Company (The),The Wendy's Company,share,Consumer Discretionary,Restaurants,"Dublin, Ohio"
WERN,"Werner Enterprises, Inc.","Werner Enterprises, Inc.",share,Industrials,Cargo Ground Transportation,"Omaha, Nebraska"
WGO,"Winnebago Industries, Inc.","Winnebago Industries, Inc.",share,Consumer Discretionary,Automobile Manufacturers,"Eden Prairie, Minnesota"
WHD,"Cactus, Inc. Class A Common Sto","Cactus, Inc.",share,Energy,Oil & Gas Equipment & Services,"Houston, Texas"
WKC,World Kinect Corporation,World Kinect Corporation,share,Energy,Oil & Gas Refining & Marketing,"Doral, Florida"
WLY,"John Wiley & Sons, Inc.","John Wiley & Sons, Inc.",share,Communication Services,Publishing,"Hoboken, New Jersey"
WOR,"Worthington Enterprises, Inc.","Worthington Enterprises, Inc.",share,Industrials,Building Products,"Columbus, Ohio"
WRLD,World Acceptance Corporation,World Acceptance Corporation,share,Financials,Consumer Finance,"Greenville, South Carolina"
WS,"Worthington Steel, Inc.","Worthington Steel, Inc.",share,Materials,Steel,"Columbus, Ohio"
WSC,WillScot Holdings Corporation,WillScot Holdings Corporation,share,Industrials,Office Services & Supplies,"Phoenix, Arizona"
WSFS,WSFS Financial Corporation,WSFS Financial Corporation,share,Financials,Regional Banks,"Wilmington, Delaware"
WSR,Whitestone REIT,Whitestone REIT,share,Real Estate,Retail REITs,"Houston, Texas"
WT,"WisdomTree, Inc.","WisdomTree, Inc.",share,Financials,Asset Management & Custody Banks,"New York City, New York"
WU,Western Union Company (The),The Western Union Company,share,Financials,Transaction & Payment Processing Services,"Denver, Colorado"
WWW,"Wolverine World Wide, Inc.","Wolverine World Wide, Inc.",share,Consumer Discretionary,Footwear,"Rockford, Michigan"
XHR,"Xenia Hotels & Resorts, Inc.","Xenia Hotels & Resorts, Inc.",share,Real Estate,Hotel & Resort REITs,"Orlando, Florida"
XNCR,"Xencor, Inc.","Xencor, Inc.",share,Health Care,Biotechnology,"Pasadena, California"
XPEL,"XPEL, Inc.","XPEL, Inc.",share,Consumer Discretionary,Automotive Parts & Equipment,"San Antonio, Texas"
YELP,Yelp Inc.,Yelp Inc.,share,Communication Services,Interactive Media & Services,"San Francisco, California"
YOU,"Clear Secure, Inc.","Clear Secure, Inc.",share,Information Technology,Application Software,"New York City, New York"
ZD,"Ziff Davis, Inc.","Ziff Davis, Inc.",share,Communication Services,Advertising,"New York City, New York"
ZWS,Zurn Elkay Water Solutions Corp,Zurn Elkay Water Solutions Corporation,share,Industrials,Industrial Machinery & Supplies & Components,"Milwaukee, Wisconsin"
LVMH.PA,LVMH Moët Hennessy Louis Vuitton,,share,,,France
NOVO-B.CO,Novo Nordisk B A/S,Novo Nordisk A/S,share,Healthcare,Drug Manufacturers - General,Denmark
ASML.AS,ASML HOLDING,ASML Holding N.V.,share,Technology,Semiconductor Equipment & Materials,Netherlands
SAPG.DE,SAP SE,,share,,,Germany
NESN.S,Nestlé S.A.,,share,,,Switzerland
RMS.PA,HERMES INTL,Hermès International Société en commandite par actions,share,Consumer Cyclical,Luxury Goods,France
ROG.S,Roche Holding AG,,share,,,Switzerland
NOVN.S,Novartis AG,,share,,,Switzerland
AZN.L,ASTRAZENECA PLC ORD SHS $0.25,AstraZeneca PLC,share,Healthcare,Drug Manufacturers - General,United Kingdom
SHEL.L,SHELL PLC ORD EUR0.07,Shell plc,share,Energy,Oil & Gas Integrated,United Kingdom
TTE.PA,TOTALENERGIES,TotalEnergies SE,share,Energy,Oil & Gas Integrated,France
HSBA.L,HSBC HOLDINGS PLC ORD $0.50 (UK,HSBC Holdings plc,share,Financial Services,Banks - Diversified,United Kingdom
OR.PA,L'OREAL,L'Oréal S.A.,share,Consumer Defensive,Household & Personal Products,France
SIE.DE,SIEMENS AG                    N,Siemens Aktiengesellschaft,share,Industrials,Specialty Industrial Machinery,Germany
ULVR.L,UNILEVER PLC ORD 3 1/9P,Unilever PLC,share,Consumer Defensive,Household & Personal Products,United Kingdom
AIR.PA,AIRBUS SE,Airbus SE,share,Industrials,Aerospace & Defense,France
SAN.PA,SANOFI,Sanofi,share,Healthcare,Drug Manufacturers - General,France
ITX.MC,INDUSTRIA DE DISE...O TEXTIL S.,"Industria de Diseño Textil, S.A.",share,Consumer Cyclical,Apparel Retail,Spain
ALV.DE,Allianz SE                    v,Allianz SE,share,Financial Services,Insurance - Diversified,Germany
ENEL.MI,ENEL,Enel SpA,share,Utilities,Utilities - Diversified,Italy
BP.L,BP PLC $0.25,BP p.l.c.,share,Energy,Oil & Gas Integrated,United Kingdom
UBSG.S,UBS Group AG,,share,,,Switzerland
DTE.DE,DEUTSCHE TELEKOM AG           N,Deutsche Telekom AG,share,Communication Services,Telecom Services,Germany
ADYEN.AS,ADYEN,Adyen N.V.,share,Technology,Software - Infrastructure,Netherlands
MC.PA,LVMH,"LVMH Moët Hennessy - Louis Vuitton, Société Européenne",share,Consumer Cyclical,Luxury Goods,France
VOW3.DE,VOLKSWAGEN AG                 V,Volkswagen AG,share,Consumer Cyclical,Auto Manufacturers,Germany
PHIA.AS,KON.PHILIPS N.V.,Koninklijke Philips N.V.,share,Healthcare,Medical Devices,Netherlands
REL.L,RELX PLC ORD 14 51/116P,RELX PLC,share,Industrials,Specialty Business Services,United Kingdom
ZURN.S,Zurich Insurance Group AG,,share,,,Switzerland
BNP.PA,BNP PARIBAS ACT.A,BNP Paribas SA,share,Financial Services,Banks - Regional,France
ORA.PA,ORANGE,Orange S.A.,share,Communication Services,Telecom Services,France
BAYN.DE,Bayer AG                      N,Bayer Aktiengesellschaft,share,Healthcare,Drug Manufacturers - General,Germany
RNO.PA,RENAULT,Renault SA,share,Consumer Cyclical,Auto Manufacturers,France
CRH.L,CRH PLC ORD EUR 0.32 (DI),CRH plc,share,Basic Materials,Building Materials,Ireland
ISP.MI,INTESA SANPAOLO,Intesa Sanpaolo S.p.A.,share,Financial Services,Banks - Regional,Italy
STAN.L,STANDARD CHARTERED PLC ORD USD0,Standard Chartered PLC,share,Financial Services,Banks - Diversified,United Kingdom
SGE.L,THE SAGE GROUP PLC ORD 1 4/77P,The Sage Group plc,share,Technology,Software - Application,United Kingdom
DANO.PA,Danone SA,,share,,,France
EADSY.DE,Airbus SE (Germany listing),,share,,,Germany
KNEBV.HE,KONE Corporation,KONE Oyj,share,Industrials,Specialty Industrial Machinery,Finland
ENI.MI,ENI,Eni S.p.A.,share,Energy,Oil & Gas Integrated,Italy
AENA.MC,"AENA, S.M.E., S.A.","Aena S.M.E., S.A.",share,Industrials,Airports & Air Services,Spain
BMW.DE,BAYERISCHE MOTOREN WERKE AG   S,Bayerische Motoren Werke Aktiengesellschaft,share,Consumer Cyclical,Auto Manufacturers,Germany
SU.PA,SCHNEIDER ELECTRIC SE,Schneider Electric S.E.,share,Industrials,Specialty Industrial Machinery,France
TTEF.DE,TotalEnergies SE (Germany listing),,share,,,Germany
PRU.L,PRUDENTIAL PLC ORD 5P,Prudential plc,share,Financial Services,Insurance - Life,United Kingdom
CPG.L,COMPASS GROUP PLC ORD 11 1/20P,Compass Group PLC,share,Consumer Cyclical,Restaurants,United Kingdom
SAND.ST,Sandvik AB,Sandvik AB (publ),share,Industrials,Specialty Industrial Machinery,Sweden
GSK.L,GSK PLC ORD 31 1/4P,GSK plc,share,Healthcare,Drug Manufacturers - General,United Kingdom
ABI.BR,AB INBEV,Anheuser-Busch InBev SA/NV,share,Consumer Defensive,Beverages - Brewers,Belgium
VOD.L,VODAFONE GROUP PLC ORD USD0.20 ,Vodafone Group Public Limited Company,share,Communication Services,Telecom Services,United Kingdom
