date,symbol,open,high,low,close,volume
2022-11-04,JITOSOL-USD,32.30244064331055,34.03407287597656,32.16889953613281,33.76616287231445,2425
2022-11-05,JITOSOL-USD,33.76556396484375,38.439247131347656,33.76139450073242,36.7513313293457,3860
2022-11-06,JITOSOL-USD,36.751487731933594,36.83538055419922,32.541534423828125,32.75230026245117,2632
2022-11-07,JITOSOL-USD,32.75170135498047,33.02470397949219,29.31696319580078,29.550052642822266,3208
2022-11-08,JITOSOL-USD,29.549280166625977,30.64846420288086,22.229955673217773,24.195480346679688,10488
2022-11-09,JITOSOL-USD,24.19911766052246,24.200349807739258,13.601025581359863,14.552868843078613,116538
2022-11-10,JITOSOL-USD,14.546558380126953,17.822641372680664,14.213299751281738,17.201265335083008,27970
2022-11-11,JITOSOL-USD,17.190227508544922,17.61246109008789,15.185628890991211,15.721195220947266,2191
2022-11-12,JITOSOL-USD,15.72470474243164,15.848752975463867,14.482342720031738,14.482342720031738,57884
2022-11-13,JITOSOL-USD,14.482794761657715,14.482794761657715,13.128644943237305,13.135109901428223,13546
2022-11-14,JITOSOL-USD,13.136232376098633,14.707830429077148,12.248884201049805,13.930768966674805,87523
2022-11-15,JITOSOL-USD,13.931755065917969,14.879937171936035,13.929757118225098,14.243903160095215,103092
2022-11-16,JITOSOL-USD,14.242684364318848,14.508057594299316,13.725691795349121,14.284330368041992,51935
2022-11-17,JITOSOL-USD,14.284746170043945,14.452383041381836,13.18750286102295,13.67272663116455,4649
2022-11-18,JITOSOL-USD,13.67270278930664,13.800326347351074,13.082526206970215,13.243063926696777,25688
2022-11-19,JITOSOL-USD,13.242938041687012,13.247819900512695,12.669261932373047,12.926247596740723,27191
2022-11-20,JITOSOL-USD,12.926295280456543,13.412014961242676,12.222968101501465,12.227187156677246,6139
2022-11-21,JITOSOL-USD,12.227150917053223,12.24046516418457,11.367859840393066,11.85312271118164,147015
2022-11-22,JITOSOL-USD,11.852961540222168,12.433306694030762,11.105934143066406,12.426340103149414,21648
2022-11-23,JITOSOL-USD,12.425146102905273,14.374024391174316,12.423383712768555,14.355046272277832,3416
2022-11-24,JITOSOL-USD,14.354618072509766,14.754472732543945,13.9593505859375,14.572624206542969,78993
2022-11-25,JITOSOL-USD,14.572394371032715,14.575334548950195,13.999980926513672,14.128198623657227,15613
2022-11-26,JITOSOL-USD,14.130155563354492,14.944315910339355,14.072590827941895,14.183218955993652,35101
2022-11-27,JITOSOL-USD,14.182868003845215,14.413686752319336,14.144499778747559,14.177061080932617,3300
2022-11-28,JITOSOL-USD,14.177226066589355,14.178239822387695,12.884011268615723,13.378645896911621,9295
2022-11-29,JITOSOL-USD,13.378827095031738,13.90402603149414,13.275920867919922,13.423300743103027,804
2022-11-30,JITOSOL-USD,13.423314094543457,14.204696655273438,13.368314743041992,14.20241928100586,5942
2022-12-01,JITOSOL-USD,14.205249786376953,14.205249786376953,13.492740631103516,13.507583618164062,3584
2022-12-02,JITOSOL-USD,13.507376670837402,13.792586326599121,13.442402839660645,13.769804954528809,15843
2022-12-03,JITOSOL-USD,13.769685745239258,13.775032997131348,13.33585262298584,13.347503662109375,27748
2022-12-04,JITOSOL-USD,13.346746444702148,13.759087562561035,13.346746444702148,13.759087562561035,53784
2022-12-05,JITOSOL-USD,13.759831428527832,14.170194625854492,13.719513893127441,13.893383026123047,5667
2022-12-06,JITOSOL-USD,13.893372535705566,14.366116523742676,13.893217086791992,14.352029800415039,7281
2022-12-07,JITOSOL-USD,14.353052139282227,14.372020721435547,13.57760238647461,13.624112129211426,14934
2022-12-08,JITOSOL-USD,13.624144554138184,13.820815086364746,13.403799057006836,13.761825561523438,20674
2022-12-09,JITOSOL-USD,13.761848449707031,14.035731315612793,13.630414009094238,13.657646179199219,369
2022-12-10,JITOSOL-USD,13.657626152038574,13.747016906738281,13.651396751403809,13.692036628723145,2138
2022-12-11,JITOSOL-USD,13.6920747756958,13.843505859375,13.506258010864258,13.554943084716797,3248
2022-12-12,JITOSOL-USD,13.554949760437012,13.559015274047852,13.059136390686035,13.38467788696289,717
2022-12-13,JITOSOL-USD,13.383503913879395,14.065393447875977,12.913348197937012,13.876998901367188,6795
2022-12-14,JITOSOL-USD,13.879790306091309,14.851682662963867,13.840994834899902,14.230095863342285,2034
2022-12-15,JITOSOL-USD,14.22907829284668,14.492801666259766,14.011163711547852,14.078882217407227,1069
2022-12-16,JITOSOL-USD,14.080438613891602,14.23546028137207,12.263558387756348,12.30474853515625,5954
2022-12-17,JITOSOL-USD,12.303956031799316,12.98834228515625,12.034573554992676,12.53927993774414,486905
2022-12-18,JITOSOL-USD,12.539623260498047,12.62034797668457,12.397479057312012,12.556255340576172,4555
2022-12-19,JITOSOL-USD,12.55638313293457,12.616190910339355,11.840103149414062,12.010417938232422,10451
2022-12-20,JITOSOL-USD,12.010414123535156,12.510129928588867,11.983967781066895,12.366292953491211,7504
2022-12-21,JITOSOL-USD,12.363076210021973,12.401531219482422,12.050703048706055,12.205257415771484,8469
2022-12-22,JITOSOL-USD,12.205458641052246,12.24256706237793,11.840542793273926,11.850247383117676,7048
2022-12-23,JITOSOL-USD,11.850110054016113,12.145737648010254,11.850110054016113,11.889690399169922,6871
2022-12-24,JITOSOL-USD,11.889046669006348,11.889046669006348,11.341818809509277,11.525376319885254,96568
2022-12-25,JITOSOL-USD,11.525312423706055,11.695633888244629,11.408210754394531,11.49524974822998,6350
2022-12-26,JITOSOL-USD,11.494544982910156,11.65647029876709,11.276366233825684,11.387357711791992,9060
2022-12-27,JITOSOL-USD,11.387267112731934,11.595322608947754,10.873835563659668,11.163396835327148,39815
2022-12-28,JITOSOL-USD,11.164533615112305,11.383819580078125,9.677169799804688,9.848719596862793,1942
2022-12-29,JITOSOL-USD,9.848626136779785,10.509909629821777,8.601914405822754,9.65837574005127,33089
2022-12-30,JITOSOL-USD,9.658258438110352,10.052204132080078,9.200798034667969,9.964255332946777,10281
2022-12-31,JITOSOL-USD,9.964285850524902,10.232248306274414,9.797837257385254,10.051895141601562,5171
2023-01-01,JITOSOL-USD,10.051961898803711,10.13071346282959,9.828802108764648,10.082429885864258,5967
2023-01-02,JITOSOL-USD,10.082500457763672,11.460152626037598,9.960318565368652,11.395608901977539,2032
2023-01-03,JITOSOL-USD,11.395064353942871,13.430785179138184,11.197895050048828,13.421096801757812,20787
2023-01-04,JITOSOL-USD,13.421146392822266,14.176227569580078,13.131257057189941,13.63526439666748,43979
2023-01-05,JITOSOL-USD,13.635897636413574,13.867630004882812,13.158856391906738,13.53541374206543,59021
2023-01-06,JITOSOL-USD,13.535218238830566,13.6184663772583,12.988330841064453,13.603187561035156,18767
2023-01-07,JITOSOL-USD,13.602842330932617,13.627986907958984,13.242691993713379,13.255488395690918,2190
2023-01-08,JITOSOL-USD,13.254748344421387,14.093866348266602,13.091094970703125,14.085081100463867,31208
2023-01-09,JITOSOL-USD,14.08757495880127,17.287179946899414,12.270578384399414,16.51167106628418,54889
2023-01-10,JITOSOL-USD,16.51267433166504,16.76245880126953,15.847359657287598,16.350936889648438,18376
2023-01-11,JITOSOL-USD,16.35104751586914,16.623437881469727,15.582354545593262,16.56702995300293,75903
2023-01-12,JITOSOL-USD,16.769161224365234,16.928651809692383,16.03057861328125,16.64102554321289,66789
2023-01-13,JITOSOL-USD,16.641164779663086,18.562562942504883,16.426979064941406,18.315025329589844,88123
2023-01-14,JITOSOL-USD,18.3140869140625,24.59830665588379,18.31313705444336,24.46726417541504,830443
2023-01-15,JITOSOL-USD,24.465024948120117,24.610139846801758,22.41156578063965,23.01412010192871,170043
2023-01-16,JITOSOL-USD,23.016284942626953,24.682994842529297,22.92896270751953,23.914810180664062,522290
2023-01-17,JITOSOL-USD,23.91853904724121,24.042457580566406,23.358739852905273,23.358739852905273,73658
2023-01-18,JITOSOL-USD,23.356809616088867,23.764917373657227,21.27931785583496,21.44202423095703,417506
2023-01-19,JITOSOL-USD,21.440954208374023,22.415449142456055,20.896881103515625,21.72005271911621,124413
2023-01-20,JITOSOL-USD,21.720481872558594,25.827091217041016,21.28557777404785,25.82376480102539,146317
2023-01-21,JITOSOL-USD,25.828641891479492,26.202960968017578,25.057071685791016,25.057071685791016,224031
2023-01-22,JITOSOL-USD,25.064409255981445,25.656471252441406,23.972829818725586,24.588985443115234,473947
2023-01-23,JITOSOL-USD,24.586196899414062,25.099475860595703,24.32366943359375,24.670425415039062,618166
2023-01-24,JITOSOL-USD,24.665618896484375,25.370403289794922,23.196279525756836,23.21563148498535,212996
2023-01-25,JITOSOL-USD,23.217100143432617,25.227588653564453,22.82560920715332,24.910001754760742,88001
2023-01-26,JITOSOL-USD,24.90587043762207,25.332300186157227,24.498432159423828,24.704517364501953,65777
2023-01-27,JITOSOL-USD,24.70125389099121,25.027362823486328,23.923051834106445,24.66983985900879,73859
2023-01-28,JITOSOL-USD,24.668262481689453,25.167137145996094,24.26791763305664,24.314977645874023,40563
2023-01-29,JITOSOL-USD,24.314897537231445,26.773164749145508,24.293821334838867,26.024816513061523,67701
2023-01-30,JITOSOL-USD,26.022682189941406,26.55424690246582,23.924949645996094,24.246925354003906,149732
2023-01-31,JITOSOL-USD,24.25051498413086,24.68763542175293,23.983884811401367,24.251216888427734,153109
2023-02-01,JITOSOL-USD,24.250825881958008,25.390228271484375,23.025211334228516,25.347230911254883,179269
2023-02-02,JITOSOL-USD,25.351451873779297,26.23982810974121,24.712276458740234,24.732011795043945,110011
2023-02-03,JITOSOL-USD,24.731088638305664,25.342573165893555,24.54330062866211,25.10946273803711,96750
2023-02-04,JITOSOL-USD,25.115442276000977,25.23242950439453,24.790367126464844,24.81549072265625,27883
2023-02-05,JITOSOL-USD,24.808124542236328,24.825159072875977,23.48532485961914,23.894245147705078,537175
2023-02-06,JITOSOL-USD,23.894794464111328,24.013151168823242,23.28889274597168,23.28889274597168,360021
2023-02-07,JITOSOL-USD,23.29169464111328,24.087982177734375,23.222837448120117,24.087982177734375,298413
2023-02-08,JITOSOL-USD,24.08744239807129,24.335861206054688,23.364227294921875,23.56890296936035,34230
2023-02-09,JITOSOL-USD,23.567270278930664,23.629751205444336,21.02237892150879,21.02237892150879,137246
2023-02-10,JITOSOL-USD,21.029306411743164,21.483823776245117,20.664487838745117,20.933012008666992,197158
2023-02-11,JITOSOL-USD,20.937973022460938,21.223051071166992,20.667078018188477,21.20281219482422,88426
2023-02-12,JITOSOL-USD,21.19515609741211,22.541831970214844,21.04788589477539,21.847898483276367,55317
2023-02-13,JITOSOL-USD,21.844139099121094,21.869304656982422,20.587915420532227,21.211442947387695,136924
2023-02-14,JITOSOL-USD,21.21806526184082,22.387922286987305,21.19222068786621,21.818117141723633,84262
2023-02-15,JITOSOL-USD,21.814037322998047,24.227672576904297,21.68436050415039,24.227672576904297,32434
2023-02-16,JITOSOL-USD,24.227537155151367,24.3975887298584,22.30718994140625,22.7574405670166,109180
2023-02-17,JITOSOL-USD,22.760446548461914,23.894514083862305,22.179006576538086,23.547496795654297,21501
2023-02-18,JITOSOL-USD,23.54370880126953,24.107160568237305,23.449661254882812,23.987506866455078,56544
2023-02-19,JITOSOL-USD,23.982566833496094,25.77976417541504,23.764808654785156,25.43446922302246,92067
2023-02-20,JITOSOL-USD,25.434650421142578,27.26921844482422,24.876419067382812,26.55580711364746,72724
2023-02-21,JITOSOL-USD,26.55640983581543,26.838003158569336,25.279916763305664,25.340421676635742,83728
2023-02-22,JITOSOL-USD,25.341962814331055,25.510425567626953,23.886850357055664,24.652496337890625,41387
2023-02-23,JITOSOL-USD,24.652782440185547,25.065351486206055,24.213552474975586,24.31446647644043,42856
2023-02-24,JITOSOL-USD,24.31431770324707,24.461084365844727,23.103914260864258,23.39263343811035,79087
2023-02-25,JITOSOL-USD,23.39335823059082,23.65392303466797,23.185243606567383,23.302040100097656,37559
2023-02-26,JITOSOL-USD,23.294069290161133,23.84290885925293,22.81757926940918,23.66004180908203,238104
2023-02-27,JITOSOL-USD,23.660520553588867,23.74195671081543,22.858064651489258,23.1064510345459,26854
2023-02-28,JITOSOL-USD,23.10580825805664,23.132770538330078,22.354747772216797,22.42917251586914,16518
2023-03-01,JITOSOL-USD,22.43222427368164,23.247976303100586,22.19736099243164,22.87244415283203,8828
2023-03-02,JITOSOL-USD,22.871713638305664,22.97039031982422,22.20989418029785,22.45078468322754,29498
2023-03-03,JITOSOL-USD,22.45158576965332,22.4666690826416,21.143381118774414,21.82139015197754,52638
2023-03-04,JITOSOL-USD,21.821212768554688,21.916183471679688,21.055673599243164,21.423444747924805,30713
2023-03-05,JITOSOL-USD,21.424814224243164,21.90931510925293,21.399351119995117,21.434003829956055,26928
2023-03-06,JITOSOL-USD,21.434995651245117,21.479278564453125,21.153261184692383,21.234657287597656,28168
2023-03-07,JITOSOL-USD,21.238107681274414,21.376920700073242,20.67867088317871,20.753036499023438,6844
2023-03-08,JITOSOL-USD,20.75327491760254,20.770252227783203,19.406206130981445,19.410606384277344,12006
2023-03-09,JITOSOL-USD,19.408649444580078,19.720157623291016,17.650470733642578,17.67401885986328,41
2023-03-10,JITOSOL-USD,17.675010681152344,18.560333251953125,16.595136642456055,18.560333251953125,327371
2023-03-11,JITOSOL-USD,18.561777114868164,20.131465911865234,18.11164093017578,19.170997619628906,1911168
2023-03-12,JITOSOL-USD,19.166810989379883,20.817102432250977,18.406509399414062,20.757429122924805,515845
2023-03-13,JITOSOL-USD,20.759258270263672,21.524152755737305,19.48008918762207,21.140966415405273,123399
2023-03-14,JITOSOL-USD,21.133583068847656,22.517637252807617,20.689958572387695,21.503955841064453,3734
2023-03-15,JITOSOL-USD,21.49403953552246,21.931367874145508,19.894269943237305,20.23929214477539,18027
2023-03-16,JITOSOL-USD,20.232513427734375,20.829851150512695,19.971397399902344,20.59134292602539,2
2023-03-17,JITOSOL-USD,20.59522247314453,22.13015365600586,19.992826461791992,22.119953155517578,4492
2023-03-18,JITOSOL-USD,22.121618270874023,23.323259353637695,21.729917526245117,21.76667022705078,15602
2023-03-19,JITOSOL-USD,21.767183303833008,22.941158294677734,21.767183303833008,22.58320426940918,1169
2023-03-20,JITOSOL-USD,22.590717315673828,24.315046310424805,22.400327682495117,22.826496124267578,147757
2023-03-21,JITOSOL-USD,22.82894515991211,23.60879135131836,22.297466278076172,23.189590454101562,219712
2023-03-22,JITOSOL-USD,23.182167053222656,23.511642456054688,21.854707717895508,22.279590606689453,226604
2023-03-23,JITOSOL-USD,22.275121688842773,23.042705535888672,21.809301376342773,22.78076171875,236688
2023-03-24,JITOSOL-USD,22.782543182373047,22.82148551940918,21.11689567565918,21.303239822387695,950013
2023-03-25,JITOSOL-USD,21.308889389038086,21.450382232666016,20.998062133789062,21.135753631591797,76765
2023-03-26,JITOSOL-USD,21.137136459350586,21.60824966430664,20.90451431274414,21.522544860839844,1818441
2023-03-27,JITOSOL-USD,21.522363662719727,21.53190040588379,20.203311920166016,20.425588607788086,231469
2023-03-28,JITOSOL-USD,20.407060623168945,21.208999633789062,20.192800521850586,21.022567749023438,503165
2023-03-29,JITOSOL-USD,21.016117095947266,22.039825439453125,21.010292053222656,21.703428268432617,220398
2023-03-30,JITOSOL-USD,21.701993942260742,22.030481338500977,21.064664840698242,21.205516815185547,514528
2023-03-31,JITOSOL-USD,21.210437774658203,21.990093231201172,20.972412109375,21.79648780822754,449822
2023-04-01,JITOSOL-USD,21.79473114013672,21.852872848510742,21.514284133911133,21.57347297668457,31808
2023-04-02,JITOSOL-USD,21.73941993713379,21.822265625,21.137197494506836,21.49028968811035,20372
2023-04-03,JITOSOL-USD,21.485193252563477,21.560754776000977,20.874662399291992,21.106613159179688,74528
2023-04-04,JITOSOL-USD,21.10601043701172,21.706201553344727,20.966705322265625,21.549816131591797,22258
2023-04-05,JITOSOL-USD,21.55242347717285,21.867300033569336,21.36404800415039,21.605514526367188,35213
2023-04-06,JITOSOL-USD,21.603668212890625,21.611351013183594,21.23206329345703,21.23206329345703,17440
2023-04-07,JITOSOL-USD,21.235666275024414,21.364931106567383,20.874378204345703,21.042705535888672,26759
2023-04-08,JITOSOL-USD,21.04560661315918,21.21060562133789,20.685691833496094,20.753122329711914,12422
2023-04-09,JITOSOL-USD,20.75262451171875,21.00060272216797,20.704044342041016,20.93584632873535,48391
2023-04-10,JITOSOL-USD,20.93265724182129,21.513303756713867,20.802562713623047,21.47593879699707,73879
2023-04-11,JITOSOL-USD,21.470579147338867,24.156993865966797,21.442052841186523,23.68914222717285,96448
2023-04-12,JITOSOL-USD,23.688352584838867,24.970291137695312,23.19686508178711,24.82418441772461,59639
2023-04-13,JITOSOL-USD,24.61610221862793,25.725244522094727,24.544584274291992,25.33426284790039,127488
2023-04-14,JITOSOL-USD,25.33336067199707,26.156654357910156,24.61594009399414,25.52851104736328,404336
2023-04-15,JITOSOL-USD,25.524707794189453,25.534521102905273,24.627187728881836,24.832477569580078,325975
2023-04-16,JITOSOL-USD,24.833026885986328,26.129215240478516,24.757671356201172,26.07236671447754,59030
2023-04-17,JITOSOL-USD,26.078474044799805,26.63806915283203,25.251811981201172,25.398075103759766,154788
2023-04-18,JITOSOL-USD,25.397310256958008,26.111345291137695,24.9089412689209,25.535810470581055,138265
2023-04-19,JITOSOL-USD,25.533645629882812,25.620576858520508,23.219621658325195,23.316665649414062,747227
2023-04-20,JITOSOL-USD,23.31683921813965,23.723478317260742,22.459501266479492,22.862972259521484,151072
2023-04-21,JITOSOL-USD,22.863441467285156,22.966550827026367,21.846269607543945,21.911094665527344,374713
2023-04-22,JITOSOL-USD,21.911293029785156,22.595867156982422,21.84268569946289,22.5575008392334,247212
2023-04-23,JITOSOL-USD,22.557153701782227,53.80422592163086,21.73183250427246,22.14546775817871,119464
2023-04-24,JITOSOL-USD,22.14381980895996,85.26272583007812,21.653955459594727,23.369110107421875,142603
2023-04-25,JITOSOL-USD,23.364824295043945,89.08967590332031,21.22292137145996,22.525415420532227,240089
2023-04-26,JITOSOL-USD,22.519933700561523,54.46504592895508,21.50525665283203,21.982242584228516,142711
2023-04-27,JITOSOL-USD,21.982725143432617,58.642459869384766,21.945999145507812,56.997379302978516,413636
2023-04-28,JITOSOL-USD,56.99311828613281,62.22672653198242,22.731977462768555,24.041189193725586,278359
2023-04-29,JITOSOL-USD,24.05927085876465,65.34376525878906,23.6356201171875,23.88681983947754,101861
2023-04-30,JITOSOL-USD,23.88791847229004,65.44823455810547,23.51615333557129,25.769895553588867,135418
2023-05-01,JITOSOL-USD,25.75676155090332,87.07239532470703,22.43880844116211,22.728605270385742,635462
2023-05-02,JITOSOL-USD,22.728811264038086,59.50566864013672,22.213403701782227,35.596900939941406,787853
2023-05-03,JITOSOL-USD,35.59596252441406,94.13192749023438,21.87566375732422,22.91885757446289,684801
2023-05-04,JITOSOL-USD,22.90843391418457,23.097288131713867,22.468366622924805,22.471084594726562,300469
2023-05-05,JITOSOL-USD,22.468994140625,92.758544921875,22.170080184936523,41.850135803222656,329084
2023-05-06,JITOSOL-USD,41.85874557495117,103.28753662109375,22.369909286499023,22.745498657226562,87562
2023-05-07,JITOSOL-USD,22.744699478149414,60.580665588378906,22.30575180053711,22.764156341552734,41123
2023-05-08,JITOSOL-USD,22.753318786621094,59.826534271240234,21.111318588256836,21.398239135742188,498685
2023-05-09,JITOSOL-USD,21.398332595825195,60.90427017211914,20.992212295532227,21.36354637145996,181352
2023-05-10,JITOSOL-USD,21.376829147338867,22.014005661010742,20.79315948486328,21.6483154296875,119544
2023-05-11,JITOSOL-USD,21.64396095275879,21.65115737915039,20.50452423095703,20.93169593811035,223010
2023-05-12,JITOSOL-USD,20.937610626220703,21.6551513671875,20.52427864074707,21.6538143157959,160486
2023-05-13,JITOSOL-USD,21.65074920654297,22.005619049072266,21.523357391357422,21.592885971069336,22178
2023-05-14,JITOSOL-USD,21.581562042236328,21.986099243164062,21.363359451293945,21.68401527404785,50732
2023-05-15,JITOSOL-USD,21.68401527404785,22.25179100036621,21.348901748657227,21.73889923095703,110055
2023-05-16,JITOSOL-USD,21.73866844177246,21.868534088134766,21.167301177978516,21.406299591064453,153667
2023-05-17,JITOSOL-USD,21.40878677368164,21.914705276489258,21.151264190673828,21.804988861083984,43189
2023-05-18,JITOSOL-USD,21.793476104736328,21.82028579711914,20.84242820739746,21.067245483398438,87361
2023-05-19,JITOSOL-USD,21.072891235351562,21.293928146362305,20.979412078857422,21.06438636779785,11065
2023-05-20,JITOSOL-USD,21.06473159790039,21.076208114624023,20.850194931030273,21.01589012145996,25485
2023-05-21,JITOSOL-USD,21.018510818481445,21.106584548950195,20.187589645385742,20.310909271240234,51163
2023-05-22,JITOSOL-USD,20.310604095458984,20.728025436401367,20.060470581054688,20.249101638793945,165889
2023-05-23,JITOSOL-USD,20.24753189086914,20.890411376953125,20.1481876373291,20.757160186767578,120584
2023-05-24,JITOSOL-USD,20.76492691040039,20.794767379760742,19.567087173461914,19.919504165649414,138013
2023-05-25,JITOSOL-USD,19.931873321533203,20.234079360961914,19.525060653686523,19.955631256103516,77610
2023-05-26,JITOSOL-USD,19.948102951049805,20.25311279296875,19.796958923339844,20.081876754760742,60028
2023-05-27,JITOSOL-USD,20.074525833129883,21.226097106933594,20.04916763305664,21.173377990722656,51606
2023-05-28,JITOSOL-USD,21.182491302490234,21.927282333374023,21.05203628540039,21.575883865356445,38832
2023-05-29,JITOSOL-USD,21.571332931518555,21.739906311035156,21.038076400756836,21.348514556884766,24388
2023-05-30,JITOSOL-USD,21.351198196411133,22.173404693603516,21.254962921142578,22.016324996948242,274308
2023-05-31,JITOSOL-USD,22.016511917114258,22.107879638671875,21.200759887695312,21.602991104125977,96142
2023-06-01,JITOSOL-USD,21.599544525146484,21.76835823059082,21.217117309570312,21.26179313659668,30104
2023-06-02,JITOSOL-USD,21.264854431152344,22.14966583251953,21.14801025390625,22.054372787475586,237656
2023-06-03,JITOSOL-USD,22.056800842285156,22.125579833984375,21.777713775634766,21.934070587158203,151454
2023-06-04,JITOSOL-USD,21.953222274780273,23.130041122436523,21.84137725830078,22.63518524169922,306058
2023-06-05,JITOSOL-USD,22.621301651000977,22.868728637695312,20.2791748046875,20.862951278686523,72913
2023-06-06,JITOSOL-USD,20.835107803344727,21.42376136779785,20.028024673461914,21.117002487182617,382783
2023-06-07,JITOSOL-USD,21.121475219726562,21.24006462097168,19.253984451293945,19.35746955871582,541595
2023-06-08,JITOSOL-USD,19.35746955871582,19.819791793823242,18.984861373901367,19.63236427307129,4490
2023-06-09,JITOSOL-USD,19.63016700744629,20.07201385498047,17.8146915435791,18.06973648071289,12479
2023-06-10,JITOSOL-USD,18.06694221496582,18.07583999633789,14.061521530151367,16.245986938476562,148289
2023-06-11,JITOSOL-USD,16.238689422607422,16.75503158569336,15.746825218200684,16.171123504638672,6309
2023-06-12,JITOSOL-USD,16.172344207763672,16.264572143554688,15.34206771850586,15.797539710998535,85264
2023-06-13,JITOSOL-USD,15.797539710998535,16.577468872070312,15.380474090576172,15.620281219482422,36389
2023-06-14,JITOSOL-USD,15.619585990905762,15.94583797454834,14.752592086791992,15.08973503112793,694419
2023-06-15,JITOSOL-USD,15.115154266357422,15.62229061126709,14.752350807189941,15.343477249145508,312764
2023-06-16,JITOSOL-USD,15.34503173828125,16.051713943481445,15.023008346557617,15.933900833129883,99121
2023-06-17,JITOSOL-USD,15.936116218566895,16.734975814819336,15.780319213867188,16.259145736694336,97907
2023-06-18,JITOSOL-USD,16.247465133666992,16.45490264892578,15.941965103149414,16.09208106994629,130442
2023-06-19,JITOSOL-USD,16.09208106994629,16.78461456298828,16.058067321777344,16.737031936645508,226486
2023-06-20,JITOSOL-USD,16.748868942260742,17.350814819335938,16.38843536376953,17.3466854095459,553052
2023-06-21,JITOSOL-USD,17.345462799072266,18.122032165527344,17.266530990600586,17.958873748779297,229009
2023-06-22,JITOSOL-USD,17.950382232666016,18.45020866394043,17.292631149291992,17.322181701660156,288687
2023-06-23,JITOSOL-USD,17.326936721801758,18.233013153076172,16.896516799926758,17.892505645751953,383054
2023-06-24,JITOSOL-USD,17.88799285888672,18.275903701782227,17.134862899780273,17.358373641967773,150285
2023-06-25,JITOSOL-USD,17.356891632080078,18.10110855102539,17.294832229614258,17.7041015625,158188
2023-06-26,JITOSOL-USD,17.70586585998535,17.836734771728516,16.689035415649414,16.976749420166016,133866
2023-06-27,JITOSOL-USD,16.974855422973633,17.647184371948242,16.857234954833984,17.343017578125,144247
2023-06-28,JITOSOL-USD,17.344505310058594,17.35706329345703,16.425233840942383,16.662721633911133,265858
2023-06-29,JITOSOL-USD,16.662721633911133,19.00893783569336,16.572162628173828,18.758296966552734,667627
2023-06-30,JITOSOL-USD,18.756267547607422,20.80807113647461,18.50176429748535,19.67538833618164,2171958
2023-07-01,JITOSOL-USD,19.666866302490234,19.774898529052734,18.694730758666992,19.488052368164062,250549
2023-07-02,JITOSOL-USD,19.501670837402344,20.583356857299805,19.366785049438477,20.27977180480957,471549
2023-07-03,JITOSOL-USD,20.29258155822754,20.502275466918945,19.73041534423828,20.07417869567871,390911
2023-07-04,JITOSOL-USD,20.090532302856445,20.78553581237793,19.926029205322266,19.99418067932129,148595
2023-07-05,JITOSOL-USD,19.99418067932129,20.241243362426758,19.30495262145996,19.857227325439453,280103
2023-07-06,JITOSOL-USD,19.854782104492188,21.88047218322754,19.70347785949707,20.553823471069336,987785
2023-07-07,JITOSOL-USD,20.593650817871094,22.625131607055664,20.165956497192383,22.468406677246094,1154528
2023-07-08,JITOSOL-USD,22.474790573120117,23.42961311340332,22.302810668945312,22.805410385131836,704235
2023-07-09,JITOSOL-USD,22.78744125366211,23.304828643798828,21.994144439697266,22.30403709411621,366659
2023-07-10,JITOSOL-USD,22.294418334960938,22.76559066772461,21.451675415039062,22.29095458984375,509251
2023-07-11,JITOSOL-USD,22.29095458984375,23.326326370239258,22.204984664916992,23.099365234375,406343
2023-07-12,JITOSOL-USD,23.097942352294922,23.773242950439453,22.791868209838867,22.964893341064453,1082397
2023-07-13,JITOSOL-USD,22.927364349365234,27.738872528076172,22.406686782836914,27.2315673828125,946178
2023-07-14,JITOSOL-USD,27.24355125427246,31.27428436279297,26.431400299072266,27.93461036682129,2104395
2023-07-15,JITOSOL-USD,27.93461036682129,30.3814697265625,27.80876922607422,28.667926788330078,1092326
2023-07-16,JITOSOL-USD,28.69599151611328,29.926210403442383,28.000389099121094,28.700166702270508,1442178
2023-07-17,JITOSOL-USD,28.700166702270508,29.796398162841797,27.038768768310547,28.06973648071289,1551633
2023-07-18,JITOSOL-USD,28.061744689941406,28.31941032409668,25.981063842773438,26.764602661132812,1423383
2023-07-19,JITOSOL-USD,26.757225036621094,28.241573333740234,26.58138656616211,27.609472274780273,1360393
2023-07-20,JITOSOL-USD,27.595964431762695,28.645126342773438,26.283763885498047,26.550846099853516,604412
2023-07-21,JITOSOL-USD,26.550445556640625,27.206743240356445,26.305818557739258,26.730741500854492,268054
2023-07-22,JITOSOL-USD,26.693988800048828,27.183313369750977,25.478866577148438,25.72473907470703,291983
2023-07-23,JITOSOL-USD,25.70764923095703,26.439451217651367,25.402999877929688,25.96607780456543,170498
2023-07-24,JITOSOL-USD,25.973833084106445,26.00524139404297,24.027769088745117,24.44350814819336,705983
2023-07-25,JITOSOL-USD,24.458995819091797,24.667648315429688,23.926816940307617,24.38472557067871,273974
2023-07-26,JITOSOL-USD,24.38644790649414,26.787872314453125,24.291078567504883,26.33867645263672,715417
2023-07-27,JITOSOL-USD,26.345699310302734,26.83827018737793,25.86463165283203,26.291051864624023,302909
2023-07-28,JITOSOL-USD,26.295379638671875,26.7358455657959,25.732038497924805,26.030366897583008,273501
2023-07-29,JITOSOL-USD,26.028343200683594,26.606172561645508,25.957378387451172,26.38387107849121,363576
2023-07-30,JITOSOL-USD,26.38399314880371,26.39696502685547,25.035552978515625,25.50058364868164,265516
2023-07-31,JITOSOL-USD,25.495914459228516,25.9814453125,24.74451446533203,24.893508911132812,403888
2023-08-01,JITOSOL-USD,24.871244430541992,25.182756423950195,24.113073348999023,25.182756423950195,577278
2023-08-02,JITOSOL-USD,25.19359588623047,25.42407989501953,24.07286834716797,24.292184829711914,838046
2023-08-03,JITOSOL-USD,24.292184829711914,24.51766586303711,23.637041091918945,23.75437355041504,642926
2023-08-04,JITOSOL-USD,23.761804580688477,24.671308517456055,23.593990325927734,23.889493942260742,352712
2023-08-05,JITOSOL-USD,23.877714157104492,24.042591094970703,23.419530868530273,23.766206741333008,181029
2023-08-06,JITOSOL-USD,23.764930725097656,24.545473098754883,23.71344566345215,24.312950134277344,380261
2023-08-07,JITOSOL-USD,24.313610076904297,24.71691131591797,23.506078720092773,24.19092559814453,2822345
2023-08-08,JITOSOL-USD,24.187885284423828,25.950864791870117,24.111167907714844,25.423927307128906,1007457
2023-08-09,JITOSOL-USD,25.41398048400879,26.228130340576172,25.301515579223633,25.594945907592773,1815771
2023-08-10,JITOSOL-USD,25.643171310424805,26.106441497802734,25.330799102783203,25.841581344604492,764911
2023-08-11,JITOSOL-USD,25.832027435302734,26.122631072998047,25.549386978149414,25.819805145263672,899222
2023-08-12,JITOSOL-USD,25.82307243347168,26.390981674194336,25.617538452148438,26.17035484313965,130450
2023-08-13,JITOSOL-USD,26.163360595703125,26.195526123046875,25.446130752563477,25.455163955688477,449333
2023-08-14,JITOSOL-USD,25.456790924072266,26.528579711914062,25.323209762573242,26.48158073425293,382643
2023-08-15,JITOSOL-USD,26.48158073425293,26.590280532836914,24.974321365356445,25.114717483520508,189345
2023-08-16,JITOSOL-USD,25.131563186645508,25.22675132751465,23.587448120117188,23.973360061645508,428364
2023-08-17,JITOSOL-USD,23.96450424194336,24.598915100097656,22.154815673828125,22.818506240844727,1155981
2023-08-18,JITOSOL-USD,22.818506240844727,23.321073532104492,22.091047286987305,22.437450408935547,573488
2023-08-19,JITOSOL-USD,22.430198669433594,23.29156494140625,22.401456832885742,23.007415771484375,633241
2023-08-20,JITOSOL-USD,23.019710540771484,23.165138244628906,22.734420776367188,22.90471839904785,315408
2023-08-21,JITOSOL-USD,22.926692962646484,22.926692962646484,21.74272918701172,22.314632415771484,804513
2023-08-22,JITOSOL-USD,22.314897537231445,22.370080947875977,20.619606018066406,21.64993667602539,756429
2023-08-23,JITOSOL-USD,21.64993667602539,22.91953468322754,21.528488159179688,22.862337112426758,461197
2023-08-24,JITOSOL-USD,22.868295669555664,23.173673629760742,21.812408447265625,22.1651554107666,941964
2023-08-25,JITOSOL-USD,22.165925979614258,22.17258071899414,21.19664764404297,21.478042602539062,155733
2023-08-26,JITOSOL-USD,21.50588607788086,21.507049560546875,21.277435302734375,21.358858108520508,505299
2023-08-27,JITOSOL-USD,21.358858108520508,22.016494750976562,21.3270320892334,21.901613235473633,941747
2023-08-28,JITOSOL-USD,21.914203643798828,21.915393829345703,21.196842193603516,21.65683937072754,182517
2023-08-29,JITOSOL-USD,21.65359115600586,23.222951889038086,21.20670509338379,22.944854736328125,638323
2023-08-30,JITOSOL-USD,22.944854736328125,23.153024673461914,21.708831787109375,21.966211318969727,2552283
2023-08-31,JITOSOL-USD,21.971845626831055,22.162870407104492,20.67107391357422,20.825176239013672,1429384
2023-09-01,JITOSOL-USD,20.826005935668945,21.007341384887695,20.11634635925293,20.393484115600586,403622
2023-09-02,JITOSOL-USD,20.41095733642578,20.77850341796875,20.23427963256836,20.590593338012695,372773
2023-09-03,JITOSOL-USD,20.590593338012695,20.75819969177246,20.328861236572266,20.71539878845215,702980
2023-09-04,JITOSOL-USD,20.714311599731445,21.112239837646484,20.253278732299805,20.581937789916992,247227
2023-09-05,JITOSOL-USD,20.596521377563477,21.701528549194336,20.129474639892578,21.40032196044922,333460
2023-09-06,JITOSOL-USD,21.384031295776367,21.499834060668945,20.25481414794922,20.73513412475586,1278193
2023-09-07,JITOSOL-USD,20.732744216918945,21.115665435791016,20.44598960876465,21.009557723999023,201406
2023-09-08,JITOSOL-USD,21.03792953491211,21.397947311401367,20.49452781677246,20.717756271362305,28093
2023-09-09,JITOSOL-USD,20.720579147338867,20.7298526763916,20.501392364501953,20.55021095275879,137563
2023-09-10,JITOSOL-USD,20.546621322631836,20.550996780395508,18.85672378540039,19.283710479736328,639942
2023-09-11,JITOSOL-USD,19.270647048950195,19.472957611083984,18.41504669189453,18.74149513244629,1480076
2023-09-12,JITOSOL-USD,18.740964889526367,19.714502334594727,18.587505340576172,18.948091506958008,534053
2023-09-13,JITOSOL-USD,18.945823669433594,19.570131301879883,18.72870445251465,19.447385787963867,353336
2023-09-14,JITOSOL-USD,19.444643020629883,20.37334442138672,19.442413330078125,19.919443130493164,389653
2023-09-15,JITOSOL-USD,19.92019271850586,20.550243377685547,19.655414581298828,20.275920867919922,740029
2023-09-16,JITOSOL-USD,20.27511215209961,20.552024841308594,20.00311851501465,20.265060424804688,922115
2023-09-17,JITOSOL-USD,20.265060424804688,20.265060424804688,19.792137145996094,19.921932220458984,170434
2023-09-18,JITOSOL-USD,19.919702529907227,21.271623611450195,19.706588745117188,20.786075592041016,222740
2023-09-19,JITOSOL-USD,20.78958511352539,21.55972671508789,20.739957809448242,21.24341583251953,507234
2023-09-20,JITOSOL-USD,21.23904800415039,21.696264266967773,21.00499725341797,21.43720245361328,764541
2023-09-21,JITOSOL-USD,21.43834114074707,21.470991134643555,20.431299209594727,20.608766555786133,2680647
2023-09-22,JITOSOL-USD,20.608428955078125,20.960451126098633,20.34371566772461,20.63673210144043,1103078
2023-09-23,JITOSOL-USD,20.638179779052734,20.740251541137695,20.452733993530273,20.640552520751953,675565
2023-09-24,JITOSOL-USD,20.640552520751953,20.839916229248047,20.436311721801758,20.5487060546875,630991
2023-09-25,JITOSOL-USD,20.54663848876953,20.90247917175293,20.339895248413086,20.564035415649414,219320
2023-09-26,JITOSOL-USD,20.564449310302734,20.696367263793945,20.059900283813477,20.176620483398438,226986
2023-09-27,JITOSOL-USD,20.17427635192871,20.628068923950195,19.88929557800293,20.277936935424805,296222
2023-09-28,JITOSOL-USD,20.27871322631836,21.16771125793457,20.26079750061035,21.1552734375,339493
2023-09-29,JITOSOL-USD,21.15019416809082,21.6464786529541,21.05766487121582,21.4962215423584,901602
2023-09-30,JITOSOL-USD,21.49468421936035,23.05080795288086,21.289812088012695,22.687044143676758,540648
2023-10-01,JITOSOL-USD,22.658615112304688,25.890880584716797,22.4226131439209,25.262649536132812,430651
2023-10-02,JITOSOL-USD,25.275991439819336,26.118562698364258,24.342864990234375,24.79863739013672,2573347
2023-10-03,JITOSOL-USD,24.802865982055664,26.186790466308594,24.67861557006836,24.97114372253418,1661505
2023-10-04,JITOSOL-USD,25.00354766845703,25.21820068359375,23.99722671508789,24.510576248168945,2204390
2023-10-05,JITOSOL-USD,24.52889633178711,25.11339569091797,23.999286651611328,24.068809509277344,897837
2023-10-06,JITOSOL-USD,24.058732986450195,25.15616798400879,24.05771827697754,24.826095581054688,311592
2023-10-07,JITOSOL-USD,24.824260711669922,25.491252899169922,24.551719665527344,24.77040672302246,1831164
2023-10-08,JITOSOL-USD,24.756410598754883,25.22039794921875,24.5528564453125,24.665943145751953,1405264
2023-10-09,JITOSOL-USD,24.665943145751953,24.834735870361328,23.175968170166016,23.451616287231445,2821397
2023-10-10,JITOSOL-USD,23.463165283203125,23.856550216674805,23.086498260498047,23.522741317749023,1281918
2023-10-11,JITOSOL-USD,23.530780792236328,23.809534072875977,22.997661590576172,23.38060760498047,1775205
2023-10-12,JITOSOL-USD,23.38021469116211,23.41301918029785,22.348594665527344,22.64072608947754,955743
2023-10-13,JITOSOL-USD,22.641904830932617,23.570539474487305,22.458288192749023,23.22527313232422,618772
2023-10-14,JITOSOL-USD,23.230329513549805,23.610530853271484,23.199495315551758,23.367258071899414,2900839
2023-10-15,JITOSOL-USD,23.385080337524414,23.554279327392578,23.069639205932617,23.307720184326172,515953
2023-10-16,JITOSOL-USD,23.3258113861084,25.75704002380371,23.312572479248047,25.493274688720703,2337610
2023-10-17,JITOSOL-USD,25.485675811767578,26.074626922607422,25.115718841552734,25.47869873046875,1845525
2023-10-18,JITOSOL-USD,25.47869873046875,25.925151824951172,24.93028450012207,24.943744659423828,1132274
2023-10-19,JITOSOL-USD,24.943744659423828,27.175067901611328,24.746835708618164,26.550443649291992,3720979
2023-10-20,JITOSOL-USD,26.578683853149414,29.112077713012695,26.369691848754883,28.77826499938965,2221202
2023-10-21,JITOSOL-USD,28.80537986755371,32.070125579833984,28.409456253051758,31.252992630004883,5230897
2023-10-22,JITOSOL-USD,31.252363204956055,31.919334411621094,29.966514587402344,30.934696197509766,2492104
2023-10-23,JITOSOL-USD,31.212106704711914,34.77150344848633,30.735595703125,34.00356674194336,6629993
2023-10-24,JITOSOL-USD,34.00356674194336,34.61284255981445,31.516780853271484,32.159263610839844,12412434
2023-10-25,JITOSOL-USD,32.14604568481445,35.903602600097656,32.02741622924805,34.578155517578125,2295949
2023-10-26,JITOSOL-USD,34.52554702758789,35.37875747680664,32.77119064331055,34.86908721923828,4184377
2023-10-27,JITOSOL-USD,34.86928176879883,35.47124099731445,33.537288665771484,33.86168670654297,4306525
2023-10-28,JITOSOL-USD,33.8682975769043,34.65541458129883,33.529335021972656,33.72990036010742,1205925
2023-10-29,JITOSOL-USD,33.75120162963867,35.35444259643555,33.455322265625,35.02751541137695,2601789
2023-10-30,JITOSOL-USD,35.01678466796875,37.52649688720703,34.52411651611328,37.30479431152344,3226858
2023-10-31,JITOSOL-USD,37.2779541015625,41.033138275146484,37.19974899291992,41.02238464355469,3870861
2023-11-01,JITOSOL-USD,40.928653717041016,47.79767990112305,40.3984260559082,44.25299072265625,10288948
2023-11-02,JITOSOL-USD,44.124916076660156,47.47186279296875,41.37668991088867,42.85443115234375,10747936
2023-11-03,JITOSOL-USD,42.83725357055664,42.83725357055664,40.652774810791016,42.112037658691406,5308932
2023-11-04,JITOSOL-USD,42.12065505981445,45.572654724121094,41.70077133178711,45.125,3443394
2023-11-05,JITOSOL-USD,45.180015563964844,45.71699523925781,43.04365921020508,43.98030090332031,2872803
2023-11-06,JITOSOL-USD,43.98030090332031,45.0213737487793,42.422672271728516,44.985965728759766,3799300
2023-11-07,JITOSOL-USD,44.96614074707031,47.44929504394531,43.00239944458008,46.014404296875,5849623
2023-11-08,JITOSOL-USD,45.99949645996094,46.839847564697266,45.20198440551758,46.18036651611328,4302276
2023-11-09,JITOSOL-USD,46.0601806640625,52.10231399536133,45.4836311340332,48.68094253540039,8396632
2023-11-10,JITOSOL-USD,48.39837646484375,61.310733795166016,48.20793151855469,60.48493576049805,16155231
2023-11-11,JITOSOL-USD,60.55149459838867,67.82382202148438,57.4383544921875,59.84573745727539,26779363
2023-11-12,JITOSOL-USD,59.89497756958008,65.89933776855469,58.29225158691406,60.01848602294922,12571759
2023-11-13,JITOSOL-USD,60.19685363769531,63.840904235839844,55.40204620361328,55.445411682128906,16404518
2023-11-14,JITOSOL-USD,55.21039581298828,61.66050338745117,55.1472053527832,60.71714782714844,18044866
2023-11-15,JITOSOL-USD,60.77336883544922,71.5190200805664,60.11830520629883,70.11106872558594,14349357
2023-11-16,JITOSOL-USD,70.13799285888672,72.77702331542969,60.563377380371094,61.93411636352539,25479792
2023-11-17,JITOSOL-USD,61.71062088012695,64.7225570678711,58.05216979980469,62.38465118408203,41151240
2023-11-18,JITOSOL-USD,62.61826705932617,63.49178695678711,58.71217346191406,62.585899353027344,32704353
2023-11-19,JITOSOL-USD,62.64054489135742,66.32791900634766,60.745269775390625,65.61061096191406,25106218
2023-11-20,JITOSOL-USD,65.5383071899414,65.5383071899414,60.08511734008789,60.50700378417969,34131823
2023-11-21,JITOSOL-USD,60.502723693847656,61.375240325927734,55.1724739074707,55.58053970336914,47285180
2023-11-22,JITOSOL-USD,55.49372482299805,63.01583480834961,55.334285736083984,61.75371551513672,39835362
2023-11-23,JITOSOL-USD,61.67329025268555,63.64719009399414,60.16745376586914,60.60600662231445,28232233
2023-11-24,JITOSOL-USD,60.52610778808594,62.83738327026367,60.31270980834961,60.85921096801758,10762574
2023-11-25,JITOSOL-USD,60.889713287353516,63.96517562866211,60.119972229003906,63.015380859375,10528239
2023-11-26,JITOSOL-USD,62.96853256225586,63.152339935302734,60.29698181152344,61.759300231933594,10026906
2023-11-27,JITOSOL-USD,61.76313781738281,62.18701171875,57.49701690673828,59.04884719848633,25740336
2023-11-28,JITOSOL-USD,59.06776428222656,62.810516357421875,57.86091995239258,62.3177604675293,19061179
2023-11-29,JITOSOL-USD,62.38127899169922,66.07794189453125,61.916465759277344,63.513248443603516,21837457
2023-11-30,JITOSOL-USD,63.57801055908203,66.04679870605469,63.14448165893555,63.56205749511719,18314875
2023-12-01,JITOSOL-USD,63.55286407470703,66.30603790283203,62.904273986816406,64.17823791503906,13660755
2023-12-02,JITOSOL-USD,64.1102523803711,68.48633575439453,64.0315933227539,68.41531372070312,39057335
2023-12-03,JITOSOL-USD,68.49092102050781,70.21665954589844,66.88957977294922,67.70355224609375,23348778
2023-12-04,JITOSOL-USD,67.5821533203125,69.97421264648438,64.55999755859375,65.9864730834961,40894810
2023-12-05,JITOSOL-USD,66.03334045410156,67.00212860107422,63.50597381591797,65.44751739501953,18741568
2023-12-06,JITOSOL-USD,65.447998046875,71.14743041992188,65.447998046875,66.35446166992188,21028248
2023-12-07,JITOSOL-USD,66.38725280761719,74.23440551757812,66.28853607177734,72.80497741699219,49563459
2023-12-08,JITOSOL-USD,72.75069427490234,80.61849212646484,72.68252563476562,80.42010498046875,87514169
2023-12-09,JITOSOL-USD,80.4167251586914,83.23419189453125,77.20545196533203,77.69187927246094,49448778
2023-12-10,JITOSOL-USD,77.37968444824219,80.42046356201172,76.09457397460938,80.17548370361328,33540831
2023-12-11,JITOSOL-USD,80.2316665649414,80.53468322753906,72.16581726074219,75.66812896728516,40670474
2023-12-12,JITOSOL-USD,75.67266082763672,77.67719268798828,69.12238311767578,73.86451721191406,35159484
2023-12-13,JITOSOL-USD,73.79561614990234,77.83819580078125,68.72711181640625,76.13890075683594,20991754
2023-12-14,JITOSOL-USD,76.08756256103516,81.97235870361328,74.71338653564453,81.63446044921875,28500686
2023-12-15,JITOSOL-USD,81.666748046875,85.7545394897461,77.82042694091797,77.82042694091797,46748882
2023-12-16,JITOSOL-USD,77.93506622314453,82.8975601196289,76.90040588378906,79.0706787109375,28210168
2023-12-17,JITOSOL-USD,79.24446105957031,80.37874603271484,76.09968566894531,76.4073715209961,26331733
2023-12-18,JITOSOL-USD,76.34891510009766,81.08519744873047,72.21785736083984,80.0953598022461,38649607
2023-12-19,JITOSOL-USD,80.06524658203125,82.09575653076172,77.42008209228516,78.51313781738281,30115819
2023-12-20,JITOSOL-USD,78.5847396850586,90.10623931884766,78.53150177001953,88.3700180053711,46946128
2023-12-21,JITOSOL-USD,88.39570617675781,102.40815734863281,87.40090942382812,100.86457061767578,79914238
2023-12-22,JITOSOL-USD,100.98833465576172,106.62094116210938,97.48607635498047,105.24298858642578,62202707
2023-12-23,JITOSOL-USD,105.56097412109375,117.7517318725586,99.97474670410156,115.64527130126953,44428216
2023-12-24,JITOSOL-USD,115.62368774414062,125.92789459228516,115.5709228515625,120.93087005615234,78176100
2023-12-25,JITOSOL-USD,120.92616271972656,135.10964965820312,116.73118591308594,130.19461059570312,47617787
2023-12-26,JITOSOL-USD,130.08114624023438,130.39759826660156,112.36701965332031,121.31188201904297,58226014
2023-12-27,JITOSOL-USD,121.0827865600586,123.97975158691406,112.88710021972656,115.16510772705078,52416886
2023-12-28,JITOSOL-USD,115.14232635498047,117.78668975830078,104.9954833984375,110.09941101074219,75239320
2023-12-29,JITOSOL-USD,110.11676025390625,118.38077545166016,107.46859741210938,114.41365814208984,46415641
2023-12-30,JITOSOL-USD,114.42149353027344,115.68743896484375,108.70915222167969,109.70361328125,28370918
2023-12-31,JITOSOL-USD,109.79723358154297,113.3404541015625,107.53740692138672,109.55007934570312,37757642
2024-01-01,JITOSOL-USD,110.45734405517578,118.12655639648438,109.60356140136719,118.12655639648438,36345789
2024-01-02,JITOSOL-USD,118.1896743774414,126.11433410644531,114.64575958251953,114.94534301757812,44628350
2024-01-03,JITOSOL-USD,115.02558898925781,118.6377182006836,103.55321502685547,106.32678985595703,39785114
2024-01-04,JITOSOL-USD,106.38444519042969,116.66316223144531,105.0302963256836,113.40296936035156,38938451
2024-01-05,JITOSOL-USD,113.4457778930664,113.61243438720703,103.650634765625,107.93630981445312,33616334
2024-01-06,JITOSOL-USD,107.92976379394531,108.08931732177734,99.43599700927734,101.27383422851562,44493830
2024-01-07,JITOSOL-USD,101.23250579833984,104.24864959716797,95.15755462646484,96.36662292480469,28605334
2024-01-08,JITOSOL-USD,96.43990325927734,107.599853515625,92.4255142211914,105.47886657714844,57100776
2024-01-09,JITOSOL-USD,105.57954406738281,111.90339660644531,103.75518798828125,107.04500579833984,41940590
2024-01-10,JITOSOL-USD,107.08872985839844,113.39897918701172,100.0197525024414,110.19596862792969,42177532
2024-01-11,JITOSOL-USD,110.28897857666016,115.49137115478516,106.21644592285156,108.0213394165039,42781129
2024-01-12,JITOSOL-USD,108.02043914794922,108.46311950683594,95.09382629394531,98.8439712524414,35121576
2024-01-13,JITOSOL-USD,98.8992691040039,104.81665802001953,96.9098892211914,103.40218353271484,33826592
2024-01-14,JITOSOL-USD,103.42864990234375,110.22003173828125,101.64588928222656,101.76962280273438,30949458
2024-01-15,JITOSOL-USD,101.78366088867188,104.68154907226562,100.96101379394531,102.12602996826172,19876996
2024-01-16,JITOSOL-USD,102.11483001708984,106.6296615600586,102.04983520507812,105.45671844482422,26083489
2024-01-17,JITOSOL-USD,105.47175598144531,110.7509536743164,105.05119323730469,110.16402435302734,34418036
2024-01-18,JITOSOL-USD,110.21683502197266,111.10059356689453,99.77500915527344,102.16740417480469,51534971
2024-01-19,JITOSOL-USD,102.14314270019531,103.0145034790039,94.66901397705078,101.15055084228516,68873116
2024-01-20,JITOSOL-USD,101.16963958740234,101.67017364501953,98.07327270507812,100.33111572265625,48351515
2024-01-21,JITOSOL-USD,100.35568237304688,101.44945526123047,98.4768295288086,98.4768295288086,32979133
2024-01-22,JITOSOL-USD,98.53262329101562,99.29112243652344,89.46160125732422,90.46732330322266,75269616
2024-01-23,JITOSOL-USD,90.49768829345703,92.92167663574219,85.61908721923828,91.29610443115234,75388008
2024-01-24,JITOSOL-USD,91.33036041259766,96.60736083984375,90.3609848022461,96.33536529541016,55516540
2024-01-25,JITOSOL-USD,96.33724975585938,96.86699676513672,92.40172576904297,94.26184844970703,37037205
2024-01-26,JITOSOL-USD,94.2466049194336,101.41055297851562,93.45389556884766,100.13713073730469,41649309
2024-01-27,JITOSOL-USD,100.10221099853516,102.33145141601562,98.54881286621094,102.1802978515625,32452397
2024-01-28,JITOSOL-USD,102.17548370361328,107.49374389648438,101.41400146484375,104.09646606445312,48266690
2024-01-29,JITOSOL-USD,104.11885833740234,110.3753433227539,103.44441223144531,110.3753433227539,51468902
2024-01-30,JITOSOL-USD,110.37094116210938,115.2951431274414,109.72738647460938,109.95206451416016,50801690
2024-01-31,JITOSOL-USD,109.95639038085938,111.23934936523438,102.71219635009766,105.34230041503906,113349412
2024-02-01,JITOSOL-USD,105.28707122802734,106.53707885742188,101.21749114990234,106.22110748291016,83744330
2024-02-02,JITOSOL-USD,106.24557495117188,111.07527923583984,106.09034729003906,109.02986907958984,47636226
2024-02-03,JITOSOL-USD,109.02632141113281,109.73522186279297,105.2115707397461,106.37841796875,34550624
2024-02-04,JITOSOL-USD,106.38151550292969,107.05413818359375,103.5329360961914,103.74940490722656,61879036
2024-02-05,JITOSOL-USD,103.75326538085938,107.07967376708984,102.65652465820312,103.83300018310547,32880016
2024-02-06,JITOSOL-USD,103.84941101074219,106.30484771728516,103.06092834472656,105.32182312011719,75672257
2024-02-07,JITOSOL-USD,105.33612060546875,110.09478759765625,103.05528259277344,109.80013275146484,72044155
2024-02-08,JITOSOL-USD,109.80783081054688,114.03327178955078,109.323486328125,111.91634368896484,55073809
2024-02-09,JITOSOL-USD,111.92671203613281,118.55738067626953,111.8451156616211,116.3689956665039,76631049
2024-02-10,JITOSOL-USD,116.3460693359375,120.41496276855469,116.34104919433594,118.8376693725586,45539807
2024-02-11,JITOSOL-USD,118.81804656982422,120.14308166503906,116.74193572998047,116.89704895019531,30292331
2024-02-12,JITOSOL-USD,116.89836883544922,121.95690155029297,112.88218688964844,121.8877944946289,53954395
2024-02-13,JITOSOL-USD,121.85942077636719,124.99447631835938,118.17658996582031,122.51165771484375,55634133
2024-02-14,JITOSOL-USD,122.54235076904297,128.8769073486328,120.74176025390625,127.33698272705078,48650014
2024-02-15,JITOSOL-USD,127.38129425048828,128.83193969726562,121.73762512207031,123.7260513305664,48704874
2024-02-16,JITOSOL-USD,123.7266845703125,124.39749908447266,118.07437896728516,120.35213470458984,58567646
2024-02-17,JITOSOL-USD,120.35213470458984,120.95704650878906,115.63221740722656,118.84747314453125,32243570
2024-02-18,JITOSOL-USD,118.84261322021484,124.21476745605469,117.34383392333984,122.21558380126953,38920942
2024-02-19,JITOSOL-USD,122.23290252685547,124.92581939697266,121.1297607421875,121.45889282226562,36649638
2024-02-20,JITOSOL-USD,121.4590072631836,121.93949127197266,114.53086853027344,118.3250961303711,45228354
2024-02-21,JITOSOL-USD,118.25428771972656,118.25428771972656,109.3707046508789,114.56513214111328,38677287
2024-02-22,JITOSOL-USD,114.54299926757812,116.58833312988281,110.83705139160156,110.83705139160156,36049714
2024-02-23,JITOSOL-USD,110.87582397460938,112.28463745117188,107.82367706298828,108.9589614868164,38532838
2024-02-24,JITOSOL-USD,108.91521453857422,114.05901336669922,107.48049926757812,113.6160659790039,33877545
2024-02-25,JITOSOL-USD,113.59854125976562,113.71312713623047,111.47528076171875,112.76161193847656,35408095
2024-02-26,JITOSOL-USD,112.80054473876953,120.62594604492188,109.55670166015625,119.87979125976562,66438428
2024-02-27,JITOSOL-USD,119.87760162353516,122.23909759521484,115.57835388183594,118.21764373779297,65299053
2024-02-28,JITOSOL-USD,118.20584869384766,128.72555541992188,117.28157806396484,128.72555541992188,84365662
2024-02-29,JITOSOL-USD,128.72793579101562,146.68173217773438,128.43585205078125,137.23118591308594,164798939
2024-03-01,JITOSOL-USD,137.24746704101562,149.94569396972656,137.20321655273438,141.9871826171875,133567843
2024-03-02,JITOSOL-USD,141.98675537109375,143.55760192871094,139.3206024169922,141.49867248535156,69195211
2024-03-03,JITOSOL-USD,141.69801330566406,144.0317840576172,137.3463134765625,142.54586791992188,96567326
2024-03-04,JITOSOL-USD,142.4890899658203,147.31687927246094,139.5597381591797,145.55921936035156,114874286
2024-03-05,JITOSOL-USD,145.61756896972656,155.50677490234375,128.58863830566406,137.41770935058594,133991796
2024-03-06,JITOSOL-USD,137.31141662597656,146.99761962890625,131.45338439941406,142.72958374023438,91489625
2024-03-07,JITOSOL-USD,142.78753662109375,163.1266326904297,142.71839904785156,157.4530792236328,182519628
2024-03-08,JITOSOL-USD,157.43563842773438,166.82412719726562,156.4080352783203,159.0157470703125,145566638
2024-03-09,JITOSOL-USD,158.9322967529297,163.47447204589844,157.56723022460938,158.43873596191406,84598683
2024-03-10,JITOSOL-USD,158.4456787109375,162.7315216064453,154.271728515625,158.1631317138672,95783912
2024-03-11,JITOSOL-USD,158.1414794921875,164.16790771484375,150.76136779785156,162.88893127441406,85576123
2024-03-12,JITOSOL-USD,162.881591796875,169.5616455078125,156.2321014404297,164.3692626953125,244857328
2024-03-13,JITOSOL-USD,164.3696746826172,180.17579650878906,162.00436401367188,179.33238220214844,127566654
2024-03-14,JITOSOL-USD,179.34368896484375,194.34298706054688,175.53594970703125,193.05165100097656,162901923
2024-03-15,JITOSOL-USD,193.0515899658203,206.5459747314453,180.9103546142578,200.2296600341797,318500884
2024-03-16,JITOSOL-USD,200.24551391601562,215.88487243652344,194.4181671142578,198.3007354736328,286586565
2024-03-17,JITOSOL-USD,198.30072021484375,221.40933227539062,195.59939575195312,219.2713623046875,122815298
2024-03-18,JITOSOL-USD,220.30259704589844,229.83021545410156,212.38333129882812,214.51979064941406,214775833
2024-03-19,JITOSOL-USD,214.48812866210938,217.04884338378906,182.08358764648438,185.69544982910156,116485836
2024-03-20,JITOSOL-USD,185.69464111328125,211.21934509277344,178.03469848632812,209.5240936279297,123143722
2024-03-21,JITOSOL-USD,209.50718688964844,213.80410766601562,193.29025268554688,196.33590698242188,87367286
2024-03-22,JITOSOL-USD,196.3187713623047,198.6245574951172,184.10777282714844,190.45819091796875,93966155
2024-03-23,JITOSOL-USD,190.55874633789062,195.57350158691406,187.23733520507812,189.36508178710938,60603201
2024-03-24,JITOSOL-USD,189.36508178710938,204.42201232910156,188.10205078125,201.1714324951172,69970037
2024-03-25,JITOSOL-USD,201.1541290283203,213.31991577148438,198.8235626220703,207.41091918945312,69131450
2024-03-26,JITOSOL-USD,207.41091918945312,215.5478057861328,204.78662109375,209.5179901123047,75749411
2024-03-27,JITOSOL-USD,209.51797485351562,211.32652282714844,198.30111694335938,204.74620056152344,83239066
2024-03-28,JITOSOL-USD,204.6768035888672,209.6414794921875,198.66604614257812,208.4447021484375,73598071
2024-03-29,JITOSOL-USD,208.4447021484375,212.15286254882812,201.77664184570312,211.10951232910156,66066121
2024-03-30,JITOSOL-USD,211.10951232910156,219.67755126953125,210.19171142578125,213.755126953125,84822734
2024-03-31,JITOSOL-USD,213.755126953125,223.31776428222656,213.28713989257812,222.96463012695312,74543138
2024-04-01,JITOSOL-USD,222.92855834960938,224.59600830078125,205.95855712890625,211.8672332763672,99500651
2024-04-02,JITOSOL-USD,211.8672332763672,211.8672332763672,194.2939453125,199.3238983154297,109809945
2024-04-03,JITOSOL-USD,199.32522583007812,210.8585205078125,195.18972778320312,203.89015197753906,118754376
2024-04-04,JITOSOL-USD,203.8870086669922,208.6871337890625,198.54017639160156,202.22024536132812,78140573
2024-04-05,JITOSOL-USD,202.22024536132812,203.3409881591797,185.14610290527344,191.8834686279297,96405314
2024-04-06,JITOSOL-USD,191.8834686279297,197.74586486816406,191.3298797607422,196.84616088867188,66248250
2024-04-07,JITOSOL-USD,196.76060485839844,200.87974548339844,194.01629638671875,197.96878051757812,65240110
2024-04-08,JITOSOL-USD,197.96878051757812,206.5157012939453,193.11610412597656,199.27366638183594,65170008
2024-04-09,JITOSOL-USD,199.265625,199.4857940673828,186.949951171875,189.3944854736328,82154399
2024-04-10,JITOSOL-USD,189.4042205810547,193.00222778320312,180.54339599609375,190.8898468017578,114882081
2024-04-11,JITOSOL-USD,190.89761352539062,193.82826232910156,187.29644775390625,190.26864624023438,211020761
2024-04-12,JITOSOL-USD,190.26760864257812,193.36476135253906,163.44619750976562,168.9637451171875,143835506
2024-04-13,JITOSOL-USD,168.96395874023438,170.42005920410156,135.41029357910156,150.64654541015625,222630255
2024-04-14,JITOSOL-USD,150.65859985351562,167.8902587890625,143.6395263671875,166.8028564453125,184286938
2024-04-15,JITOSOL-USD,166.75820922851562,171.8197784423828,147.8203887939453,152.6513214111328,98152541
2024-04-16,JITOSOL-USD,152.6476593017578,154.6259002685547,139.5027313232422,150.23890686035156,155721676
2024-04-17,JITOSOL-USD,150.23890686035156,156.8489990234375,140.75689697265625,145.8354034423828,108197862
2024-04-18,JITOSOL-USD,145.83799743652344,158.2611541748047,141.44253540039062,156.79141235351562,76064313
2024-04-19,JITOSOL-USD,156.7906494140625,162.50042724609375,142.3821258544922,157.6245574951172,114317367
2024-04-20,JITOSOL-USD,157.62124633789062,167.6029815673828,154.77259826660156,166.46652221679688,60133843
2024-04-21,JITOSOL-USD,166.45584106445312,168.91307067871094,162.61134338378906,164.17860412597656,90305627
2024-04-22,JITOSOL-USD,164.17860412597656,174.83065795898438,162.17091369628906,173.5244140625,52963497
2024-04-23,JITOSOL-USD,173.5244140625,176.67591857910156,169.40037536621094,170.78855895996094,67484849
2024-04-24,JITOSOL-USD,170.8025665283203,176.2969207763672,161.2864227294922,162.91049194335938,70945217
2024-04-25,JITOSOL-USD,162.90969848632812,164.6869354248047,157.35169982910156,160.0632781982422,91238660
2024-04-26,JITOSOL-USD,160.05044555664062,161.0362091064453,153.35580444335938,153.5299072265625,54749862
2024-04-27,JITOSOL-USD,153.56639099121094,157.17250061035156,148.2838592529297,156.02825927734375,52316926
2024-04-28,JITOSOL-USD,156.03140258789062,159.6479034423828,151.8453369140625,152.26181030273438,54059976
2024-04-29,JITOSOL-USD,152.26181030273438,153.255126953125,147.57174682617188,152.28858947753906,67326649
2024-04-30,JITOSOL-USD,152.28858947753906,153.9043426513672,134.41966247558594,140.30438232421875,109947386
2024-05-01,JITOSOL-USD,140.31365966796875,149.52638244628906,131.84713745117188,148.80715942382812,116024159
2024-05-02,JITOSOL-USD,148.81216430664062,155.0037384033203,142.0660858154297,152.44281005859375,82128504
2024-05-03,JITOSOL-USD,152.41604614257812,160.25086975097656,150.740234375,159.07244873046875,76737216
2024-05-04,JITOSOL-USD,159.07217407226562,164.46707153320312,157.97386169433594,161.72335815429688,48175046
2024-05-05,JITOSOL-USD,161.72335815429688,163.69049072265625,158.8296356201172,161.39291381835938,57009358
2024-05-06,JITOSOL-USD,161.39291381835938,173.30484008789062,161.38377380371094,169.2706756591797,61731641
2024-05-07,JITOSOL-USD,169.27215576171875,175.90895080566406,164.08261108398438,164.088623046875,59647808
2024-05-08,JITOSOL-USD,164.08966064453125,165.94651794433594,155.30491638183594,157.61936950683594,61304524
2024-05-09,JITOSOL-USD,157.6268310546875,170.04530334472656,156.02638244628906,169.20248413085938,56134132
2024-05-10,JITOSOL-USD,169.2025909423828,172.01393127441406,160.75474548339844,161.98599243164062,53910008
2024-05-11,JITOSOL-USD,161.97808837890625,163.34732055664062,158.96714782714844,161.00379943847656,38313004
2024-05-12,JITOSOL-USD,161.00379943847656,163.3634490966797,158.62442016601562,159.11981201171875,35820088
2024-05-13,JITOSOL-USD,159.1090850830078,166.60018920898438,152.9795379638672,162.98208618164062,69386552
2024-05-14,JITOSOL-USD,162.98208618164062,164.8179473876953,157.27835083007812,157.67393493652344,44399615
2024-05-15,JITOSOL-USD,157.67242431640625,175.67083740234375,156.9398651123047,175.17584228515625,54672167
2024-05-16,JITOSOL-USD,175.16384887695312,182.0216827392578,174.11447143554688,176.52552795410156,80661873
2024-05-17,JITOSOL-USD,176.52552795410156,190.41366577148438,176.52552795410156,188.07479858398438,102360011
2024-05-18,JITOSOL-USD,188.07568359375,196.43080139160156,187.70840454101562,191.468994140625,82070783
2024-05-19,JITOSOL-USD,191.4723358154297,194.50173950195312,185.25950622558594,188.94554138183594,51551878
2024-05-20,JITOSOL-USD,188.94554138183594,207.6416015625,186.8911895751953,207.12161254882812,85837838
2024-05-21,JITOSOL-USD,207.12411499023438,209.3979034423828,194.59121704101562,198.0350799560547,92135187
2024-05-22,JITOSOL-USD,198.0365447998047,203.42149353027344,195.20591735839844,196.38619995117188,90183615
2024-05-23,JITOSOL-USD,196.3863067626953,200.55130004882812,186.0235595703125,195.47885131835938,89393121
2024-05-24,JITOSOL-USD,195.47885131835938,195.47885131835938,181.5288848876953,186.32781982421875,37473688
2024-05-25,JITOSOL-USD,186.32781982421875,189.1483154296875,184.75636291503906,187.2206268310547,24314759
2024-05-26,JITOSOL-USD,187.20175170898438,187.2044677734375,179.3313751220703,181.4914093017578,51077339
2024-05-27,JITOSOL-USD,181.4914093017578,191.41738891601562,181.49114990234375,188.84446716308594,70290191
2024-05-28,JITOSOL-USD,188.84446716308594,192.17405700683594,183.7366943359375,187.717529296875,75135373
2024-05-29,JITOSOL-USD,187.717529296875,195.4207763671875,186.44432067871094,186.96409606933594,67042651
2024-05-30,JITOSOL-USD,186.97958374023438,191.74317932128906,181.8837432861328,185.8280029296875,65635821
2024-05-31,JITOSOL-USD,185.8280029296875,189.95350646972656,182.5338592529297,184.36915588378906,51121246
2024-06-01,JITOSOL-USD,184.36915588378906,188.44326782226562,184.2401580810547,184.7952423095703,40472207
2024-06-02,JITOSOL-USD,184.79580688476562,185.77281188964844,179.6628875732422,181.82540893554688,39352115
2024-06-03,JITOSOL-USD,181.84901428222656,186.69241333007812,180.23936462402344,183.74208068847656,62438692
2024-06-04,JITOSOL-USD,183.74208068847656,191.40306091308594,183.1370391845703,191.3887481689453,53220598
2024-06-05,JITOSOL-USD,191.3887481689453,195.3894805908203,191.04298400878906,193.30087280273438,59394485
2024-06-06,JITOSOL-USD,193.30087280273438,194.2274169921875,187.5697021484375,189.40591430664062,72778464
2024-06-07,JITOSOL-USD,189.39581298828125,193.12374877929688,174.42086791992188,181.05503845214844,113876393
2024-06-08,JITOSOL-USD,181.06614685058594,182.7633514404297,175.44850158691406,176.1026611328125,52048275
2024-06-09,JITOSOL-USD,176.09628295898438,181.5409698486328,174.6002197265625,180.73292541503906,42125789
2024-06-10,JITOSOL-USD,180.72842407226562,182.50523376464844,175.87403869628906,177.20973205566406,63157949
2024-06-11,JITOSOL-USD,177.2708740234375,177.91140747070312,162.72695922851562,166.78762817382812,65894490
2024-06-12,JITOSOL-USD,166.7719268798828,179.94146728515625,162.7376251220703,173.13246154785156,44750584
2024-06-13,JITOSOL-USD,173.1245574951172,173.1588134765625,162.5671844482422,164.33795166015625,46674998
2024-06-14,JITOSOL-USD,164.36827087402344,166.19081115722656,159.67123413085938,162.50672912597656,52950164
2024-06-15,JITOSOL-USD,162.4933319091797,164.5626220703125,160.53257751464844,164.53781127929688,40702318
2024-06-16,JITOSOL-USD,164.54067993164062,168.00857543945312,161.08705139160156,168.00857543945312,46988334
2024-06-17,JITOSOL-USD,167.99867248535156,168.28602600097656,159.75242614746094,163.4955596923828,41832956
2024-06-18,JITOSOL-USD,163.45159912109375,163.60855102539062,149.4715118408203,157.67974853515625,65041839
2024-06-19,JITOSOL-USD,157.59585571289062,161.1306610107422,152.65921020507812,153.1394500732422,55302773
2024-06-20,JITOSOL-USD,153.1394500732422,155.72792053222656,151.56455993652344,152.06265258789062,54741903
2024-06-21,JITOSOL-USD,152.0553436279297,152.566162109375,148.0917510986328,152.33108520507812,62607644
2024-06-22,JITOSOL-USD,152.3191680908203,153.49061584472656,151.5131072998047,152.9091796875,43473828
2024-06-23,JITOSOL-USD,152.92283630371094,153.3126983642578,149.7941131591797,149.8889923095703,50304264
2024-06-24,JITOSOL-USD,149.92874145507812,151.10244750976562,146.22154235839844,150.97393798828125,60533232
2024-06-25,JITOSOL-USD,150.9202117919922,156.41949462890625,149.24398803710938,152.83558654785156,40362301
2024-06-26,JITOSOL-USD,152.8131866455078,156.56764221191406,149.94210815429688,152.91091918945312,27434936
2024-06-27,JITOSOL-USD,152.90744018554688,163.2868194580078,151.2639617919922,162.70323181152344,40270227
2024-06-28,JITOSOL-USD,162.73480224609375,163.25035095214844,154.5012664794922,154.74343872070312,31493895
2024-06-29,JITOSOL-USD,154.7538299560547,156.51739501953125,154.7538299560547,154.95294189453125,31894674
2024-06-30,JITOSOL-USD,155.04812622070312,160.57484436035156,152.99925231933594,160.19448852539062,34844739
2024-07-01,JITOSOL-USD,160.1312713623047,166.61236572265625,158.8071746826172,164.22532653808594,33158792
2024-07-02,JITOSOL-USD,164.22288513183594,173.28367614746094,163.77288818359375,172.30860900878906,30354669
2024-07-03,JITOSOL-USD,172.308837890625,172.7478485107422,156.19984436035156,157.7197265625,44023920
2024-07-04,JITOSOL-USD,157.73428344726562,159.5132293701172,143.0732879638672,143.0732879638672,53975271
2024-07-05,JITOSOL-USD,142.99205017089844,152.38735961914062,136.8780975341797,150.6375274658203,56641804
2024-07-06,JITOSOL-USD,150.63304138183594,161.44468688964844,148.5898895263672,160.60862731933594,34669680
2024-07-07,JITOSOL-USD,160.60939025878906,160.6138153076172,147.76177978515625,147.76177978515625,45979648
2024-07-08,JITOSOL-USD,147.60540771484375,158.78953552246094,143.68614196777344,156.2648162841797,66332163
2024-07-09,JITOSOL-USD,156.33758544921875,161.26271057128906,153.363525390625,158.51348876953125,44516799
2024-07-10,JITOSOL-USD,158.4630126953125,163.63792419433594,155.62355041503906,159.14260864257812,36661581
2024-07-11,JITOSOL-USD,159.18524169921875,162.7787322998047,152.3616485595703,152.365478515625,52922138
2024-07-12,JITOSOL-USD,152.36361694335938,157.65782165527344,150.5634002685547,156.47030639648438,56531434
2024-07-13,JITOSOL-USD,156.4785919189453,161.11642456054688,155.01058959960938,159.37486267089844,47581446
2024-07-14,JITOSOL-USD,159.37722778320312,166.76058959960938,159.37722778320312,165.9060821533203,30050322
2024-07-15,JITOSOL-USD,165.9123992919922,179.728515625,165.3731231689453,179.58030700683594,61694359
2024-07-16,JITOSOL-USD,179.55747985839844,182.4990234375,172.10606384277344,180.42385864257812,86109134
2024-07-17,JITOSOL-USD,180.42140197753906,183.75970458984375,174.13787841796875,174.94378662109375,49599454
2024-07-18,JITOSOL-USD,174.9093780517578,181.44073486328125,174.70504760742188,178.65872192382812,42721269
2024-07-19,JITOSOL-USD,178.74710083007812,192.32778930664062,175.70928955078125,190.13555908203125,47074114
2024-07-20,JITOSOL-USD,190.1477813720703,196.61669921875,188.2705841064453,195.54342651367188,42327813
2024-07-21,JITOSOL-USD,195.54342651367188,207.95069885253906,192.3902587890625,207.48236083984375,41764778
2024-07-22,JITOSOL-USD,207.48240661621094,207.77247619628906,199.04698181152344,201.21347045898438,48856103
2024-07-23,JITOSOL-USD,201.21690368652344,202.20362854003906,192.52435302734375,194.32382202148438,56580779
2024-07-24,JITOSOL-USD,194.32382202148438,204.9324951171875,192.4753875732422,200.23622131347656,36606738
2024-07-25,JITOSOL-USD,200.23622131347656,201.833740234375,186.9373321533203,193.28977966308594,43393171
2024-07-26,JITOSOL-USD,193.30625915527344,206.49647521972656,193.27598571777344,206.05226135253906,41960075
2024-07-27,JITOSOL-USD,206.05209350585938,211.74972534179688,200.96041870117188,207.45887756347656,32677827
2024-07-28,JITOSOL-USD,207.45684814453125,209.93589782714844,204.35826110839844,208.0754852294922,26703365
2024-07-29,JITOSOL-USD,208.0841827392578,218.1678924560547,205.39306640625,205.86729431152344,66527741
2024-07-30,JITOSOL-USD,205.871826171875,207.50721740722656,198.3447723388672,201.79896545410156,38603399
2024-07-31,JITOSOL-USD,201.81936645507812,207.62344360351562,193.8233184814453,193.8233184814453,48522931
2024-08-01,JITOSOL-USD,193.8233184814453,194.51625061035156,178.44732666015625,188.96327209472656,51563000
2024-08-02,JITOSOL-USD,188.95440673828125,190.4977264404297,169.31716918945312,171.97117614746094,55973669
2024-08-03,JITOSOL-USD,171.96978759765625,173.24853515625,158.03292846679688,161.23440551757812,46980781
2024-08-04,JITOSOL-USD,161.23410034179688,164.20558166503906,148.79092407226562,155.6238555908203,40725609
2024-08-05,JITOSOL-USD,155.63893127441406,156.51577758789062,124.24176788330078,146.6914520263672,137611808
2024-08-06,JITOSOL-USD,146.6914520263672,168.37472534179688,146.33038330078125,162.5232391357422,87524635
2024-08-07,JITOSOL-USD,162.5270538330078,175.03680419921875,161.03829956054688,163.2652130126953,67718357
2024-08-08,JITOSOL-USD,163.19952392578125,183.78070068359375,160.1485595703125,183.73387145996094,46884670
2024-08-09,JITOSOL-USD,183.71051025390625,184.3604736328125,170.56661987304688,176.42185974121094,61520722
2024-08-10,JITOSOL-USD,176.41598510742188,178.3746337890625,172.8677520751953,173.90200805664062,22397104
2024-08-11,JITOSOL-USD,173.90200805664062,178.14410400390625,159.7893829345703,159.9627685546875,32134279
2024-08-12,JITOSOL-USD,159.9627685546875,170.05010986328125,159.7408905029297,165.65921020507812,27210348
2024-08-13,JITOSOL-USD,165.55506896972656,169.0252685546875,161.78567504882812,165.7021484375,19290879
2024-08-14,JITOSOL-USD,165.69912719726562,171.6521453857422,161.44076538085938,162.72109985351562,20577530
2024-08-15,JITOSOL-USD,162.71971130371094,166.68630981445312,156.1942596435547,161.44161987304688,31870582
2024-08-16,JITOSOL-USD,161.44076538085938,163.7280731201172,154.27871704101562,157.55923461914062,33473511
2024-08-17,JITOSOL-USD,157.52151489257812,160.49034118652344,155.81520080566406,160.2784423828125,20843010
2024-08-18,JITOSOL-USD,160.28024291992188,166.3057861328125,159.39096069335938,161.48388671875,24528538
2024-08-19,JITOSOL-USD,161.4841766357422,165.1376190185547,159.1972198486328,163.27658081054688,20902239
2024-08-20,JITOSOL-USD,163.27447509765625,168.19631958007812,159.85243225097656,162.0696258544922,29928463
2024-08-21,JITOSOL-USD,161.1144256591797,163.09262084960938,157.77520751953125,161.56993103027344,22415418
2024-08-22,JITOSOL-USD,161.56993103027344,163.92373657226562,159.7006072998047,162.2211151123047,18209237
2024-08-23,JITOSOL-USD,162.22047424316406,174.21560668945312,162.15618896484375,173.41201782226562,26386033
2024-08-24,JITOSOL-USD,173.40570068359375,183.7487335205078,172.36366271972656,182.10311889648438,27924810
2024-08-25,JITOSOL-USD,182.09295654296875,183.55728149414062,176.26132202148438,180.02078247070312,18364901
2024-08-26,JITOSOL-USD,180.02801513671875,183.39830017089844,176.8253936767578,178.34205627441406,34677334
2024-08-27,JITOSOL-USD,178.34205627441406,180.86509704589844,165.28427124023438,166.51153564453125,27261950
2024-08-28,JITOSOL-USD,166.51316833496094,168.603515625,159.8517608642578,163.0790252685547,28661299
2024-08-29,JITOSOL-USD,163.0790252685547,166.9508819580078,156.88897705078125,158.82789611816406,30212674
2024-08-30,JITOSOL-USD,158.83277893066406,159.9557342529297,150.31361389160156,156.65335083007812,30901274
2024-08-31,JITOSOL-USD,156.65335083007812,157.833251953125,152.7003173828125,153.6105194091797,14837228
2024-09-01,JITOSOL-USD,153.60801696777344,154.2345733642578,145.25869750976562,146.10394287109375,26907777
2024-09-02,JITOSOL-USD,146.04928588867188,153.53939819335938,144.47796630859375,153.23924255371094,20083355
2024-09-03,JITOSOL-USD,153.2352294921875,155.63729858398438,144.7269744873047,144.7269744873047,33978888
2024-09-04,JITOSOL-USD,144.71975708007812,153.06719970703125,139.98146057128906,151.6908416748047,27026357
2024-09-05,JITOSOL-USD,151.7135467529297,153.344482421875,145.49317932128906,146.82861328125,24476614
2024-09-06,JITOSOL-USD,146.85279846191406,152.1796417236328,137.41815185546875,141.84906005859375,45920016
2024-09-07,JITOSOL-USD,141.84906005859375,146.81298828125,141.09677124023438,145.00901794433594,17140890
2024-09-08,JITOSOL-USD,145.00901794433594,149.41981506347656,143.94009399414062,147.61509704589844,46933613
2024-09-09,JITOSOL-USD,147.61509704589844,154.9042205810547,144.45217895507812,153.40870666503906,28189029
2024-09-10,JITOSOL-USD,153.41427612304688,156.7209930419922,150.6575469970703,154.1652374267578,27212735
2024-09-11,JITOSOL-USD,154.1659698486328,154.3173065185547,145.8739013671875,150.62777709960938,20587487
2024-09-12,JITOSOL-USD,150.61732482910156,155.30508422851562,150.49705505371094,154.72218322753906,36497654
2024-09-13,JITOSOL-USD,154.7603302001953,159.09771728515625,149.9241485595703,158.2764129638672,44680478
2024-09-14,JITOSOL-USD,158.27676391601562,158.9014129638672,154.64976501464844,156.06097412109375,17783928
2024-09-15,JITOSOL-USD,156.06097412109375,156.8990478515625,148.63885498046875,149.6024932861328,13932434
2024-09-16,JITOSOL-USD,149.6024932861328,150.47080993652344,147.02090454101562,149.59136962890625,17584266
2024-09-17,JITOSOL-USD,149.59136962890625,154.49154663085938,148.50177001953125,149.6851043701172,22774790
2024-09-18,JITOSOL-USD,149.6851043701172,152.40985107421875,144.72206115722656,152.40985107421875,67498743
2024-09-19,JITOSOL-USD,152.42982482910156,163.87367248535156,152.42982482910156,162.43328857421875,45755903
2024-09-20,JITOSOL-USD,162.43328857421875,172.80284118652344,160.8408203125,166.7775115966797,89792810
2024-09-21,JITOSOL-USD,166.76197814941406,170.524658203125,164.67108154296875,170.10980224609375,34026975
2024-09-22,JITOSOL-USD,170.1063232421875,170.4873504638672,160.96463012695312,164.91024780273438,19200511
2024-09-23,JITOSOL-USD,164.89846801757812,169.62281799316406,162.48912048339844,164.91983032226562,43198731
2024-09-24,JITOSOL-USD,164.92018127441406,175.07464599609375,163.29092407226562,174.24729919433594,25331640
2024-09-25,JITOSOL-USD,174.24729919433594,175.01394653320312,168.10708618164062,168.7823486328125,19633541
2024-09-26,JITOSOL-USD,168.7823486328125,179.91378784179688,167.23033142089844,176.48374938964844,29360783
2024-09-27,JITOSOL-USD,176.48374938964844,183.62191772460938,175.73733520507812,179.88128662109375,21905085
2024-09-28,JITOSOL-USD,179.88128662109375,181.64735412597656,177.01785278320312,178.87429809570312,14302569
2024-09-29,JITOSOL-USD,178.87750244140625,184.06211853027344,176.98561096191406,180.97630310058594,20291535
2024-09-30,JITOSOL-USD,180.97630310058594,181.84532165527344,173.261474609375,174.1261749267578,21481456
2024-10-01,JITOSOL-USD,174.11273193359375,179.3700714111328,162.7493896484375,165.72142028808594,27494548
2024-10-02,JITOSOL-USD,165.72140502929688,169.7986602783203,158.53399658203125,160.28607177734375,29696696
2024-10-03,JITOSOL-USD,160.28607177734375,162.9191436767578,152.37989807128906,156.1560821533203,20583282
2024-10-04,JITOSOL-USD,156.15969848632812,164.89453125,155.28854370117188,163.34449768066406,20345652
2024-10-05,JITOSOL-USD,163.34449768066406,165.4020538330078,161.13706970214844,162.93893432617188,18842306
2024-10-06,JITOSOL-USD,162.93893432617188,167.43209838867188,162.23159790039062,167.2072296142578,14595766
2024-10-07,JITOSOL-USD,167.21751403808594,173.63426208496094,164.2673797607422,164.64096069335938,32148802
2024-10-08,JITOSOL-USD,164.64096069335938,165.96002197265625,161.6992950439453,163.83567810058594,11689724
2024-10-09,JITOSOL-USD,163.83563232421875,165.8311004638672,158.5465545654297,159.15237426757812,38895445
2024-10-10,JITOSOL-USD,159.1510467529297,160.62298583984375,154.87765502929688,158.7677001953125,25561587
2024-10-11,JITOSOL-USD,158.7671661376953,167.2885284423828,158.6672821044922,166.17486572265625,22402444
2024-10-12,JITOSOL-USD,166.17486572265625,168.36399841308594,165.4909210205078,167.6043243408203,12304845
2024-10-13,JITOSOL-USD,167.60427856445312,169.94442749023438,165.34674072265625,168.72474670410156,15854712
2024-10-14,JITOSOL-USD,168.72718811035156,180.45765686035156,167.97972106933594,180.12355041503906,22461564
2024-10-15,JITOSOL-USD,180.12355041503906,181.83338928222656,172.77496337890625,177.00160217285156,22614844
2024-10-16,JITOSOL-USD,177.00161743164062,180.7046356201172,175.0295867919922,176.4540252685547,34181357
2024-10-17,JITOSOL-USD,176.45419311523438,177.89247131347656,169.05467224121094,172.02996826171875,18237638
2024-10-18,JITOSOL-USD,172.04710388183594,179.18695068359375,171.37559509277344,177.37632751464844,30322932
2024-10-19,JITOSOL-USD,177.37686157226562,182.87088012695312,176.32791137695312,182.7115020751953,14560696
2024-10-20,JITOSOL-USD,182.69383239746094,192.14126586914062,180.7177734375,191.04920959472656,21092699
2024-10-21,JITOSOL-USD,191.054931640625,196.16001892089844,185.37188720703125,190.62109375,42601967
2024-10-22,JITOSOL-USD,190.62109375,195.74713134765625,187.76303100585938,191.63584899902344,18806961
2024-10-23,JITOSOL-USD,191.63458251953125,199.0762939453125,188.3470001220703,195.8986053466797,22020904
2024-10-24,JITOSOL-USD,196.14718627929688,205.1642303466797,195.54519653320312,203.06309509277344,29199437
2024-10-25,JITOSOL-USD,203.06309509277344,203.17332458496094,183.50733947753906,188.91104125976562,27262246
2024-10-26,JITOSOL-USD,188.91104125976562,198.24937438964844,186.7755584716797,195.93838500976562,17898615
2024-10-27,JITOSOL-USD,195.94415283203125,203.98345947265625,195.22799682617188,202.6251983642578,24058544
2024-10-28,JITOSOL-USD,202.62734985351562,205.73504638671875,198.6400146484375,204.41891479492188,21544411
2024-10-29,JITOSOL-USD,204.4032745361328,210.19589233398438,202.96095275878906,205.60098266601562,35232620
2024-10-30,JITOSOL-USD,205.60098266601562,207.92340087890625,199.2094268798828,200.9951934814453,26436925
2024-10-31,JITOSOL-USD,200.99746704101562,202.425537109375,193.17739868164062,193.51492309570312,19926560
2024-11-01,JITOSOL-USD,193.51492309570312,199.48387145996094,188.20986938476562,190.86050415039062,56781190
2024-11-02,JITOSOL-USD,190.86007690429688,193.35113525390625,186.65159606933594,190.55465698242188,14863252
2024-11-03,JITOSOL-USD,190.55465698242188,191.69915771484375,181.09765625,189.0875701904297,10986123
2024-11-04,JITOSOL-USD,189.0875701904297,189.40606689453125,179.45640563964844,180.9171142578125,51450895
2024-11-05,JITOSOL-USD,180.9073944091797,194.10659790039062,180.2496795654297,191.60592651367188,44658727
2024-11-06,JITOSOL-USD,191.60592651367188,218.3348388671875,191.43173217773438,215.28057861328125,41877653
2024-11-07,JITOSOL-USD,215.27694702148438,227.45689392089844,214.0419921875,225.74424743652344,16462760
2024-11-08,JITOSOL-USD,225.75088500976562,235.7089080810547,225.65277099609375,229.99923706054688,32862175
2024-11-09,JITOSOL-USD,230.0001678466797,233.96385192871094,225.0015869140625,232.04603576660156,27466407
2024-11-10,JITOSOL-USD,232.04603576660156,246.82821655273438,229.01995849609375,232.3389434814453,9141265
2024-11-11,JITOSOL-USD,232.3370819091797,256.8735656738281,230.9154815673828,256.7489013671875,30088112
2024-11-12,JITOSOL-USD,256.7489013671875,258.93798828125,236.4679412841797,244.75588989257812,34776694
2024-11-13,JITOSOL-USD,244.75588989257812,253.81640625,232.3704071044922,247.64149475097656,27799533
2024-11-14,JITOSOL-USD,247.64149475097656,256.37493896484375,239.2399139404297,240.9489288330078,20411930
2024-11-15,JITOSOL-USD,240.88876342773438,252.2671661376953,235.6712646484375,251.07960510253906,18879868
2024-11-16,JITOSOL-USD,252.19454956054688,254.85794067382812,246.5836639404297,248.61712646484375,14412365
2024-11-17,JITOSOL-USD,248.61880493164062,278.14971923828125,244.9339599609375,273.51220703125,34189155
2024-11-18,JITOSOL-USD,273.5121765136719,285.64837646484375,270.3641662597656,276.364990234375,28132139
2024-11-19,JITOSOL-USD,276.3908386230469,284.2154541015625,271.2841796875,274.41796875,20745071
2024-11-20,JITOSOL-USD,274.41796875,278.7992248535156,266.4488525390625,272.3715515136719,12102923
2024-11-21,JITOSOL-USD,272.3597106933594,298.4219665527344,266.4422912597656,296.6868591308594,20304407
2024-11-22,JITOSOL-USD,296.6660461425781,303.9862060546875,291.6590881347656,295.7919921875,24895761
2024-11-23,JITOSOL-USD,295.8481750488281,304.3906555175781,292.4847106933594,294.11248779296875,16274645
2024-11-24,JITOSOL-USD,294.11248779296875,299.4902648925781,280.72344970703125,292.4383850097656,18375789
2024-11-25,JITOSOL-USD,292.40557861328125,295.8735046386719,267.4337158203125,272.0609436035156,18613103
2024-11-26,JITOSOL-USD,272.0609436035156,276.2528991699219,257.724853515625,266.7856750488281,16459075
2024-11-27,JITOSOL-USD,266.7856750488281,280.3045349121094,264.344970703125,279.9676513671875,10844657
2024-11-28,JITOSOL-USD,279.94287109375,283.10943603515625,269.90557861328125,274.63665771484375,22107322
2024-11-29,JITOSOL-USD,274.63665771484375,285.141845703125,273.8297424316406,281.5005187988281,8835436
2024-11-30,JITOSOL-USD,281.5013732910156,283.3638000488281,275.69036865234375,275.7246398925781,15492953
2024-12-01,JITOSOL-USD,275.7246398925781,277.2390441894531,271.6046142578125,274.4729309082031,20738798
2024-12-02,JITOSOL-USD,274.4729309082031,274.9381408691406,255.39736938476562,260.67840576171875,140640831
2024-12-03,JITOSOL-USD,260.67840576171875,277.0434875488281,249.65589904785156,272.0000305175781,30250703
2024-12-04,JITOSOL-USD,271.9477233886719,278.4269714355469,260.8017578125,265.43316650390625,49761354
2024-12-05,JITOSOL-USD,265.43316650390625,283.10528564453125,258.7786865234375,270.8102111816406,27186351
2024-12-06,JITOSOL-USD,274.0848083496094,285.5782470703125,268.1698303222656,274.62579345703125,19546530
2024-12-07,JITOSOL-USD,274.62579345703125,281.4357604980469,272.19036865234375,276.8524169921875,9299583
2024-12-08,JITOSOL-USD,277.10546875,279.5492858886719,271.8383483886719,272.5888671875,7838614
2024-12-09,JITOSOL-USD,274.6256408691406,274.868896484375,239.51425170898438,252.10536193847656,31171435
2024-12-10,JITOSOL-USD,252.1201171875,255.76388549804688,236.73233032226562,247.94557189941406,23901571
2024-12-11,JITOSOL-USD,247.95355224609375,267.1282653808594,245.92349243164062,263.6783752441406,25675811
2024-12-12,JITOSOL-USD,263.67578125,271.02142333984375,262.4422302246094,263.3649597167969,20684652
2024-12-13,JITOSOL-USD,263.3649597167969,264.37518310546875,256.6629943847656,260.63458251953125,21803971
2024-12-14,JITOSOL-USD,260.6313171386719,263.5125427246094,249.99130249023438,255.0113067626953,22806085
2024-12-15,JITOSOL-USD,255.02392578125,260.771240234375,251.25390625,260.4859619140625,21819942
2024-12-16,JITOSOL-USD,260.2109069824219,263.2756042480469,247.95040893554688,250.7126007080078,98785463
2024-12-17,JITOSOL-USD,250.74888610839844,265.4129943847656,245.97268676757812,258.4294128417969,72511463
2024-12-18,JITOSOL-USD,258.4294128417969,261.959716796875,238.2481231689453,239.27484130859375,34132210
2024-12-19,JITOSOL-USD,239.27484130859375,245.73886108398438,218.34371948242188,226.0219268798828,49307452
2024-12-20,JITOSOL-USD,226.0219268798828,231.09713745117188,204.6641387939453,225.36492919921875,43391945
2024-12-21,JITOSOL-USD,225.36492919921875,233.43978881835938,208.53536987304688,210.42138671875,29716860
2024-12-22,JITOSOL-USD,210.38352966308594,217.5596160888672,205.93484497070312,209.57859802246094,18041331
2024-12-23,JITOSOL-USD,209.57859802246094,224.26077270507812,206.16477966308594,221.3347930908203,44188462
2024-12-24,JITOSOL-USD,221.33412170410156,230.8732147216797,216.66305541992188,229.34417724609375,13812784
2024-12-25,JITOSOL-USD,229.34417724609375,234.48867797851562,227.42825317382812,229.7930145263672,15493222
2024-12-26,JITOSOL-USD,229.7930145263672,231.7459716796875,217.59677124023438,219.0614776611328,26630440
2024-12-27,JITOSOL-USD,219.0614776611328,225.58909606933594,213.04672241210938,214.05128479003906,24897410
2024-12-28,JITOSOL-USD,214.05128479003906,227.4337158203125,214.05128479003906,227.10162353515625,22438082
2024-12-29,JITOSOL-USD,227.10162353515625,229.4869842529297,219.60137939453125,220.8385009765625,26122700
2024-12-30,JITOSOL-USD,220.837646484375,228.244140625,216.67974853515625,222.27442932128906,29500579
2024-12-31,JITOSOL-USD,222.28292846679688,231.43223571777344,219.28717041015625,220.4213104248047,27579535
2025-01-01,JITOSOL-USD,220.4213104248047,226.62600708007812,218.90711975097656,225.7939910888672,22925465
2025-01-02,JITOSOL-USD,225.7939910888672,243.5181884765625,225.23902893066406,242.2712860107422,62945671
2025-01-03,JITOSOL-USD,242.2712860107422,255.72531127929688,239.84071350097656,253.70521545410156,39189441
2025-01-04,JITOSOL-USD,253.7087860107422,253.78794860839844,249.1774139404297,252.58932495117188,31202852
2025-01-05,JITOSOL-USD,252.59884643554688,254.9912109375,247.1221466064453,249.060302734375,59051311
2025-01-06,JITOSOL-USD,249.060302734375,259.15692138671875,246.91140747070312,254.86669921875,53944160
2025-01-07,JITOSOL-USD,254.86669921875,255.49807739257812,236.13844299316406,236.2082977294922,52566492
2025-01-08,JITOSOL-USD,236.2082977294922,236.8982696533203,220.66738891601562,230.57394409179688,41283329
2025-01-09,JITOSOL-USD,230.572509765625,232.10205078125,213.1969451904297,215.67576599121094,87439814
2025-01-10,JITOSOL-USD,215.67576599121094,224.7547149658203,214.45529174804688,219.03256225585938,58086085
2025-01-11,JITOSOL-USD,219.02757263183594,223.52223205566406,215.20127868652344,219.49642944335938,82595177
2025-01-12,JITOSOL-USD,219.4976806640625,222.6040496826172,216.29730224609375,220.02633666992188,24897649
2025-01-13,JITOSOL-USD,220.02633666992188,223.69381713867188,200.69876098632812,213.6288604736328,123936113
2025-01-14,JITOSOL-USD,213.63168334960938,221.76522827148438,212.41162109375,219.3690643310547,49787520
2025-01-15,JITOSOL-USD,219.3690643310547,240.57884216308594,217.66111755371094,240.57884216308594,47312832
2025-01-16,JITOSOL-USD,240.61134338378906,253.09303283691406,232.663330078125,246.91830444335938,34048284
2025-01-17,JITOSOL-USD,246.9182891845703,259.276611328125,245.58680725097656,257.0903015136719,49490833
2025-01-18,JITOSOL-USD,257.0828552246094,311.44317626953125,253.62353515625,306.95074462890625,132322640
2025-01-19,JITOSOL-USD,306.9599609375,340.10357666015625,245.6950225830078,285.5111389160156,210665822
2025-01-20,JITOSOL-USD,284.9168701171875,318.1759948730469,269.9034729003906,282.6268005371094,214317669
2025-01-21,JITOSOL-USD,282.7286071777344,304.3673095703125,271.30621337890625,292.9830322265625,220637226
2025-01-22,JITOSOL-USD,292.9830322265625,317.16766357421875,291.83380126953125,300.47479248046875,83752960
2025-01-23,JITOSOL-USD,300.47479248046875,302.1177673339844,284.4121398925781,297.1816711425781,93453771
2025-01-24,JITOSOL-USD,297.1539001464844,315.9089050292969,290.59765625,296.7464599609375,114272775
2025-01-25,JITOSOL-USD,296.7311706542969,305.2074890136719,289.33404541015625,300.6860656738281,81775602
2025-01-26,JITOSOL-USD,300.6860656738281,304.505615234375,282.55377197265625,282.7346496582031,82740826
2025-01-27,JITOSOL-USD,282.65972900390625,283.7555236816406,260.4517822265625,275.5550842285156,158583320
2025-01-28,JITOSOL-USD,275.581298828125,285.974365234375,264.38043212890625,265.89935302734375,55286258
2025-01-29,JITOSOL-USD,265.89935302734375,278.60455322265625,261.7820129394531,267.68170166015625,79549813
2025-01-30,JITOSOL-USD,267.690185546875,286.7663269042969,267.12164306640625,281.2348937988281,62330165
2025-01-31,JITOSOL-USD,281.21759033203125,283.6758728027344,268.4688720703125,271.9669189453125,45714973
2025-02-01,JITOSOL-USD,272.0068054199219,274.48944091796875,250.6934051513672,251.50088500976562,100652769
2025-02-02,JITOSOL-USD,251.50088500976562,256.2642517089844,228.49072265625,237.70388793945312,107090898
2025-02-03,JITOSOL-USD,237.83628845214844,256.23968505859375,212.91610717773438,253.782958984375,213771014
2025-02-04,JITOSOL-USD,253.782958984375,258.0702209472656,238.49502563476562,243.337890625,114488203
2025-02-05,JITOSOL-USD,243.29000854492188,245.61460876464844,229.86134338378906,230.21087646484375,64562486
2025-02-06,JITOSOL-USD,230.22540283203125,239.4267578125,221.23829650878906,222.5167694091797,114328562
2025-02-07,JITOSOL-USD,222.5211181640625,238.92007446289062,221.53501892089844,226.01206970214844,73395964
2025-02-08,JITOSOL-USD,226.0191192626953,236.22560119628906,223.75616455078125,234.7952423095703,38935815
2025-02-09,JITOSOL-USD,234.8335723876953,243.50804138183594,228.52528381347656,236.05706787109375,37110377
2025-02-10,JITOSOL-USD,236.0543670654297,245.74171447753906,231.39761352539062,235.37811279296875,34889167
2025-02-11,JITOSOL-USD,235.37811279296875,242.4409637451172,229.99061584472656,233.28160095214844,47312025
2025-02-12,JITOSOL-USD,233.2700653076172,233.6427459716797,222.69715881347656,231.489501953125,31619901
2025-02-13,JITOSOL-USD,231.489501953125,233.45567321777344,223.25006103515625,228.9646453857422,30456393
2025-02-14,JITOSOL-USD,228.9646453857422,241.62628173828125,228.9646453857422,235.55409240722656,45461936
2025-02-15,JITOSOL-USD,235.55409240722656,235.76611328125,227.43109130859375,229.37538146972656,16729603
2025-02-16,JITOSOL-USD,229.37538146972656,231.21044921875,221.071533203125,221.95968627929688,43484864
2025-02-17,JITOSOL-USD,222.01686096191406,223.51182556152344,206.58900451660156,209.6067352294922,127754440
2025-02-18,JITOSOL-USD,209.42498779296875,210.8505859375,189.6056365966797,199.0807342529297,179737407
2025-02-19,JITOSOL-USD,199.0807342529297,205.20712280273438,193.62570190429688,199.5177764892578,76931645
2025-02-20,JITOSOL-USD,199.5177764892578,208.1922149658203,198.10855102539062,207.9112548828125,52741253
2025-02-21,JITOSOL-USD,207.91778564453125,212.8263702392578,197.47911071777344,199.52247619628906,67727250
2025-02-22,JITOSOL-USD,199.51145935058594,206.01840209960938,198.6387481689453,203.35983276367188,35028972
2025-02-23,JITOSOL-USD,203.35983276367188,204.33944702148438,196.8880615234375,198.37142944335938,23333076
2025-02-24,JITOSOL-USD,198.3494873046875,200.1761932373047,165.72308349609375,167.26068115234375,110583697
2025-02-25,JITOSOL-USD,167.24530029296875,173.17245483398438,156.142822265625,170.46290588378906,149888025
2025-02-26,JITOSOL-USD,170.44049072265625,171.01937866210938,154.5224151611328,159.306640625,39480824
2025-02-27,JITOSOL-USD,159.36187744140625,168.12982177734375,159.36187744140625,162.6521453857422,36378081
2025-02-28,JITOSOL-USD,162.6521453857422,175.2728729248047,148.5943145751953,175.02830505371094,56713190
2025-03-01,JITOSOL-USD,175.02830505371094,178.29177856445312,164.19998168945312,169.653564453125,21350683
2025-03-02,JITOSOL-USD,169.66307067871094,212.19325256347656,166.0270538330078,211.11663818359375,67070277
2025-03-03,JITOSOL-USD,211.11663818359375,211.6713104248047,165.51539611816406,168.4235382080078,57859746
2025-03-04,JITOSOL-USD,168.38316345214844,173.5884552001953,155.94561767578125,171.4102020263672,73653193
2025-03-05,JITOSOL-USD,171.4102020263672,176.8414306640625,166.44642639160156,173.05462646484375,31478804
2025-03-06,JITOSOL-USD,173.05035400390625,180.84796142578125,169.31689453125,170.078857421875,31562095
2025-03-07,JITOSOL-USD,170.0792236328125,177.84877014160156,160.4535675048828,164.5529327392578,60173347
2025-03-08,JITOSOL-USD,164.5529327392578,166.79331970214844,160.5650177001953,162.2098846435547,14742128
2025-03-09,JITOSOL-USD,162.2098846435547,165.4546356201172,149.05882263183594,149.7327117919922,26684708
2025-03-10,JITOSOL-USD,149.71066284179688,154.9407196044922,136.89111328125,140.4833984375,64903997
2025-03-11,JITOSOL-USD,140.47970581054688,151.69883728027344,133.4412384033203,148.47560119628906,26775819
2025-03-12,JITOSOL-USD,148.47560119628906,154.95362854003906,143.85848999023438,149.80133056640625,83131486
2025-03-13,JITOSOL-USD,149.79945373535156,151.6756591796875,143.61614990234375,146.1348419189453,17343861
2025-03-14,JITOSOL-USD,146.1348419189453,160.64938354492188,146.00001525878906,158.4092254638672,22077423
2025-03-15,JITOSOL-USD,158.37832641601562,161.7457275390625,157.31251525878906,161.15328979492188,10189522
2025-03-16,JITOSOL-USD,161.09715270996094,161.80474853515625,148.98377990722656,149.62228393554688,14218916
2025-03-17,JITOSOL-USD,149.61268615722656,154.88015747070312,149.4196014404297,152.17124938964844,13362722
2025-03-18,JITOSOL-USD,152.17100524902344,152.17156982421875,144.99964904785156,148.75262451171875,12965295
2025-03-19,JITOSOL-USD,148.75262451171875,161.27073669433594,147.7354736328125,161.07843017578125,20288239
2025-03-20,JITOSOL-USD,161.07843017578125,161.2113037109375,150.70750427246094,151.48716735839844,17018369
2025-03-21,JITOSOL-USD,151.48716735839844,154.25045776367188,148.55714416503906,152.4517059326172,17795031
2025-03-22,JITOSOL-USD,152.47166442871094,156.27825927734375,151.9864501953125,152.6113739013672,14618482
2025-03-23,JITOSOL-USD,152.6113739013672,159.15000915527344,152.4796142578125,157.41490173339844,13059210
2025-03-24,JITOSOL-USD,157.41490173339844,171.89935302734375,157.15220642089844,167.06216430664062,19296759
2025-03-25,JITOSOL-USD,167.13868713378906,174.7655029296875,164.41969299316406,171.04615783691406,25192531
2025-03-26,JITOSOL-USD,171.04290771484375,172.7423553466797,162.17042541503906,163.0279083251953,18422873
2025-03-27,JITOSOL-USD,163.06886291503906,166.31773376464844,162.52081298828125,164.5511016845703,18431719
2025-03-28,JITOSOL-USD,164.5337677001953,165.14535522460938,152.62814331054688,153.81373596191406,52524730
2025-03-29,JITOSOL-USD,153.81373596191406,155.004638671875,146.60287475585938,148.1518096923828,17331806
2025-03-30,JITOSOL-USD,148.14971923828125,150.63076782226562,146.67935180664062,148.1730499267578,29046112
2025-03-31,JITOSOL-USD,148.1726837158203,151.93670654296875,146.5116729736328,148.43035888671875,21429190
2025-04-01,JITOSOL-USD,148.4314727783203,154.66357421875,147.64389038085938,150.95181274414062,21878052
2025-04-02,JITOSOL-USD,150.94700622558594,161.2439727783203,140.29644775390625,140.35450744628906,26317444
2025-04-03,JITOSOL-USD,140.35450744628906,143.8134002685547,133.85862731933594,139.3054656982422,66572110
2025-04-04,JITOSOL-USD,139.30636596679688,147.52122497558594,135.212646484375,146.23748779296875,34114788
2025-04-05,JITOSOL-USD,146.2512664794922,146.2512664794922,139.68902587890625,142.876953125,7731479
2025-04-06,JITOSOL-USD,142.87840270996094,144.06661987304688,124.03072357177734,125.96662139892578,27422360
2025-04-07,JITOSOL-USD,125.96678924560547,132.4345245361328,114.15900421142578,127.50729370117188,43727740
2025-04-08,JITOSOL-USD,127.50729370117188,133.95147705078125,122.93875122070312,125.81417083740234,22662383
2025-04-09,JITOSOL-USD,125.81417083740234,143.4562530517578,121.12186431884766,141.977294921875,27550714
2025-04-10,JITOSOL-USD,141.97677612304688,142.10897827148438,129.7655792236328,134.57521057128906,18665664
2025-04-11,JITOSOL-USD,134.57969665527344,146.03640747070312,133.85394287109375,144.87416076660156,18311284
2025-04-12,JITOSOL-USD,144.87245178222656,159.6089324951172,142.86366271972656,157.81900024414062,26858918
2025-04-13,JITOSOL-USD,157.81900024414062,159.11093139648438,150.00917053222656,153.4874267578125,37047230
2025-04-14,JITOSOL-USD,153.48643493652344,161.8923797607422,153.02891540527344,154.76058959960938,44613286
2025-04-15,JITOSOL-USD,154.7695770263672,160.03402709960938,150.54515075683594,150.79823303222656,16959513
2025-04-16,JITOSOL-USD,150.74871826171875,159.45919799804688,147.90859985351562,157.13363647460938,28578147
2025-04-17,JITOSOL-USD,157.1367950439453,162.2699432373047,154.92218017578125,160.89183044433594,18680661
2025-04-18,JITOSOL-USD,160.86354064941406,162.16574096679688,158.61767578125,160.2675323486328,14200654
2025-04-19,JITOSOL-USD,160.26734924316406,167.565185546875,159.9287109375,167.01846313476562,30156188
2025-04-20,JITOSOL-USD,167.02059936523438,169.52272033691406,162.48472595214844,164.66824340820312,17688389
2025-04-21,JITOSOL-USD,164.66824340820312,170.54371643066406,160.31396484375,163.42388916015625,17118833
2025-04-22,JITOSOL-USD,163.42388916015625,179.3323211669922,161.895751953125,177.9495849609375,22197335
2025-04-23,JITOSOL-USD,177.94569396972656,183.91946411132812,176.5459747314453,180.8028564453125,36480166
2025-04-24,JITOSOL-USD,180.8028564453125,182.7277069091797,174.3312225341797,182.33673095703125,32934267
2025-04-25,JITOSOL-USD,182.36270141601562,186.67739868164062,179.71194458007812,180.68817138671875,19788387
2025-04-26,JITOSOL-USD,180.68817138671875,183.07972717285156,177.13865661621094,178.71168518066406,18301685
2025-04-27,JITOSOL-USD,178.71168518066406,179.78985595703125,174.56809997558594,177.4741668701172,15677998
2025-04-28,JITOSOL-USD,177.486083984375,183.6119842529297,173.45443725585938,176.9388885498047,24936534
2025-04-29,JITOSOL-USD,176.9388885498047,179.7861328125,173.84803771972656,175.39466857910156,30520836
2025-04-30,JITOSOL-USD,175.38966369628906,177.54786682128906,168.58697509765625,176.97203063964844,30590080
2025-05-01,JITOSOL-USD,176.9437255859375,184.246826171875,176.87721252441406,180.58135986328125,29378549
2025-05-02,JITOSOL-USD,180.58135986328125,181.87071228027344,176.86622619628906,177.45082092285156,26096472
2025-05-03,JITOSOL-USD,177.45082092285156,178.5107421875,175.24635314941406,176.15554809570312,16422229
2025-05-04,JITOSOL-USD,176.15359497070312,176.8661651611328,172.39051818847656,172.62362670898438,21768798
2025-05-05,JITOSOL-USD,172.62362670898438,176.91273498535156,171.18655395507812,175.87445068359375,36528536
2025-05-06,JITOSOL-USD,175.8729248046875,175.9873046875,170.03204345703125,175.28988647460938,28792753
2025-05-07,JITOSOL-USD,175.28988647460938,178.9168243408203,173.87449645996094,176.6697235107422,17114804
2025-05-08,JITOSOL-USD,176.6702423095703,196.4802703857422,176.63836669921875,196.4802703857422,38751567
2025-05-09,JITOSOL-USD,196.49630737304688,210.8761749267578,193.58892822265625,207.48919677734375,65503525
2025-05-10,JITOSOL-USD,207.47303771972656,213.7801513671875,202.91629028320312,213.30313110351562,40742289
2025-05-11,JITOSOL-USD,213.2598114013672,215.96424865722656,203.77195739746094,207.63327026367188,48224322
2025-05-12,JITOSOL-USD,207.69737243652344,216.5139617919922,202.80966186523438,209.2643585205078,57833357
2025-05-13,JITOSOL-USD,209.2490997314453,221.9189453125,200.49119567871094,221.16403198242188,40918759
2025-05-14,JITOSOL-USD,221.16403198242188,221.77183532714844,209.0301055908203,212.3044891357422,34810948
2025-05-15,JITOSOL-USD,212.24923706054688,214.0879364013672,201.0401153564453,203.0462646484375,28861726
2025-05-16,JITOSOL-USD,203.0462646484375,209.08668518066406,200.33636474609375,201.42379760742188,44613088
2025-05-17,JITOSOL-USD,201.42379760742188,204.2841796875,197.57705688476562,199.66424560546875,36152579
2025-05-18,JITOSOL-USD,199.648193359375,212.5612335205078,198.69403076171875,209.37257385253906,34499915
2025-05-19,JITOSOL-USD,209.35716247558594,209.4578399658203,192.27999877929688,200.8780059814453,40009203
2025-05-20,JITOSOL-USD,200.82864379882812,207.96385192871094,198.2522735595703,202.87037658691406,45508376
2025-05-21,JITOSOL-USD,202.88458251953125,211.17202758789062,200.5452880859375,209.03436279296875,33918594
2025-05-22,JITOSOL-USD,209.118408203125,217.1363525390625,208.17623901367188,216.3399200439453,37226048
2025-05-23,JITOSOL-USD,216.3397979736328,225.5225067138672,208.89073181152344,209.09097290039062,51815016
2025-05-24,JITOSOL-USD,209.0912628173828,214.27110290527344,208.20785522460938,211.80665588378906,25314200
2025-05-25,JITOSOL-USD,211.8022003173828,212.7249755859375,203.95599365234375,211.53414916992188,30166080
2025-05-26,JITOSOL-USD,211.53416442871094,215.49050903320312,209.26243591308594,210.68104553222656,40749262
2025-05-27,JITOSOL-USD,210.68104553222656,215.87355041503906,206.85960388183594,212.9447784423828,42514355
2025-05-28,JITOSOL-USD,212.9296417236328,213.56700134277344,203.69444274902344,207.5200653076172,25547742
2025-05-29,JITOSOL-USD,207.5200653076172,211.03369140625,200.5495147705078,200.8603057861328,31708898
2025-05-30,JITOSOL-USD,200.86219787597656,201.71951293945312,188.18695068359375,188.47007751464844,38721353
2025-05-31,JITOSOL-USD,188.45932006835938,190.31729125976562,183.85751342773438,188.90438842773438,30569103
2025-06-01,JITOSOL-USD,188.87490844726562,190.22132873535156,182.01168823242188,190.10768127441406,29689913
2025-06-02,JITOSOL-USD,190.16746520996094,191.5094757080078,183.30368041992188,189.32632446289062,25684473
2025-06-03,JITOSOL-USD,189.28256225585938,196.7841796875,186.67840576171875,187.38331604003906,31566929
2025-06-04,JITOSOL-USD,187.3797607421875,190.32945251464844,184.915771484375,185.0015869140625,25306753
2025-06-05,JITOSOL-USD,185.0015869140625,186.23350524902344,171.2434844970703,174.46517944335938,40256782
2025-06-06,JITOSOL-USD,174.46653747558594,183.55296325683594,174.27847290039062,178.5323944091797,24233089
2025-06-07,JITOSOL-USD,178.53240966796875,184.43515014648438,177.76966857910156,181.25978088378906,16181727
2025-06-08,JITOSOL-USD,181.26821899414062,187.1778564453125,179.03652954101562,184.10719299316406,15409275
2025-06-09,JITOSOL-USD,184.10719299316406,194.95968627929688,181.062255859375,194.5945281982422,17455028
2025-06-10,JITOSOL-USD,194.5945281982422,199.7324676513672,189.4676055908203,199.41021728515625,31180357
2025-06-11,JITOSOL-USD,199.43453979492188,203.0648193359375,192.80459594726562,194.5018768310547,46025404
2025-06-12,JITOSOL-USD,194.5018768310547,194.697021484375,183.95309448242188,184.69786071777344,20536377
2025-06-13,JITOSOL-USD,184.69512939453125,184.69512939453125,170.88543701171875,179.56265258789062,39314954
2025-06-14,JITOSOL-USD,179.55323791503906,179.6381378173828,171.97889709472656,174.9728240966797,16672074
2025-06-15,JITOSOL-USD,174.9714813232422,185.06982421875,174.759033203125,184.6797332763672,22805949
2025-06-16,JITOSOL-USD,184.6797332763672,191.77391052246094,182.48678588867188,182.48678588867188,32332677
2025-06-17,JITOSOL-USD,182.45956420898438,186.561767578125,176.63526916503906,178.74961853027344,34686341
2025-06-18,JITOSOL-USD,178.74961853027344,180.39537048339844,174.32823181152344,177.26841735839844,36998748
2025-06-19,JITOSOL-USD,177.2801055908203,178.88595581054688,173.4028778076172,177.9998321533203,17776159
2025-06-20,JITOSOL-USD,177.9998321533203,179.94772338867188,165.11984252929688,169.34214782714844,19570926
2025-06-21,JITOSOL-USD,169.34214782714844,172.50167846679688,159.70071411132812,163.46499633789062,27767661
2025-06-22,JITOSOL-USD,163.45655822753906,166.1519012451172,153.3716278076172,159.3874969482422,35668326
2025-06-23,JITOSOL-USD,159.39218139648438,177.55203247070312,158.8761749267578,175.41897583007812,25777162
2025-06-24,JITOSOL-USD,175.4357452392578,177.33697509765625,172.7802734375,176.59349060058594,21374106
2025-06-25,JITOSOL-USD,176.58958435058594,178.88275146484375,172.7680206298828,173.7117156982422,13614867
2025-06-26,JITOSOL-USD,173.7117156982422,178.6441192626953,168.3136444091797,168.4453125,15447934
2025-06-27,JITOSOL-USD,168.4453125,174.97564697265625,166.90283203125,172.4635467529297,25373481
2025-06-28,JITOSOL-USD,172.4571990966797,184.4329833984375,171.3379364013672,182.8367156982422,24259304
2025-06-29,JITOSOL-USD,182.8363800048828,187.17706298828125,181.33450317382812,185.8231658935547,14662278
2025-06-30,JITOSOL-USD,185.81224060058594,193.2777862548828,181.72682189941406,188.0189208984375,50004641
2025-07-01,JITOSOL-USD,188.0189208984375,188.23326110839844,176.18153381347656,178.08615112304688,23587991
2025-07-02,JITOSOL-USD,178.08615112304688,187.22325134277344,177.50473022460938,184.799560546875,22564690
2025-07-03,JITOSOL-USD,184.7953338623047,189.37342834472656,182.4606475830078,184.98326110839844,23585876
2025-07-04,JITOSOL-USD,184.999267578125,186.21737670898438,176.6715850830078,179.3306121826172,16762836
2025-07-05,JITOSOL-USD,179.3306121826172,180.17025756835938,177.72323608398438,179.3144073486328,15388723
2025-07-06,JITOSOL-USD,179.3144073486328,186.32650756835938,178.44998168945312,184.51272583007812,17707206
2025-07-07,JITOSOL-USD,184.50845336914062,186.0766143798828,179.71832275390625,180.75723266601562,18284043
2025-07-08,JITOSOL-USD,180.76275634765625,185.5054473876953,179.89520263671875,184.41346740722656,35226944
2025-07-09,JITOSOL-USD,184.4104461669922,191.72743225097656,183.11558532714844,191.1017303466797,23065471
2025-07-10,JITOSOL-USD,191.0796356201172,200.70416259765625,189.60752868652344,199.46835327148438,23053784
2025-07-11,JITOSOL-USD,199.4640655517578,204.00552368164062,194.72752380371094,197.96124267578125,24410112
2025-07-12,JITOSOL-USD,197.96145629882812,198.93687438964844,192.27943420410156,195.3614044189453,25257235
2025-07-13,JITOSOL-USD,195.3615264892578,199.21449279785156,194.51513671875,195.97828674316406,25875605
2025-07-14,JITOSOL-USD,195.96067810058594,204.65794372558594,195.5216064453125,197.34181213378906,26038722
2025-07-15,JITOSOL-USD,197.34642028808594,199.5454864501953,191.77540588378906,199.42404174804688,25609872
2025-07-16,JITOSOL-USD,199.42404174804688,213.64341735839844,196.66127014160156,211.289794921875,33282214
2025-07-17,JITOSOL-USD,211.28977966308594,216.10516357421875,205.72695922851562,213.97561645507812,37928835
2025-07-18,JITOSOL-USD,213.97232055664062,224.35659790039062,211.6712646484375,215.7944793701172,52778311
2025-07-19,JITOSOL-USD,215.80670166015625,216.7372589111328,212.2278594970703,215.51051330566406,35610795
2025-07-20,JITOSOL-USD,215.5203399658203,223.1061248779297,214.9653778076172,220.6409454345703,37595491
2025-07-21,JITOSOL-USD,220.6409454345703,241.9825897216797,217.43389892578125,239.03334045410156,43972191
2025-07-22,JITOSOL-USD,239.03334045410156,250.65435791015625,236.7354278564453,250.4713897705078,48249065
2025-07-23,JITOSOL-USD,250.47244262695312,250.53038024902344,225.13641357421875,230.8710174560547,54489804
2025-07-24,JITOSOL-USD,230.85214233398438,233.5989532470703,219.32485961914062,222.6731414794922,30371014
2025-07-25,JITOSOL-USD,222.7090301513672,227.10597229003906,214.9190673828125,227.10597229003906,26279488
2025-07-26,JITOSOL-USD,227.10597229003906,230.9929656982422,225.10018920898438,225.3334503173828,22642628
2025-07-27,JITOSOL-USD,225.3334503173828,232.1254119873047,225.20919799804688,229.93125915527344,26714396
2025-07-28,JITOSOL-USD,229.94049072265625,237.30508422851562,222.56591796875,222.60877990722656,30403398
2025-07-29,JITOSOL-USD,222.62112426757812,227.1407470703125,218.0823974609375,221.02606201171875,20553503
2025-07-30,JITOSOL-USD,221.03526306152344,222.04049682617188,209.60079956054688,216.82884216308594,32326888
2025-07-31,JITOSOL-USD,216.82884216308594,222.51889038085938,209.62112426757812,210.21726989746094,44360842
2025-08-01,JITOSOL-USD,210.21343994140625,210.21343994140625,195.17694091796875,198.4488067626953,34341087
2025-08-02,JITOSOL-USD,198.4488067626953,201.4901885986328,190.6161651611328,193.64402770996094,36411792
2025-08-03,JITOSOL-USD,193.64617919921875,198.50677490234375,191.57470703125,197.65557861328125,41289691
2025-08-04,JITOSOL-USD,197.65557861328125,207.08822631835938,197.19903564453125,206.84780883789062,22612086
2025-08-05,JITOSOL-USD,206.8787078857422,209.30474853515625,197.8658447265625,200.59698486328125,26595882
2025-08-06,JITOSOL-USD,200.60623168945312,207.36302185058594,197.37049865722656,205.48919677734375,22760656
2025-08-07,JITOSOL-USD,205.44960021972656,214.34811401367188,203.97715759277344,214.34811401367188,31103600
2025-08-08,JITOSOL-USD,214.34811401367188,219.14585876464844,212.3811492919922,216.28085327148438,26837602
2025-08-09,JITOSOL-USD,216.2743377685547,223.59085083007812,216.0197296142578,220.21792602539062,31784136
2025-08-10,JITOSOL-USD,220.21792602539062,226.96412658691406,217.7601318359375,223.66986083984375,18839158
2025-08-11,JITOSOL-USD,223.66986083984375,227.8617706298828,212.52590942382812,213.957763671875,43721366
2025-08-12,JITOSOL-USD,213.9619903564453,236.68270874023438,212.95010375976562,234.7068634033203,27359946
2025-08-13,JITOSOL-USD,234.7092742919922,249.3724365234375,234.28065490722656,246.56739807128906,37646384
2025-08-14,JITOSOL-USD,246.51795959472656,256.32666015625,229.66372680664062,235.69708251953125,43410612
2025-08-15,JITOSOL-USD,235.69781494140625,242.03961181640625,224.73023986816406,227.03688049316406,29137865
2025-08-16,JITOSOL-USD,227.0416259765625,232.18121337890625,226.98023986816406,232.17837524414062,15146033
2025-08-17,JITOSOL-USD,232.17837524414062,239.03424072265625,229.782958984375,234.21702575683594,23199207
2025-08-18,JITOSOL-USD,234.21702575683594,234.2266845703125,220.9293975830078,223.9755859375,35629939
2025-08-19,JITOSOL-USD,223.9755859375,226.98281860351562,215.53372192382812,216.12387084960938,27637961
2025-08-20,JITOSOL-USD,216.12387084960938,229.6678009033203,216.072509765625,229.47265625,28559213
2025-08-21,JITOSOL-USD,229.4652557373047,232.0325164794922,220.26730346679688,220.76107788085938,50569080
2025-08-22,JITOSOL-USD,220.76031494140625,246.9907684326172,217.47348022460938,245.24192810058594,38147152
2025-08-23,JITOSOL-USD,245.22386169433594,254.46995544433594,239.4424285888672,249.94125366210938,34792318
2025-08-24,JITOSOL-USD,249.9402313232422,259.3424987792969,247.2709197998047,252.07614135742188,37912591
2025-08-25,JITOSOL-USD,252.07608032226562,261.01953125,228.07151794433594,229.46168518066406,55725361
2025-08-26,JITOSOL-USD,229.45370483398438,242.03192138671875,228.04478454589844,240.11105346679688,33253062
2025-08-27,JITOSOL-USD,240.10804748535156,259.5612487792969,237.87835693359375,248.80030822753906,41517568
2025-08-28,JITOSOL-USD,248.758544921875,265.05181884765625,247.7118682861328,262.78289794921875,62001508
2025-08-29,JITOSOL-USD,262.85772705078125,266.9133605957031,245.7964324951172,251.6305389404297,87893427
2025-08-30,JITOSOL-USD,251.74488830566406,253.3961944580078,242.8248748779297,248.948486328125,41247806
2025-08-31,JITOSOL-USD,248.948486328125,253.11181640625,246.36648559570312,246.528564453125,23735448
2025-09-01,JITOSOL-USD,246.53256225585938,250.71209716796875,238.59124755859375,241.6842498779297,34311709
2025-09-02,JITOSOL-USD,241.6949462890625,256.96099853515625,241.64894104003906,256.96099853515625,35492051
2025-09-03,JITOSOL-USD,256.9954528808594,260.91912841796875,254.84640502929688,258.534912109375,31858083
2025-09-04,JITOSOL-USD,258.534912109375,259.9587707519531,248.15399169921875,249.2235565185547,43906404
2025-09-05,JITOSOL-USD,249.2192840576172,257.5996398925781,247.04931640625,249.87461853027344,64650573
2025-09-06,JITOSOL-USD,249.87461853027344,251.0904541015625,245.30810546875,246.15744018554688,22451115
2025-09-07,JITOSOL-USD,246.15744018554688,254.89280700683594,246.0271453857422,253.6642303466797,21044068
2025-09-08,JITOSOL-USD,253.64584350585938,266.3761901855469,252.7093505859375,263.0305480957031,40334940
2025-09-09,JITOSOL-USD,263.0372314453125,269.6639099121094,259.79180908203125,266.8604431152344,34579656
2025-09-10,JITOSOL-USD,266.8587951660156,276.4640808105469,264.75408935546875,275.3061218261719,32842278
2025-09-11,JITOSOL-USD,275.30108642578125,281.1909484863281,272.9538269042969,281.0328063964844,41521790
2025-09-12,JITOSOL-USD,281.0328063964844,299.56103515625,280.6075744628906,297.8425598144531,66475434
2025-09-13,JITOSOL-USD,297.8492736816406,299.9009704589844,290.8832092285156,298.1195983886719,31416687
2025-09-14,JITOSOL-USD,298.1185607910156,306.2411193847656,295.7215270996094,295.7466735839844,46097050
2025-09-15,JITOSOL-USD,295.7403564453125,299.8086853027344,283.4590148925781,287.9765319824219,41123991
2025-09-16,JITOSOL-USD,288.0341796875,295.7375183105469,285.0411682128906,291.5996398925781,44001572
2025-09-17,JITOSOL-USD,291.5996398925781,303.0810241699219,286.35552978515625,301.3802490234375,75081132
2025-09-18,JITOSOL-USD,301.367919921875,311.6357421875,299.59027099609375,304.8448486328125,59476610
2025-09-19,JITOSOL-USD,304.92352294921875,305.7298583984375,290.3721008300781,293.2571105957031,41376635
2025-09-20,JITOSOL-USD,293.2571105957031,296.6546325683594,292.1444091796875,295.0965881347656,31916783
2025-09-21,JITOSOL-USD,295.10101318359375,297.63397216796875,291.0144348144531,291.48297119140625,32130490
2025-09-22,JITOSOL-USD,291.4831848144531,291.7913818359375,267.0693054199219,271.351318359375,60238782
2025-09-23,JITOSOL-USD,271.3584289550781,272.4600524902344,262.1541748046875,263.45489501953125,52107439
2025-09-24,JITOSOL-USD,263.4525451660156,266.2865905761719,253.79486083984375,260.8353576660156,48470065
2025-09-25,JITOSOL-USD,260.8353576660156,261.418212890625,236.78680419921875,237.0453338623047,58206807
2025-09-26,JITOSOL-USD,237.0453338623047,253.06617736816406,235.56324768066406,253.01739501953125,50661233
2025-09-27,JITOSOL-USD,253.01739501953125,253.01739501953125,246.81954956054688,250.93997192382812,16079136
2025-09-28,JITOSOL-USD,250.93997192382812,259.69317626953125,244.36500549316406,259.69317626953125,22826685
2025-09-29,JITOSOL-USD,259.7008056640625,264.5484924316406,253.22329711914062,262.66339111328125,22264562
2025-09-30,JITOSOL-USD,262.6431884765625,263.3270568847656,252.54205322265625,257.3924255371094,19524614
2025-10-01,JITOSOL-USD,257.3813171386719,273.3173522949219,254.91085815429688,273.3173522949219,45480464
2025-10-02,JITOSOL-USD,273.3974914550781,289.2916564941406,271.34075927734375,289.2916564941406,36997540
2025-10-03,JITOSOL-USD,289.3044128417969,292.1053161621094,281.3312683105469,287.6361389160156,24036846
2025-10-04,JITOSOL-USD,287.6361389160156,288.7716369628906,277.3582458496094,281.4378356933594,27804873
2025-10-05,JITOSOL-USD,281.4378356933594,292.4780578613281,280.2112731933594,282.32415771484375,21213662
2025-10-06,JITOSOL-USD,282.32415771484375,293.222412109375,281.58807373046875,287.3958740234375,25075823
2025-10-07,JITOSOL-USD,287.3958740234375,290.21905517578125,272.3992919921875,272.3992919921875,63044594
2025-10-08,JITOSOL-USD,272.4017333984375,283.306884765625,269.5191955566406,282.9239196777344,23850201
2025-10-09,JITOSOL-USD,282.9239196777344,282.9791259765625,268.93218994140625,272.7159729003906,63869099
2025-10-10,JITOSOL-USD,272.7127990722656,276.80914306640625,211.3101806640625,232.76345825195312,96710163
2025-10-11,JITOSOL-USD,232.7706298828125,235.6846923828125,213.73158264160156,219.7285919189453,134425781
2025-10-12,JITOSOL-USD,219.64942932128906,245.13356018066406,214.03880310058594,243.53952026367188,58067853
2025-10-13,JITOSOL-USD,243.53952026367188,258.1361999511719,236.72300720214844,257.3814697265625,45114675
2025-10-14,JITOSOL-USD,257.38323974609375,260.531982421875,237.0754852294922,250.17031860351562,49499804
2025-10-15,JITOSOL-USD,250.17442321777344,255.87632751464844,238.37449645996094,239.69345092773438,45718309
2025-10-16,JITOSOL-USD,239.69345092773438,244.798095703125,226.13333129882812,228.25997924804688,42192904
2025-10-17,JITOSOL-USD,228.26303100585938,231.5440216064453,216.5848388671875,225.14459228515625,30447678
2025-10-18,JITOSOL-USD,225.12646484375,232.6305694580078,225.07888793945312,231.87586975097656,41988773
2025-10-19,JITOSOL-USD,231.8856201171875,237.755859375,227.23580932617188,232.27487182617188,46235422
2025-10-20,JITOSOL-USD,232.27487182617188,240.3001708984375,228.1245880126953,234.94883728027344,73853591
2025-10-21,JITOSOL-USD,234.95045471191406,244.2128143310547,226.80477905273438,229.83065795898438,39037817
2025-10-22,JITOSOL-USD,229.834716796875,231.77366638183594,219.98040771484375,222.8671112060547,34106068
2025-10-23,JITOSOL-USD,222.8671112060547,239.1358184814453,222.66432189941406,236.9288787841797,35364031
2025-10-24,JITOSOL-USD,236.8822021484375,242.41236877441406,234.348876953125,239.6462860107422,17694209
2025-10-25,JITOSOL-USD,239.67404174804688,241.3089599609375,237.2742462158203,240.39906311035156,16034314
2025-10-26,JITOSOL-USD,240.36793518066406,248.4982452392578,238.2172393798828,247.88754272460938,14329888
2025-10-27,JITOSOL-USD,247.904052734375,253.66671752929688,245.0751495361328,246.1106414794922,38150819
2025-10-28,JITOSOL-USD,246.16209411621094,252.33563232421875,237.2671661376953,240.91140747070312,24559217
2025-10-29,JITOSOL-USD,240.8002166748047,249.72543334960938,236.2278594970703,241.0187225341797,43690955
2025-10-30,JITOSOL-USD,240.67794799804688,245.17388916015625,221.82156372070312,228.22010803222656,46950163
2025-10-31,JITOSOL-USD,228.2509765625,234.9248809814453,228.15379333496094,231.94131469726562,45879280
2025-11-01,JITOSOL-USD,231.92327880859375,232.2257080078125,228.1780242919922,230.85665893554688,27697003
2025-11-02,JITOSOL-USD,230.86834716796875,233.13369750976562,226.27957153320312,232.31393432617188,11759347
2025-11-03,JITOSOL-USD,232.36566162109375,233.8649139404297,202.9521942138672,205.72927856445312,39681816
2025-11-04,JITOSOL-USD,205.73887634277344,208.39111328125,181.6898193359375,192.5472412109375,50463656
2025-11-05,JITOSOL-USD,192.52267456054688,203.25071716308594,182.90145874023438,201.901611328125,68059700
2025-11-06,JITOSOL-USD,201.8880615234375,201.8880615234375,191.3828582763672,192.45616149902344,18908979
2025-11-07,JITOSOL-USD,192.481201171875,203.47840881347656,186.75213623046875,200.5278778076172,40200238
2025-11-08,JITOSOL-USD,200.55677795410156,203.87802124023438,193.7100067138672,195.98544311523438,20419645
2025-11-09,JITOSOL-USD,195.9908447265625,206.14907836914062,192.63392639160156,203.96945190429688,20864270
2025-11-10,JITOSOL-USD,204.00836181640625,211.20272827148438,203.2827606201172,208.10972595214844,18384611
2025-11-11,JITOSOL-USD,208.0745391845703,213.20718383789062,191.3932342529297,191.8826141357422,18196307
2025-11-12,JITOSOL-USD,191.81373596191406,199.6017608642578,187.83457946777344,190.28851318359375,38826572
2025-11-13,JITOSOL-USD,190.28892517089844,194.8393096923828,175.66249084472656,179.82594299316406,31325494
2025-11-14,JITOSOL-USD,179.79605102539062,180.5696258544922,168.85873413085938,172.3972930908203,43170025
2025-11-15,JITOSOL-USD,172.23379516601562,178.91604614257812,172.23379516601562,173.41708374023438,17591668
2025-11-16,JITOSOL-USD,173.4061279296875,177.44020080566406,167.3487091064453,170.71194458007812,18291534
2025-11-17,JITOSOL-USD,170.67869567871094,177.1207733154297,160.60256958007812,162.3446044921875,30919115
2025-11-18,JITOSOL-USD,162.38165283203125,176.2630615234375,160.96890258789062,174.842529296875,28666726
2025-11-19,JITOSOL-USD,174.82208251953125,177.12945556640625,162.44967651367188,170.02606201171875,25328052
2025-11-20,JITOSOL-USD,170.031982421875,179.45660400390625,163.4276123046875,166.11993408203125,36383522
2025-11-21,JITOSOL-USD,166.01687622070312,167.53665161132812,151.82806396484375,159.77322387695312,44995304
2025-11-22,JITOSOL-USD,159.77044677734375,161.08102416992188,155.88429260253906,158.59085083007812,16007638
2025-11-23,JITOSOL-USD,158.59030151367188,165.44737243652344,158.59030151367188,162.66845703125,12118868
2025-11-24,JITOSOL-USD,162.6814727783203,173.6021270751953,159.87725830078125,172.0856170654297,19231382
2025-11-25,JITOSOL-USD,172.1085968017578,174.52256774902344,165.89974975585938,172.91116333007812,16461466
2025-11-26,JITOSOL-USD,172.8809814453125,179.7672119140625,168.86404418945312,177.8090362548828,20279241
2025-11-27,JITOSOL-USD,177.82150268554688,179.2534942626953,175.16403198242188,175.39788818359375,17384094
2025-11-28,JITOSOL-USD,175.39788818359375,178.55331420898438,169.7999267578125,171.2396697998047,22453034
2025-11-29,JITOSOL-USD,171.1839599609375,171.79061889648438,168.30844116210938,169.45843505859375,8224329
2025-11-30,JITOSOL-USD,169.4574737548828,174.36520385742188,166.4098663330078,166.4102020263672,7271035
2025-12-01,JITOSOL-USD,166.33853149414062,166.44212341308594,153.81007385253906,158.014404296875,19664432
2025-12-02,JITOSOL-USD,158.0266876220703,175.52777099609375,157.24559020996094,172.98683166503906,14462782
2025-12-03,JITOSOL-USD,172.98683166503906,181.6367645263672,171.92349243164062,180.8309783935547,23748859
2025-12-04,JITOSOL-USD,180.66746520996094,182.83644104003906,172.1581268310547,173.24424743652344,10087545
2025-12-05,JITOSOL-USD,173.24696350097656,174.92225646972656,163.35440063476562,166.1258087158203,19287813
2025-12-06,JITOSOL-USD,166.19444274902344,166.82676696777344,163.90904235839844,164.91998291015625,8553096
2025-12-07,JITOSOL-USD,164.9179229736328,169.78636169433594,159.9762725830078,164.3462371826172,12402482
2025-12-08,JITOSOL-USD,164.46328735351562,173.4430694580078,164.3326416015625,166.4580841064453,21628698
2025-12-09,JITOSOL-USD,166.4698944091797,180.29043579101562,164.5748291015625,172.13426208496094,29181940
2025-12-10,JITOSOL-USD,172.13697814941406,177.65570068359375,169.3496856689453,170.2258758544922,26762413
2025-12-11,JITOSOL-USD,170.07850646972656,171.4508514404297,161.3577423095703,170.15628051757812,15904018
2025-12-12,JITOSOL-USD,170.13833618164062,174.58071899414062,162.9549560546875,165.1527099609375,15225502
2025-12-13,JITOSOL-USD,165.1539306640625,167.38243103027344,164.73268127441406,166.16673278808594,8316108
2025-12-14,JITOSOL-USD,166.16934204101562,166.77767944335938,160.72134399414062,161.5137481689453,8838310
2025-12-15,JITOSOL-USD,161.5189208984375,168.21807861328125,154.8551788330078,159.4178924560547,11693163
2025-12-16,JITOSOL-USD,159.4657745361328,162.21884155273438,156.29225158691406,161.50350952148438,18970331
2025-12-17,JITOSOL-USD,161.56446838378906,167.05702209472656,151.71873474121094,153.74227905273438,20320932
2025-12-18,JITOSOL-USD,153.83082580566406,160.7037811279297,146.49684143066406,149.38525390625,19084635
2025-12-19,JITOSOL-USD,149.3870086669922,159.1588897705078,147.16905212402344,157.67791748046875,15515222
2025-12-20,JITOSOL-USD,157.6856231689453,158.2511444091797,156.7404327392578,157.2044677734375,6219695
2025-12-21,JITOSOL-USD,157.19285583496094,158.0335235595703,154.4584503173828,157.417724609375,5804525
2025-12-22,JITOSOL-USD,157.41647338867188,160.41880798339844,155.52767944335938,157.11997985839844,20806983
2025-12-23,JITOSOL-USD,157.11868286132812,158.14796447753906,153.1317596435547,154.886474609375,9074045
2025-12-24,JITOSOL-USD,154.88800048828125,155.10955810546875,151.17660522460938,153.2452392578125,9091642
2025-12-25,JITOSOL-USD,153.21939086914062,155.22781372070312,150.05056762695312,150.05056762695312,9862768
2025-12-26,JITOSOL-USD,150.0973663330078,156.2023162841797,149.56307983398438,152.76608276367188,8589129
2025-12-27,JITOSOL-USD,152.7638702392578,155.849853515625,152.46636962890625,155.73455810546875,5035538
2025-12-28,JITOSOL-USD,155.74266052246094,156.8791961669922,153.96710205078125,156.65789794921875,8247728
2025-12-29,JITOSOL-USD,156.6446990966797,161.9661407470703,153.1964874267578,154.13555908203125,11924322
2025-12-30,JITOSOL-USD,154.1353759765625,158.0048370361328,153.58187866210938,156.37953186035156,9783307
2025-12-31,JITOSOL-USD,156.41294860839844,158.88189697265625,154.72239685058594,155.8498077392578,11764297
2026-01-01,JITOSOL-USD,155.841064453125,158.88291931152344,155.39466857910156,158.6538848876953,12028841
2026-01-02,JITOSOL-USD,158.65390014648438,166.54051208496094,157.65101623535156,165.4733428955078,11833756
2026-01-03,JITOSOL-USD,165.4867401123047,167.3259735107422,162.69912719726562,167.0027618408203,5943029
2026-01-04,JITOSOL-USD,167.00186157226562,169.4405059814453,166.94532775878906,167.77618408203125,7906951
2026-01-05,JITOSOL-USD,167.8114471435547,174.94509887695312,167.20834350585938,173.19200134277344,24704652
2026-01-06,JITOSOL-USD,173.1615447998047,179.07835388183594,170.81614685058594,176.7987518310547,22432084
2026-01-07,JITOSOL-USD,176.77432250976562,176.7913818359375,168.7200927734375,170.800048828125,11870549
2026-01-08,JITOSOL-USD,170.8048858642578,175.3233184814453,166.45350646972656,173.374267578125,14305337
2026-01-09,JITOSOL-USD,173.374267578125,176.62741088867188,169.58624267578125,170.18777465820312,11140093
2026-01-10,JITOSOL-USD,170.18777465820312,171.43734741210938,169.7284393310547,170.177978515625,4347997
2026-01-11,JITOSOL-USD,170.17453002929688,177.02734375,170.08511352539062,174.6726837158203,7753037
2026-01-12,JITOSOL-USD,174.6994171142578,180.46900939941406,173.5251922607422,174.5346221923828,13214827
2026-01-13,JITOSOL-USD,174.4816436767578,184.84164428710938,173.10873413085938,182.1946258544922,9309384
2026-01-14,JITOSOL-USD,182.17803955078125,185.63748168945312,180.0867462158203,183.95347595214844,13249732
2026-01-15,JITOSOL-USD,183.95742797851562,183.9729461669922,176.92384338378906,178.5067596435547,9368691
2026-01-16,JITOSOL-USD,178.50698852539062,182.19752502441406,176.21987915039062,181.72164916992188,11878799
2026-01-17,JITOSOL-USD,181.72164916992188,181.7369842529297,180.1453857421875,180.3857879638672,5566279
2026-01-18,JITOSOL-USD,180.38623046875,180.45506286621094,173.0990447998047,173.0990447998047,7116433
2026-01-19,JITOSOL-USD,173.17539978027344,173.17539978027344,164.3152618408203,167.4680938720703,16437428
2026-01-20,JITOSOL-USD,167.4680938720703,168.66307067871094,157.32676696777344,157.9678497314453,15158631
2026-01-21,JITOSOL-USD,157.94918823242188,165.29510498046875,157.55563354492188,162.91725158691406,11833327
2026-01-22,JITOSOL-USD,162.91725158691406,163.71859741210938,159.34796142578125,161.12539672851562,9294740
2026-01-23,JITOSOL-USD,161.12539672851562,162.99044799804688,157.4346160888672,159.8934326171875,7996406
2026-01-24,JITOSOL-USD,159.87112426757812,160.567626953125,158.96160888671875,159.71653747558594,6099207
2026-01-25,JITOSOL-USD,159.7100067138672,159.90853881835938,147.63731384277344,149.28121948242188,16293343
2026-01-26,JITOSOL-USD,149.30015563964844,157.11428833007812,149.08248901367188,156.03033447265625,18140555
2026-01-27,JITOSOL-USD,156.0112762451172,160.36935424804688,154.64039611816406,159.7576446533203,11067139
2026-01-28,JITOSOL-USD,159.75088500976562,160.88401794433594,156.78506469726562,157.27659606933594,15755286
2026-01-29,JITOSOL-USD,157.2611083984375,157.37692260742188,145.01824951171875,147.78453063964844,11706640
2026-01-30,JITOSOL-USD,147.79202270507812,149.3491668701172,141.96925354003906,147.58114624023438,30061409
2026-01-31,JITOSOL-USD,147.5752410888672,149.10220336914062,124.66954803466797,132.4036407470703,70125049
2026-02-01,JITOSOL-USD,132.4036407470703,133.56036376953125,123.702880859375,126.8945541381836,32683636
2026-02-02,JITOSOL-USD,126.78634643554688,132.93894958496094,121.1546630859375,131.36749267578125,20305512
2026-02-03,JITOSOL-USD,131.3537139892578,132.15370178222656,121.71135711669922,122.74604797363281,55709768
2026-02-04,JITOSOL-USD,122.74246215820312,125.16685485839844,112.60275268554688,115.6495132446289,33137783
2026-02-05,JITOSOL-USD,115.69640350341797,116.8973617553711,97.78857421875,98.55451965332031,72460179
2026-02-06,JITOSOL-USD,98.51493835449219,112.56002807617188,85.86746215820312,109.99342346191406,49731270
2026-02-07,JITOSOL-USD,110.0130844116211,112.01644134521484,106.4439697265625,110.23795318603516,24738306
2026-02-08,JITOSOL-USD,110.2490463256836,111.70182037353516,108.09529876708984,109.7222900390625,10712367
2026-02-09,JITOSOL-USD,109.6644058227539,111.30873107910156,104.39521026611328,109.0987319946289,16921067
2026-02-10,JITOSOL-USD,109.17375946044922,109.92279815673828,103.95751953125,104.11367797851562,10284860
