date,symbol,open,high,low,close,volume
2023-03-07,LSETH-USD,1578.81005859375,1578.81005859375,1560.300048828125,1576.949951171875,89615
2023-03-08,LSETH-USD,1576.949951171875,1585.030029296875,1537.862548828125,1540.3514404296875,1091757
2023-03-09,LSETH-USD,1541.0706787109375,1558.4599609375,1428.5,1444.739990234375,67556
2023-03-10,LSETH-USD,1444.739990234375,1446.530029296875,1381.6500244140625,1439.06005859375,60301
2023-03-11,LSETH-USD,1439.06005859375,1496.3699951171875,1419.56005859375,1489.7099609375,47490
2023-03-12,LSETH-USD,1489.7099609375,1611.1400146484375,1460.300048828125,1598.22998046875,87386
2023-03-13,LSETH-USD,1598.22998046875,1711.47998046875,1577.3699951171875,1688.66796875,65432
2023-03-14,LSETH-USD,1688.7113037109375,1838.1373291015625,1679.7564697265625,1753.5782470703125,703741
2023-03-15,LSETH-USD,1753.845703125,1763.01318359375,1635.8369140625,1674.6708984375,1944059
2023-03-16,LSETH-USD,1673.9249267578125,1708.4476318359375,1653.6966552734375,1693.57275390625,9397
2023-03-17,LSETH-USD,1695.5223388671875,1811.6513671875,1684.6329345703125,1805.412109375,25369
2023-03-18,LSETH-USD,1805.5484619140625,1850.2259521484375,1772.1627197265625,1791.49560546875,17750
2023-03-19,LSETH-USD,1791.5750732421875,1865.53271484375,1791.5750732421875,1803.9158935546875,19065
2023-03-20,LSETH-USD,1804.6435546875,1827.137451171875,1746.1292724609375,1751.669189453125,7405
2023-03-21,LSETH-USD,1751.8656005859375,1853.580078125,1743.8916015625,1824.5721435546875,13707
2023-03-22,LSETH-USD,1825.382568359375,1834.3917236328125,1728.77734375,1748.23193359375,25768
2023-03-23,LSETH-USD,1747.9896240234375,1865.25146484375,1744.0997314453125,1833.2137451171875,40094
2023-03-24,LSETH-USD,1833.0732421875,1834.67236328125,1749.1937255859375,1769.579345703125,90686
2023-03-25,LSETH-USD,1770.1676025390625,1776.6910400390625,1735.3251953125,1759.77294921875,32327
2023-03-26,LSETH-USD,1759.941650390625,1814.9041748046875,1758.877197265625,1793.1046142578125,54262
2023-03-27,LSETH-USD,1793.4295654296875,1795.5335693359375,1707.318359375,1732.5230712890625,10027
2023-03-28,LSETH-USD,1732.52392578125,1801.9791259765625,1719.7109375,1786.693603515625,3361
2023-03-29,LSETH-USD,1786.5550537109375,1839.335693359375,1786.39892578125,1808.4110107421875,283642
2023-03-30,LSETH-USD,1809.451171875,1844.2335205078125,1781.1171875,1804.834228515625,7124
2023-03-31,LSETH-USD,1805.0745849609375,1859.32763671875,1803.5577392578125,1836.5604248046875,7823
2023-04-01,LSETH-USD,1836.504150390625,1855.9554443359375,1828.4808349609375,1831.860107421875,25764
2023-04-02,LSETH-USD,1837.99951171875,1842.6058349609375,1789.6766357421875,1810.033935546875,11019
2023-04-03,LSETH-USD,1809.8980712890625,1853.47265625,1779.992919921875,1823.5728759765625,3199
2023-04-04,LSETH-USD,1823.540283203125,1895.7470703125,1817.522705078125,1890.2203369140625,17822
2023-04-05,LSETH-USD,1888.59326171875,1943.136962890625,1884.5091552734375,1928.6824951171875,31117
2023-04-06,LSETH-USD,1928.770751953125,1928.770751953125,1878.32958984375,1884.9578857421875,4397
2023-04-07,LSETH-USD,1884.9510498046875,1895.9522705078125,1865.13134765625,1882.1116943359375,1016
2023-04-08,LSETH-USD,1881.973876953125,1896.058837890625,1866.5084228515625,1867.041015625,8109
2023-04-09,LSETH-USD,1867.1708984375,1890.791015625,1849.98779296875,1875.7908935546875,2269
2023-04-10,LSETH-USD,1875.78857421875,1933.5557861328125,1865.452392578125,1927.6785888671875,4444
2023-04-11,LSETH-USD,1927.5655517578125,1951.691650390625,1905.941162109375,1908.921875,17801
2023-04-12,LSETH-USD,1909.008056640625,1945.0794677734375,1878.300537109375,1938.18798828125,6548
2023-04-13,LSETH-USD,1937.033447265625,2037.04931640625,1922.2459716796875,2030.775146484375,9587
2023-04-14,LSETH-USD,2030.775146484375,2145.958251953125,2030.0350341796875,2121.64208984375,205766
2023-04-15,LSETH-USD,2121.642333984375,2129.602294921875,2099.467529296875,2115.86669921875,3529
2023-04-16,LSETH-USD,2115.806884765625,2154.52490234375,2096.69921875,2140.6044921875,21597
2023-04-17,LSETH-USD,2140.638916015625,2140.638916015625,2082.58984375,2094.66748046875,5848
2023-04-18,LSETH-USD,2094.69580078125,2141.385009765625,2079.965576171875,2122.250244140625,2404
2023-04-19,LSETH-USD,2122.1943359375,2122.1943359375,1949.85888671875,1958.36083984375,108762
2023-04-20,LSETH-USD,1958.1165771484375,1997.91943359375,1941.47021484375,1965.501220703125,2687
2023-04-21,LSETH-USD,1965.523681640625,1969.2196044921875,1858.9569091796875,1868.5223388671875,3946
2023-04-22,LSETH-USD,1868.5413818359375,1905.169677734375,1867.1341552734375,1896.49365234375,808
2023-04-23,LSETH-USD,1896.547607421875,1899.171875,1863.1534423828125,1882.49462890625,2850
2023-04-24,LSETH-USD,1882.5130615234375,1906.38671875,1833.4952392578125,1862.8985595703125,59896
2023-04-25,LSETH-USD,1862.892333984375,1896.5872802734375,1828.1405029296875,1888.7254638671875,5323
2023-04-26,LSETH-USD,1888.6357421875,1983.5584716796875,1818.3006591796875,1888.0731201171875,99579
2023-04-27,LSETH-USD,1888.21826171875,1945.36865234375,1886.994140625,1930.4451904296875,988
2023-04-28,LSETH-USD,1930.5001220703125,1940.0751953125,1901.8948974609375,1916.3780517578125,896
2023-04-29,LSETH-USD,1916.39599609375,1940.0875244140625,1913.2816162109375,1926.7728271484375,1280
2023-04-30,LSETH-USD,1926.80859375,1952.69873046875,1903.56640625,1903.56640625,3007
2023-05-01,LSETH-USD,1903.28759765625,1907.8017578125,1831.9222412109375,1851.95654296875,2054
2023-05-02,LSETH-USD,1851.958984375,1900.2435302734375,1848.0968017578125,1894.205322265625,1085
2023-05-03,LSETH-USD,1894.161376953125,1936.603515625,1871.155029296875,1932.732177734375,193587
2023-05-04,LSETH-USD,1932.835205078125,1937.8626708984375,1895.262451171875,1903.7659912109375,3886
2023-05-05,LSETH-USD,1903.7720947265625,2024.6575927734375,1903.7720947265625,2019.1429443359375,62872
2023-05-06,LSETH-USD,2019.182861328125,2042.408935546875,1899.9071044921875,1923.9232177734375,5475
2023-05-07,LSETH-USD,1923.7978515625,1955.2559814453125,1904.3238525390625,1904.3238525390625,9030
2023-05-08,LSETH-USD,1903.737060546875,1908.3709716796875,1841.5523681640625,1872.54443359375,3177
2023-05-09,LSETH-USD,1872.531494140625,1879.2366943359375,1859.5400390625,1871.229248046875,16727
2023-05-10,LSETH-USD,1871.2216796875,1910.1007080078125,1824.6129150390625,1867.3349609375,24582
2023-05-11,LSETH-USD,1867.4114990234375,1867.5277099609375,1802.1529541015625,1817.672607421875,3938
2023-05-12,LSETH-USD,1817.5888671875,1837.9083251953125,1768.1539306640625,1831.8546142578125,8652
2023-05-13,LSETH-USD,1831.839111328125,1838.0238037109375,1817.52587890625,1822.6248779296875,2045
2023-05-14,LSETH-USD,1822.6348876953125,1846.7640380859375,1818.300048828125,1823.80859375,1721
2023-05-15,LSETH-USD,1823.797119140625,1871.964111328125,1812.858642578125,1845.5130615234375,183283
2023-05-16,LSETH-USD,1845.4761962890625,1857.68896484375,1827.3026123046875,1851.0555419921875,2316
2023-05-17,LSETH-USD,1851.0638427734375,1862.3848876953125,1813.9642333984375,1849.7464599609375,1454
2023-05-18,LSETH-USD,1849.756591796875,1856.568115234375,1800.719970703125,1833.873046875,2163
2023-05-19,LSETH-USD,1833.9073486328125,1849.3516845703125,1831.842529296875,1839.40478515625,967
2023-05-20,LSETH-USD,1839.490478515625,1851.3358154296875,1835.7596435546875,1847.7884521484375,772
2023-05-21,LSETH-USD,1847.7596435546875,1851.9097900390625,1827.7335205078125,1829.777587890625,455
2023-05-22,LSETH-USD,1829.763916015625,1852.764892578125,1822.1474609375,1851.182861328125,796
2023-05-23,LSETH-USD,1851.1591796875,1901.0748291015625,1849.0361328125,1879.4599609375,2117
2023-05-24,LSETH-USD,1879.4599609375,1883.030029296875,1812.63427734375,1828.1226806640625,132836
2023-05-25,LSETH-USD,1828.0255126953125,1841.594970703125,1795.065185546875,1836.9736328125,1131
2023-05-26,LSETH-USD,1837.0511474609375,1870.22998046875,1830.76171875,1863.570068359375,3245
2023-05-27,LSETH-USD,1863.534912109375,1870.22998046875,1849.3837890625,1859.277587890625,1534
2023-05-28,LSETH-USD,1859.238037109375,1941.47998046875,1856.9696044921875,1940.668212890625,714
2023-05-29,LSETH-USD,1940.606689453125,1953.1351318359375,1911.432861328125,1925.083740234375,1916
2023-05-30,LSETH-USD,1925.1636962890625,1948.0,1921.3426513671875,1932.7308349609375,6381
2023-05-31,LSETH-USD,1932.7166748046875,1935.42138671875,1885.1988525390625,1907.28076171875,4867
2023-06-01,LSETH-USD,1907.3072509765625,1913.6175537109375,1881.28759765625,1894.6807861328125,30227
2023-06-02,LSETH-USD,1894.7275390625,1940.97900390625,1883.854248046875,1940.928466796875,8036
2023-06-03,LSETH-USD,1940.95263671875,1941.36767578125,1920.3658447265625,1922.6885986328125,192
2023-06-04,LSETH-USD,1922.7247314453125,1942.2752685546875,1921.0201416015625,1921.940673828125,425
2023-06-05,LSETH-USD,1921.9991455078125,1921.9991455078125,1817.1290283203125,1846.6456298828125,105531
2023-06-06,LSETH-USD,1846.545166015625,1924.403564453125,1832.3408203125,1916.1446533203125,18906
2023-06-07,LSETH-USD,1916.1531982421875,1920.064697265625,1858.4429931640625,1863.571533203125,30854
2023-06-08,LSETH-USD,1863.593017578125,1890.4493408203125,1861.78857421875,1879.1485595703125,8681
2023-06-09,LSETH-USD,1879.139892578125,1880.4642333984375,1864.2911376953125,1869.203125,147173
2023-06-10,LSETH-USD,1869.2161865234375,1874.0809326171875,1755.62890625,1784.332275390625,664025
2023-06-11,LSETH-USD,1784.4364013671875,1796.1781005859375,1773.3800048828125,1784.5164794921875,284846
2023-06-12,LSETH-USD,1784.5396728515625,1784.5396728515625,1754.469970703125,1778.62548828125,150730
2023-06-13,LSETH-USD,1778.59912109375,1836.3199462890625,1756.72998046875,1765.5799560546875,8719
2023-06-14,LSETH-USD,1765.5799560546875,1781.40087890625,1662.75390625,1692.864990234375,1067
2023-06-15,LSETH-USD,1692.8385009765625,1705.0919189453125,1661.5355224609375,1696.169921875,18647
2023-06-16,LSETH-USD,1696.161376953125,1759.0777587890625,1684.3199462890625,1751.1578369140625,36351
2023-06-17,LSETH-USD,1751.1075439453125,1781.7806396484375,1749.969482421875,1755.444580078125,43967
2023-06-18,LSETH-USD,1755.3382568359375,1767.347900390625,1746.4061279296875,1748.814208984375,19095
2023-06-19,LSETH-USD,1748.855224609375,1768.199951171875,1737.4857177734375,1759.6573486328125,793
2023-06-20,LSETH-USD,1759.639892578125,1829.68359375,1750.2110595703125,1825.4539794921875,27426
2023-06-21,LSETH-USD,1825.9840087890625,1935.6439208984375,1824.2930908203125,1932.7164306640625,162310
2023-06-22,LSETH-USD,1932.4339599609375,1958.567626953125,1907.5093994140625,1911.3394775390625,11532
2023-06-23,LSETH-USD,1911.3494873046875,1969.350830078125,1908.3714599609375,1925.06103515625,13529
2023-06-24,LSETH-USD,1924.964111328125,1934.6431884765625,1909.6466064453125,1918.2523193359375,513
2023-06-25,LSETH-USD,1918.4063720703125,1960.9381103515625,1910.8516845703125,1935.815185546875,306
2023-06-26,LSETH-USD,1935.7354736328125,1936.8057861328125,1881.0557861328125,1894.262451171875,1732
2023-06-27,LSETH-USD,1894.3079833984375,1932.0640869140625,1890.949951171875,1924.300048828125,673
2023-06-28,LSETH-USD,1924.316162109375,1924.5118408203125,1857.08837890625,1865.1756591796875,1593
2023-06-29,LSETH-USD,1865.140380859375,1909.379150390625,1865.140380859375,1888.2203369140625,4302
2023-06-30,LSETH-USD,1888.0067138671875,1977.7459716796875,1874.568603515625,1974.135009765625,774
2023-07-01,LSETH-USD,1974.18896484375,1978.0960693359375,1948.210693359375,1962.016357421875,3019
2023-07-02,LSETH-USD,1962.077392578125,1995.3541259765625,1936.297607421875,1971.900390625,12662
2023-07-03,LSETH-USD,1971.8427734375,2013.029052734375,1970.8841552734375,1992.9139404296875,858
2023-07-04,LSETH-USD,1992.8968505859375,2006.54833984375,1975.272216796875,1979.9383544921875,225756
2023-07-05,LSETH-USD,1980.0848388671875,1985.4190673828125,1938.7889404296875,1956.7711181640625,1290
2023-07-06,LSETH-USD,1956.767578125,1983.2008056640625,1897.911865234375,1898.74169921875,1250
2023-07-07,LSETH-USD,1898.35986328125,1913.8265380859375,1873.9561767578125,1908.1173095703125,2709
2023-07-08,LSETH-USD,1908.1075439453125,1911.194091796875,1885.8782958984375,1904.3214111328125,1726
2023-07-09,LSETH-USD,1904.4320068359375,1913.3599853515625,1897.8304443359375,1899.7994384765625,688
2023-07-10,LSETH-USD,1899.804443359375,1944.1192626953125,1890.311767578125,1921.0965576171875,65
2023-07-11,LSETH-USD,1921.1890869140625,1923.81494140625,1905.3603515625,1920.275146484375,1641
2023-07-12,LSETH-USD,1920.2752685546875,1939.1199951171875,1908.45556640625,1911.77734375,147
2023-07-13,LSETH-USD,1911.7811279296875,2054.17236328125,1908.0145263671875,2046.4263916015625,10549
2023-07-14,LSETH-USD,2049.0146484375,2059.302734375,1944.898681640625,1970.958740234375,6334
2023-07-15,LSETH-USD,1970.8988037109375,1987.8870849609375,1967.0670166015625,1973.750244140625,327
2023-07-16,LSETH-USD,1973.69677734375,1984.0238037109375,1963.3692626953125,1964.3126220703125,628
2023-07-17,LSETH-USD,1964.3702392578125,1976.2962646484375,1920.251953125,1928.1400146484375,5707
2023-07-18,LSETH-USD,1928.1400146484375,1956.199951171875,1925.43994140625,1946.1700439453125,70
2023-07-19,LSETH-USD,1946.1700439453125,1959.3800048828125,1900.0,1931.7130126953125,563401
2023-07-20,LSETH-USD,1931.679931640625,1967.8778076171875,1925.058837890625,1929.9603271484375,5645
2023-07-21,LSETH-USD,1930.087890625,1941.0899658203125,1923.9591064453125,1935.9549560546875,1239
2023-07-22,LSETH-USD,1935.967529296875,1937.9598388671875,1897.422607421875,1903.1998291015625,12121
2023-07-23,LSETH-USD,1903.429931640625,1940.43994140625,1902.42724609375,1929.9345703125,70
2023-07-24,LSETH-USD,1929.69970703125,1937.260009765625,1872.856689453125,1892.4473876953125,101665
2023-07-25,LSETH-USD,1892.46630859375,1906.27294921875,1888.436279296875,1902.665771484375,785
2023-07-26,LSETH-USD,1902.72607421875,1920.11083984375,1889.751953125,1912.9808349609375,97390
2023-07-27,LSETH-USD,1912.9942626953125,1927.6536865234375,1895.617919921875,1896.8985595703125,215
2023-07-28,LSETH-USD,1896.964111328125,1922.3819580078125,1896.964111328125,1918.7554931640625,1059
2023-07-29,LSETH-USD,1918.6895751953125,1928.7991943359375,1909.4569091796875,1926.9190673828125,413
2023-07-30,LSETH-USD,1926.9365234375,1927.223876953125,1896.775634765625,1903.1260986328125,1611
2023-07-31,LSETH-USD,1903.1085205078125,1915.979248046875,1897.1512451171875,1899.0521240234375,117104
2023-08-01,LSETH-USD,1899.0479736328125,1915.2938232421875,1860.9022216796875,1915.2938232421875,10002
2023-08-02,LSETH-USD,1915.217041015625,1917.235595703125,1871.4095458984375,1880.85791015625,262
2023-08-03,LSETH-USD,1880.9056396484375,1892.900634765625,1874.4554443359375,1876.3099365234375,39
2023-08-04,LSETH-USD,1876.22998046875,1890.3778076171875,1857.4129638671875,1868.5157470703125,1018
2023-08-05,LSETH-USD,1868.3740234375,1881.7227783203125,1867.0538330078125,1876.2266845703125,887
2023-08-06,LSETH-USD,1876.1905517578125,1878.802490234375,1867.4320068359375,1871.572998046875,55
2023-08-07,LSETH-USD,1871.549560546875,1878.9586181640625,1847.226318359375,1864.7752685546875,4010
2023-08-08,LSETH-USD,1864.73388671875,1914.5286865234375,1864.514404296875,1897.6695556640625,928
2023-08-09,LSETH-USD,1897.6470947265625,1905.72314453125,1888.72607421875,1893.8975830078125,2532
2023-08-10,LSETH-USD,1893.9964599609375,1903.460205078125,1885.7547607421875,1892.2371826171875,34269
2023-08-11,LSETH-USD,1892.1748046875,1898.400390625,1885.86181640625,1890.0404052734375,303203
2023-08-12,LSETH-USD,1890.073486328125,1894.6572265625,1887.5694580078125,1893.294921875,54822
2023-08-13,LSETH-USD,1893.3236083984375,1900.3155517578125,1879.461669921875,1884.11328125,765
2023-08-14,LSETH-USD,1884.089599609375,1890.158203125,1877.49853515625,1885.2161865234375,238
2023-08-15,LSETH-USD,1885.2493896484375,1889.015380859375,1866.950927734375,1867.11181640625,77
2023-08-16,LSETH-USD,1867.154052734375,1872.3167724609375,1843.2398681640625,1849.8148193359375,1262
2023-08-17,LSETH-USD,1849.773193359375,1850.064208984375,1609.362060546875,1727.7596435546875,1435912
2023-08-18,LSETH-USD,1727.860107421875,1739.1749267578125,1683.7598876953125,1699.4130859375,49567
2023-08-19,LSETH-USD,1699.4039306640625,1712.396728515625,1691.33349609375,1701.5438232421875,18645
2023-08-20,LSETH-USD,1701.5638427734375,1722.1021728515625,1699.896484375,1721.831298828125,13176
2023-08-21,LSETH-USD,1721.8358154296875,1722.1507568359375,1697.529541015625,1706.7982177734375,48019
2023-08-22,LSETH-USD,1706.9254150390625,1709.2164306640625,1630.2110595703125,1673.433837890625,86731
2023-08-23,LSETH-USD,1673.4422607421875,1736.5146484375,1670.2828369140625,1714.2164306640625,27933
2023-08-24,LSETH-USD,1714.259033203125,1718.0166015625,1681.412353515625,1701.2530517578125,35537
2023-08-25,LSETH-USD,1701.2713623046875,1702.52978515625,1681.0382080078125,1691.9097900390625,140091
2023-08-26,LSETH-USD,1691.844482421875,1694.36572265625,1683.3175048828125,1686.5118408203125,21203
2023-08-27,LSETH-USD,1686.516357421875,1698.830810546875,1686.247314453125,1698.25341796875,378
2023-08-28,LSETH-USD,1698.259033203125,1698.3076171875,1672.4654541015625,1683.489990234375,244
2023-08-29,LSETH-USD,1683.489990234375,1799.9404296875,1682.09716796875,1768.1451416015625,18698
2023-08-30,LSETH-USD,1768.154541015625,1768.5762939453125,1740.53955078125,1745.53857421875,20010
2023-08-31,LSETH-USD,1745.515869140625,1755.793212890625,1678.40380859375,1685.951416015625,390073
2023-09-01,LSETH-USD,1686.0135498046875,1696.345947265625,1645.01904296875,1667.6007080078125,20151
2023-09-02,LSETH-USD,1667.5828857421875,1684.2574462890625,1667.2784423828125,1678.338623046875,1678
2023-09-03,LSETH-USD,1678.37451171875,1687.280029296875,1668.863525390625,1682.9970703125,981
2023-09-04,LSETH-USD,1682.9342041015625,1683.0550537109375,1662.5107421875,1671.3963623046875,10262
2023-09-05,LSETH-USD,1671.41845703125,1678.448974609375,1656.514892578125,1674.05908203125,1343
2023-09-06,LSETH-USD,1674.16943359375,1696.6256103515625,1655.2607421875,1669.02880859375,137661
2023-09-07,LSETH-USD,1669.1163330078125,1697.0379638671875,1664.3121337890625,1687.275146484375,73423
2023-09-08,LSETH-USD,1687.3880615234375,1696.4757080078125,1667.6339111328125,1678.9490966796875,3296
2023-09-09,LSETH-USD,1678.988037109375,1679.17431640625,1670.4100341796875,1673.2659912109375,212
2023-09-10,LSETH-USD,1673.276123046875,1673.3480224609375,1646.5435791015625,1655.978515625,234251
2023-09-11,LSETH-USD,1655.9500732421875,1658.132080078125,1574.9840087890625,1587.8973388671875,53126
2023-09-12,LSETH-USD,1587.922119140625,1654.2677001953125,1587.285888671875,1631.6405029296875,70337
2023-09-13,LSETH-USD,1631.683349609375,1652.269287109375,1622.276611328125,1648.44384765625,35886
2023-09-14,LSETH-USD,1648.3936767578125,1684.64404296875,1648.3936767578125,1671.875244140625,2177
2023-09-15,LSETH-USD,1671.8555908203125,1697.4561767578125,1653.35009765625,1688.44091796875,144423
2023-09-16,LSETH-USD,1688.2646484375,1694.91748046875,1671.095703125,1679.1466064453125,279622
2023-09-17,LSETH-USD,1679.1358642578125,1679.1439208984375,1657.1087646484375,1661.40380859375,192779
2023-09-18,LSETH-USD,1661.3388671875,1712.1063232421875,1653.0994873046875,1682.025390625,218880
2023-09-19,LSETH-USD,1682.0850830078125,1695.0732421875,1675.3192138671875,1688.4822998046875,250
2023-09-20,LSETH-USD,1688.48681640625,1692.84228515625,1652.353271484375,1664.133056640625,1260
2023-09-21,LSETH-USD,1664.1063232421875,1664.9168701171875,1614.0804443359375,1626.8255615234375,9104
2023-09-22,LSETH-USD,1626.7816162109375,1640.400634765625,1622.914794921875,1632.06591796875,6511
2023-09-23,LSETH-USD,1631.9696044921875,1638.02001953125,1629.8699951171875,1634.962890625,1044
2023-09-24,LSETH-USD,1634.9833984375,1637.4571533203125,1623.517578125,1628.0997314453125,2416
2023-09-25,LSETH-USD,1628.1217041015625,1631.3299560546875,1612.067138671875,1630.239990234375,103
2023-09-26,LSETH-USD,1630.239990234375,1634.4300537109375,1624.1943359375,1632.294189453125,14563
2023-09-27,LSETH-USD,1632.3233642578125,1671.8670654296875,1631.0281982421875,1639.9088134765625,6347
2023-09-28,LSETH-USD,1639.859375,1712.2496337890625,1639.835205078125,1697.0091552734375,7567
2023-09-29,LSETH-USD,1697.0201416015625,1730.1151123046875,1692.9605712890625,1711.5338134765625,2573
2023-09-30,LSETH-USD,1711.551025390625,1731.071044921875,1710.9837646484375,1720.692138671875,1181
2023-10-01,LSETH-USD,1720.54443359375,1785.83544921875,1717.2730712890625,1778.376220703125,95468
2023-10-02,LSETH-USD,1778.26513671875,1787.80224609375,1690.7655029296875,1703.0823974609375,34795
2023-10-03,LSETH-USD,1702.91796875,1712.4334716796875,1689.4158935546875,1699.0709228515625,9765
2023-10-04,LSETH-USD,1699.12744140625,1699.3057861328125,1678.259521484375,1690.0535888671875,30546
2023-10-05,LSETH-USD,1690.08154296875,1697.6993408203125,1657.2294921875,1659.4527587890625,2926
2023-10-06,LSETH-USD,1659.3773193359375,1696.069580078125,1659.3773193359375,1690.033203125,6196
2023-10-07,LSETH-USD,1690.060791015625,1692.2401123046875,1674.63623046875,1676.077392578125,2497
2023-10-08,LSETH-USD,1676.0902099609375,1686.59619140625,1663.72314453125,1679.748291015625,14064
2023-10-09,LSETH-USD,1679.7109375,1680.638671875,1597.4512939453125,1624.1568603515625,30351
2023-10-10,LSETH-USD,1624.0858154296875,1633.22705078125,1599.490234375,1605.5133056640625,128432
2023-10-11,LSETH-USD,1605.4976806640625,1618.47314453125,1594.5894775390625,1606.5364990234375,21476
2023-10-12,LSETH-USD,1606.55615234375,1606.675048828125,1568.0650634765625,1580.0928955078125,16633
2023-10-13,LSETH-USD,1580.0531005859375,1614.0736083984375,1578.1619873046875,1596.11083984375,2279
2023-10-14,LSETH-USD,1596.1531982421875,1600.29052734375,1587.931640625,1597.922119140625,2377
2023-10-15,LSETH-USD,1597.845703125,1608.9515380859375,1595.2684326171875,1597.174072265625,89280
2023-10-16,LSETH-USD,1597.2333984375,1674.6845703125,1596.6781005859375,1639.27392578125,120674
2023-10-17,LSETH-USD,1639.229736328125,1639.3680419921875,1602.3431396484375,1605.374267578125,34297
2023-10-18,LSETH-USD,1605.34619140625,1622.8001708984375,1599.4334716796875,1605.661376953125,48647
2023-10-19,LSETH-USD,1605.626220703125,1612.8551025390625,1588.6962890625,1608.1053466796875,52992
2023-10-20,LSETH-USD,1608.10986328125,1671.0413818359375,1605.9205322265625,1649.8843994140625,19502
2023-10-21,LSETH-USD,1649.8155517578125,1685.5518798828125,1639.942138671875,1672.2137451171875,11863
2023-10-22,LSETH-USD,1672.212646484375,1709.7529296875,1668.47705078125,1706.832763671875,28112
2023-10-23,LSETH-USD,1717.6544189453125,1836.756591796875,1713.4691162109375,1812.2786865234375,485536
2023-10-24,LSETH-USD,1812.017578125,1895.7410888671875,1807.3271484375,1829.4676513671875,10667
2023-10-25,LSETH-USD,1829.7730712890625,1861.3616943359375,1813.8092041015625,1832.512451171875,96956
2023-10-26,LSETH-USD,1832.625244140625,1911.8453369140625,1816.244873046875,1848.8726806640625,36342
2023-10-27,LSETH-USD,1848.8768310546875,1848.95166015625,1799.8895263671875,1828.895751953125,31776
2023-10-28,LSETH-USD,1828.8046875,1847.6190185546875,1824.4215087890625,1825.515380859375,10467
2023-10-29,LSETH-USD,1825.5111083984375,1855.5780029296875,1815.3131103515625,1848.8865966796875,6880
2023-10-30,LSETH-USD,1848.8670654296875,1877.557861328125,1832.6241455078125,1858.5386962890625,373
2023-10-31,LSETH-USD,1858.53564453125,1866.3277587890625,1834.5140380859375,1856.468994140625,185
2023-11-01,LSETH-USD,1856.452880859375,1908.8065185546875,1837.6263427734375,1894.1500244140625,6224
2023-11-02,LSETH-USD,1894.197509765625,1923.9256591796875,1840.3033447265625,1847.8072509765625,2886
2023-11-03,LSETH-USD,1847.722900390625,1887.4691162109375,1830.6826171875,1886.9971923828125,144289
2023-11-04,LSETH-USD,1887.00146484375,1918.908203125,1878.8017578125,1914.5615234375,5386
2023-11-05,LSETH-USD,1914.5556640625,1964.57373046875,1910.78125,1937.7540283203125,9638
2023-11-06,LSETH-USD,1937.75048828125,1962.3460693359375,1934.098876953125,1954.689697265625,23505
2023-11-07,LSETH-USD,1954.685791015625,1961.4200439453125,1905.606689453125,1941.55029296875,314839
2023-11-08,LSETH-USD,1941.548583984375,1957.3349609375,1934.49365234375,1944.37109375,28
2023-11-09,LSETH-USD,1944.30224609375,2187.292724609375,1941.8433837890625,2186.11328125,361294
2023-11-10,LSETH-USD,2185.93359375,2211.382568359375,2130.267822265625,2142.36474609375,39015
2023-11-11,LSETH-USD,2142.312744140625,2150.740966796875,2105.43017578125,2110.130126953125,32000
2023-11-12,LSETH-USD,2110.189453125,2125.7900390625,2081.35400390625,2104.642578125,5654
2023-11-13,LSETH-USD,2104.857177734375,2174.28076171875,2092.4482421875,2118.499267578125,11285
2023-11-14,LSETH-USD,2118.15087890625,2124.742431640625,2000.0582275390625,2041.6536865234375,167464
2023-11-15,LSETH-USD,2041.625244140625,2118.12646484375,2029.3101806640625,2115.3359375,1481
2023-11-16,LSETH-USD,2115.5283203125,2151.505859375,2002.9237060546875,2020.8074951171875,303815
2023-11-17,LSETH-USD,2021.0845947265625,2052.347412109375,1969.00537109375,2020.432861328125,143775
2023-11-18,LSETH-USD,2020.5465087890625,2026.997314453125,1978.3323974609375,2018.3546142578125,115444
2023-11-19,LSETH-USD,2018.3768310546875,2073.83349609375,2006.0660400390625,2073.0693359375,1687
2023-11-20,LSETH-USD,2073.07763671875,2125.499267578125,2060.18359375,2086.9931640625,123336
2023-11-21,LSETH-USD,2086.959228515625,2092.681396484375,1996.8233642578125,2000.6898193359375,13747
2023-11-22,LSETH-USD,2000.5462646484375,2151.252197265625,1998.25048828125,2124.752197265625,26449
2023-11-23,LSETH-USD,2124.556396484375,2141.2255859375,2104.778076171875,2127.4873046875,2015
2023-11-24,LSETH-USD,2127.5224609375,2191.99853515625,2123.94140625,2139.184814453125,45273
2023-11-25,LSETH-USD,2139.19287109375,2152.212890625,2131.680419921875,2142.91552734375,245
2023-11-26,LSETH-USD,2142.873779296875,2155.647705078125,2102.240234375,2127.687744140625,81750
2023-11-27,LSETH-USD,2127.311279296875,2130.042236328125,2050.40576171875,2087.480712890625,2531
2023-11-28,LSETH-USD,2087.4287109375,2137.22216796875,2065.7333984375,2117.993896484375,17289
2023-11-29,LSETH-USD,2118.010498046875,2135.081787109375,2084.115234375,2092.930908203125,23991
2023-11-30,LSETH-USD,2092.947021484375,2116.431396484375,2085.74462890625,2116.18310546875,912
2023-12-01,LSETH-USD,2116.1669921875,2171.237060546875,2113.63623046875,2154.586669921875,20143
2023-12-02,LSETH-USD,2154.61962890625,2245.139404296875,2154.61962890625,2236.05810546875,49039
2023-12-03,LSETH-USD,2235.920654296875,2258.55712890625,2219.508544921875,2257.75048828125,5532
2023-12-04,LSETH-USD,2257.75439453125,2365.83837890625,2257.646484375,2310.85888671875,6141
2023-12-05,LSETH-USD,2310.969970703125,2369.78466796875,2259.4072265625,2369.445556640625,25894
2023-12-06,LSETH-USD,2369.68505859375,2379.1171875,2296.1484375,2298.234619140625,100680
2023-12-07,LSETH-USD,2298.921630859375,2458.3388671875,2298.921630859375,2430.531005859375,10498
2023-12-08,LSETH-USD,2430.64013671875,2462.899658203125,2418.898681640625,2434.407470703125,13708
2023-12-09,LSETH-USD,2434.45556640625,2471.552734375,2410.847900390625,2413.18212890625,120928
2023-12-10,LSETH-USD,2413.3427734375,2451.143798828125,2402.20166015625,2428.366455078125,8977
2023-12-11,LSETH-USD,2428.500244140625,2429.727783203125,2232.483642578125,2295.990478515625,15416
2023-12-12,LSETH-USD,2296.11865234375,2314.08154296875,2245.40478515625,2276.41357421875,105971
2023-12-13,LSETH-USD,2276.423583984375,2355.4736328125,2224.485595703125,2338.03271484375,2038
2023-12-14,LSETH-USD,2337.800537109375,2407.593505859375,2325.559814453125,2396.695556640625,347480
2023-12-15,LSETH-USD,2396.56640625,2396.681884765625,2290.505615234375,2296.560302734375,2128
2023-12-16,LSETH-USD,2296.6171875,2350.548828125,2288.738525390625,2306.73095703125,38034
2023-12-17,LSETH-USD,2306.74609375,2320.268310546875,2271.130126953125,2271.186767578125,2453
2023-12-18,LSETH-USD,2270.8876953125,2296.954345703125,2193.275146484375,2294.771728515625,220330
2023-12-19,LSETH-USD,2294.87939453125,2325.283935546875,2214.664306640625,2250.703369140625,7124
2023-12-20,LSETH-USD,2250.53955078125,2340.838623046875,2241.365478515625,2274.48583984375,200939
2023-12-21,LSETH-USD,2274.68115234375,2356.316650390625,2262.99560546875,2317.3935546875,11107
2023-12-22,LSETH-USD,2317.38671875,2421.04296875,2314.121337890625,2402.92333984375,18958
2023-12-23,LSETH-USD,2402.818359375,2407.213134765625,2350.791015625,2391.741943359375,18617
2023-12-24,LSETH-USD,2391.681640625,2405.60888671875,2332.440185546875,2347.899169921875,7083
2023-12-25,LSETH-USD,2348.008544921875,2385.345458984375,2338.273193359375,2355.96923828125,27403
2023-12-26,LSETH-USD,2355.932861328125,2355.932861328125,2267.463134765625,2311.5634765625,19728
2023-12-27,LSETH-USD,2311.621826171875,2473.122314453125,2293.310546875,2465.55419921875,36717
2023-12-28,LSETH-USD,2465.896484375,2532.5107421875,2425.0595703125,2432.861328125,154491
2023-12-29,LSETH-USD,2432.85791015625,2467.509033203125,2346.714111328125,2379.67138671875,20182
2023-12-30,LSETH-USD,2379.630126953125,2396.9599609375,2345.505859375,2378.818603515625,184738
2023-12-31,LSETH-USD,2378.4228515625,2397.642578125,2340.078369140625,2356.01171875,1143
2024-01-01,LSETH-USD,2366.481201171875,2434.7099609375,2347.7666015625,2434.7099609375,5043
2024-01-02,LSETH-USD,2434.723876953125,2515.939453125,2434.670166015625,2439.474609375,10809
2024-01-03,LSETH-USD,2439.474609375,2468.19873046875,2174.234619140625,2293.861083984375,122243
2024-01-04,LSETH-USD,2293.958251953125,2375.08740234375,2287.48681640625,2374.183837890625,4276
2024-01-05,LSETH-USD,2374.1591796875,2374.2080078125,2287.07666015625,2348.289794921875,6226
2024-01-06,LSETH-USD,2348.289794921875,2348.4306640625,2292.751220703125,2311.950439453125,792
2024-01-07,LSETH-USD,2312.1826171875,2329.419677734375,2286.4228515625,2295.513916015625,7370
2024-01-08,LSETH-USD,2295.50732421875,2440.451904296875,2246.887939453125,2418.7919921875,1951
2024-01-09,LSETH-USD,2418.682861328125,2450.5029296875,2323.821044921875,2427.992431640625,330482
2024-01-10,LSETH-USD,2428.74462890625,2721.69287109375,2426.7490234375,2678.74072265625,127912
2024-01-11,LSETH-USD,2678.066650390625,2782.302734375,2654.138671875,2706.07421875,404071
2024-01-12,LSETH-USD,2706.07421875,2800.14794921875,2548.27490234375,2612.018798828125,141584
2024-01-13,LSETH-USD,2611.40673828125,2675.186767578125,2584.060302734375,2673.26416015625,605
2024-01-14,LSETH-USD,2673.37353515625,2673.3779296875,2564.668212890625,2565.562255859375,2672
2024-01-15,LSETH-USD,2565.474609375,2639.84912109375,2564.512451171875,2602.2783203125,155292
2024-01-16,LSETH-USD,2597.837646484375,2707.113525390625,2587.78173828125,2679.55712890625,114378
2024-01-17,LSETH-USD,2680.87158203125,2684.778564453125,2601.130615234375,2620.94970703125,76103
2024-01-18,LSETH-USD,2620.94970703125,2636.773193359375,2520.28125,2557.866943359375,7064
2024-01-19,LSETH-USD,2558.072021484375,2586.421875,2508.27587890625,2580.17822265625,24594
2024-01-20,LSETH-USD,2580.157958984375,2580.157958984375,2545.681396484375,2561.918701171875,81897
2024-01-21,LSETH-USD,2562.191162109375,2573.196044921875,2544.199462890625,2544.26611328125,3278
2024-01-22,LSETH-USD,2544.2880859375,2547.541015625,2393.71337890625,2416.284423828125,3066
2024-01-23,LSETH-USD,2416.284423828125,2436.195068359375,2254.842529296875,2320.91748046875,265765
2024-01-24,LSETH-USD,2321.945068359375,2341.954833984375,2283.89599609375,2316.869873046875,30879
2024-01-25,LSETH-USD,2317.256591796875,2325.1865234375,2255.12548828125,2301.255615234375,29382
2024-01-26,LSETH-USD,2301.255615234375,2355.74951171875,2280.685791015625,2345.620361328125,8120
2024-01-27,LSETH-USD,2345.61767578125,2361.168212890625,2336.00634765625,2352.63623046875,37445
2024-01-28,LSETH-USD,2352.76513671875,2390.469970703125,2330.04638671875,2331.5712890625,203
2024-01-29,LSETH-USD,2331.5712890625,2402.324462890625,2321.420166015625,2402.324462890625,971
2024-01-30,LSETH-USD,2402.324462890625,2479.5478515625,2388.96533203125,2434.62255859375,44786
2024-01-31,LSETH-USD,2434.62255859375,2577.088623046875,2357.480224609375,2374.514404296875,2074928
2024-02-01,LSETH-USD,2374.71826171875,2398.702880859375,2334.981201171875,2394.62548828125,90228
2024-02-02,LSETH-USD,2394.62548828125,2413.799072265625,2372.777587890625,2393.9169921875,45348
2024-02-03,LSETH-USD,2393.870361328125,2404.572265625,2384.054931640625,2386.2177734375,18194
2024-02-04,LSETH-USD,2386.587158203125,2399.618896484375,2362.400146484375,2380.419677734375,17993
2024-02-05,LSETH-USD,2380.5712890625,2425.5,2358.58984375,2390.817626953125,17746
2024-02-06,LSETH-USD,2390.56005859375,2477.68310546875,2388.23486328125,2466.620849609375,17068
2024-02-07,LSETH-USD,2466.82177734375,2535.16455078125,2449.177734375,2522.185302734375,3603
2024-02-08,LSETH-USD,2522.209228515625,2554.1201171875,2513.456787109375,2523.6357421875,1117
2024-02-09,LSETH-USD,2523.63623046875,2622.31396484375,2518.8095703125,2591.611083984375,6529
2024-02-10,LSETH-USD,2591.604736328125,2615.4560546875,2572.925048828125,2613.899658203125,780
2024-02-11,LSETH-USD,2613.858154296875,2625.000732421875,2600.136474609375,2612.5205078125,771
2024-02-12,LSETH-USD,2612.55224609375,2762.46337890625,2574.451904296875,2761.18896484375,2581
2024-02-13,LSETH-USD,2761.17431640625,2787.33544921875,2711.4794921875,2739.856689453125,10216
2024-02-14,LSETH-USD,2739.708251953125,2893.51123046875,2725.694580078125,2879.17822265625,1269
2024-02-15,LSETH-USD,2879.160888671875,2982.162353515625,2878.840576171875,2917.239013671875,5937
2024-02-16,LSETH-USD,2917.239013671875,2968.060791015625,2875.527587890625,2914.194091796875,32481
2024-02-17,LSETH-USD,2914.194091796875,2916.303955078125,2833.0458984375,2897.66015625,24406
2024-02-18,LSETH-USD,2897.87158203125,2999.379150390625,2878.220703125,2992.1259765625,1313
2024-02-19,LSETH-USD,2992.716064453125,3097.238525390625,2979.490966796875,3073.653076171875,8492
2024-02-20,LSETH-USD,3073.708251953125,3130.93115234375,2995.8623046875,3130.6884765625,8466
2024-02-21,LSETH-USD,3130.73486328125,3132.256103515625,2989.902099609375,3093.025390625,3960
2024-02-22,LSETH-USD,3092.978271484375,3148.52294921875,3028.763916015625,3095.091064453125,16552
2024-02-23,LSETH-USD,3095.0888671875,3109.171142578125,3026.408203125,3033.953125,230207
2024-02-24,LSETH-USD,3034.11083984375,3129.147216796875,3027.186767578125,3115.80126953125,121429
2024-02-25,LSETH-USD,3116.438720703125,3248.446044921875,3109.705078125,3243.43408203125,9225
2024-02-26,LSETH-USD,3243.586669921875,3329.840576171875,3168.2509765625,3305.267578125,3196
2024-02-27,LSETH-USD,3305.2421875,3412.90087890625,3305.001220703125,3379.99365234375,24744
2024-02-28,LSETH-USD,3379.95458984375,3635.6005859375,3363.583740234375,3514.584716796875,88953
2024-02-29,LSETH-USD,3514.731689453125,3668.542236328125,3440.077392578125,3488.053466796875,18612
2024-03-01,LSETH-USD,3486.2578125,3606.794677734375,3485.58447265625,3566.03759765625,5281
2024-03-02,LSETH-USD,3566.056640625,3685.2861328125,3539.826171875,3565.587890625,10307
2024-03-03,LSETH-USD,3565.89990234375,3670.208251953125,3499.483642578125,3670.208251953125,12366
2024-03-04,LSETH-USD,3670.517333984375,3789.960693359375,3605.796630859375,3783.533935546875,31720
2024-03-05,LSETH-USD,3783.6259765625,3982.885986328125,3395.526123046875,3694.513916015625,99843
2024-03-06,LSETH-USD,3694.513916015625,4062.103271484375,3669.833740234375,3976.3271484375,8289
2024-03-07,LSETH-USD,3976.3271484375,4104.51123046875,3907.435302734375,4035.218505859375,36381
2024-03-08,LSETH-USD,4035.218505859375,4166.12841796875,3995.841064453125,4146.10986328125,5468
2024-03-09,LSETH-USD,4146.10986328125,4180.173828125,4039.519775390625,4079.536865234375,8470
2024-03-10,LSETH-USD,4079.536865234375,4127.9287109375,3969.3125,4053.297119140625,11559
2024-03-11,LSETH-USD,4053.297119140625,4281.40234375,3905.142578125,4244.89453125,15486
2024-03-12,LSETH-USD,4244.89453125,4265.216796875,3998.717529296875,4150.92919921875,14815
2024-03-13,LSETH-USD,4150.92919921875,4245.5771484375,4087.673828125,4178.220703125,3626
2024-03-14,LSETH-USD,4178.220703125,4180.2724609375,3881.909912109375,4044.515869140625,14130
2024-03-15,LSETH-USD,4044.515869140625,4086.067626953125,3728.644775390625,3886.7822265625,29269
2024-03-16,LSETH-USD,3886.7822265625,3936.113037109375,3622.29443359375,3670.098876953125,22816
2024-03-17,LSETH-USD,3670.098876953125,3840.649169921875,3567.611572265625,3826.2880859375,16110
2024-03-18,LSETH-USD,3824.5791015625,3846.07421875,3621.80078125,3677.7041015625,4942
2024-03-19,LSETH-USD,3677.7041015625,3680.870849609375,3277.197998046875,3308.810546875,61988
2024-03-20,LSETH-USD,3308.810546875,3675.37548828125,3203.298095703125,3664.0751953125,51790
2024-03-21,LSETH-USD,3664.0751953125,3727.0673828125,3563.195068359375,3641.098876953125,21074
2024-03-22,LSETH-USD,3640.709228515625,3687.43701171875,3308.419189453125,3474.625732421875,125256
2024-03-23,LSETH-USD,3474.625732421875,3567.179931640625,3397.458984375,3445.541748046875,260997
2024-03-24,LSETH-USD,3445.541748046875,3605.285888671875,3416.37548828125,3594.247314453125,27621
2024-03-25,LSETH-USD,3594.9287109375,3794.388671875,3562.26171875,3740.911376953125,53348
2024-03-26,LSETH-USD,3740.911376953125,3819.01806640625,3692.298583984375,3734.60791015625,47051
2024-03-27,LSETH-USD,3734.60791015625,3811.9697265625,3601.264404296875,3648.546142578125,31603
2024-03-28,LSETH-USD,3646.821533203125,3758.455322265625,3598.633544921875,3707.065673828125,46513
2024-03-29,LSETH-USD,3707.065673828125,3747.19091796875,3626.61083984375,3657.004638671875,15845
2024-03-30,LSETH-USD,3657.004638671875,3709.13671875,3628.97412109375,3652.7412109375,16902
2024-03-31,LSETH-USD,3652.7412109375,3811.457275390625,3652.492919921875,3798.095947265625,141478
2024-04-01,LSETH-USD,3798.856201171875,3798.856201171875,3572.851806640625,3656.7685546875,15341
2024-04-02,LSETH-USD,3656.7685546875,3658.49755859375,3362.451171875,3413.798095703125,113754
2024-04-03,LSETH-USD,3419.06494140625,3506.3603515625,3370.67626953125,3463.639404296875,172018
2024-04-04,LSETH-USD,3463.639404296875,3590.734375,3408.755859375,3480.84912109375,21425
2024-04-05,LSETH-USD,3480.84912109375,3482.00146484375,3360.741455078125,3456.159423828125,8176
2024-04-06,LSETH-USD,3456.159423828125,3541.738037109375,3455.997802734375,3520.435791015625,191
2024-04-07,LSETH-USD,3520.435791015625,3607.70751953125,3497.917724609375,3606.425537109375,1756
2024-04-08,LSETH-USD,3606.425537109375,3887.60986328125,3567.537841796875,3874.64453125,8166
2024-04-09,LSETH-USD,3874.64453125,3876.267578125,3623.475830078125,3650.113525390625,75860
2024-04-10,LSETH-USD,3650.113525390625,3757.27001953125,3558.36865234375,3697.879638671875,28572
2024-04-11,LSETH-USD,3697.879638671875,3775.5400390625,3635.796875,3664.901611328125,3399
2024-04-12,LSETH-USD,3664.901611328125,3786.473388671875,3266.723876953125,3374.13818359375,48066
2024-04-13,LSETH-USD,3374.18701171875,3445.85986328125,2994.154052734375,3149.75830078125,93274
2024-04-14,LSETH-USD,3149.75830078125,3310.616455078125,3062.03662109375,3309.571533203125,5223
2024-04-15,LSETH-USD,3309.571533203125,3408.37646484375,3185.648681640625,3257.650634765625,2428
2024-04-16,LSETH-USD,3257.650634765625,3262.924560546875,3134.438232421875,3229.606201171875,1457
2024-04-17,LSETH-USD,3229.606201171875,3244.7958984375,3051.7275390625,3125.8818359375,790
2024-04-18,LSETH-USD,3125.8818359375,3224.87548828125,3107.668212890625,3202.132080078125,43574
2024-04-19,LSETH-USD,3202.132080078125,3259.640380859375,3016.83740234375,3208.387939453125,2877
2024-04-20,LSETH-USD,3208.387939453125,3303.334716796875,3165.005126953125,3290.685302734375,537
2024-04-21,LSETH-USD,3290.685302734375,3330.3212890625,3276.765625,3303.409912109375,1154
2024-04-22,LSETH-USD,3303.409912109375,3427.38037109375,3292.315673828125,3340.235107421875,1519
2024-04-23,LSETH-USD,3340.423583984375,3394.7587890625,3297.523681640625,3364.09130859375,939
2024-04-24,LSETH-USD,3364.09130859375,3417.753662109375,3272.896484375,3284.052734375,4041
2024-04-25,LSETH-USD,3284.001708984375,3332.75927734375,3257.0615234375,3307.793701171875,824
2024-04-26,LSETH-USD,3307.264892578125,3309.46728515625,3252.25341796875,3271.109619140625,12357
2024-04-27,LSETH-USD,3271.109619140625,3415.7978515625,3230.426513671875,3400.160400390625,8623
2024-04-28,LSETH-USD,3400.160400390625,3496.18798828125,3397.7392578125,3410.90478515625,17873
2024-04-29,LSETH-USD,3410.90478515625,3431.974609375,3271.71826171875,3369.36474609375,4329
2024-04-30,LSETH-USD,3369.328857421875,3597.45947265625,3099.5458984375,3174.024658203125,52540
2024-05-01,LSETH-USD,3174.024658203125,3175.076904296875,2972.12841796875,3104.677490234375,4650
2024-05-02,LSETH-USD,3104.677490234375,3150.000732421875,3048.936767578125,3132.180419921875,729
2024-05-03,LSETH-USD,3132.180419921875,3263.36572265625,2928.44921875,3248.1728515625,3672
2024-05-04,LSETH-USD,3248.1728515625,3310.687255859375,3247.17626953125,3272.161865234375,166
2024-05-05,LSETH-USD,3272.161865234375,3302.19091796875,3221.188232421875,3290.369140625,239
2024-05-06,LSETH-USD,3290.369140625,3364.073486328125,3197.184814453125,3203.72607421875,12357
2024-05-07,LSETH-USD,3203.72607421875,3263.591796875,3140.033203125,3145.595947265625,1929
2024-05-08,LSETH-USD,3145.595947265625,3169.5927734375,3103.8369140625,3113.973876953125,1730
2024-05-09,LSETH-USD,3113.973876953125,3191.734619140625,3104.900390625,3176.04443359375,5807
2024-05-10,LSETH-USD,3175.657958984375,3189.759033203125,3027.66455078125,3032.60595703125,66849
2024-05-11,LSETH-USD,3032.607177734375,3074.07373046875,3026.758056640625,3049.939208984375,667
2024-05-12,LSETH-USD,3050.24609375,3087.588623046875,3029.190673828125,3068.42333984375,2009
2024-05-13,LSETH-USD,3068.42333984375,3125.913330078125,2997.0888671875,3076.911376953125,3076
2024-05-14,LSETH-USD,3076.90673828125,3085.775634765625,3010.7841796875,3018.08154296875,347
2024-05-15,LSETH-USD,3018.08154296875,3158.89453125,3004.55078125,3158.170654296875,2059
2024-05-16,LSETH-USD,3158.170654296875,3181.19873046875,3065.18212890625,3083.901123046875,402
2024-05-17,LSETH-USD,3083.833251953125,3262.490478515625,3078.923095703125,3236.731689453125,552
2024-05-18,LSETH-USD,3236.731689453125,3288.269775390625,3233.902587890625,3267.376708984375,798
2024-05-19,LSETH-USD,3267.376708984375,3268.314453125,3196.84765625,3213.27880859375,406
2024-05-20,LSETH-USD,3212.955810546875,3886.75,3193.563720703125,3878.079345703125,14230
2024-05-21,LSETH-USD,3878.456787109375,4069.236083984375,3795.93359375,3984.918212890625,88961
2024-05-22,LSETH-USD,3984.918212890625,3993.22900390625,3838.48486328125,3915.91455078125,7924
2024-05-23,LSETH-USD,3915.91455078125,4132.96728515625,3859.660888671875,3926.502685546875,7701
2024-05-24,LSETH-USD,3926.502685546875,3954.448486328125,3837.512939453125,3904.279541015625,199
2024-05-25,LSETH-USD,3904.279541015625,4058.216064453125,3840.18359375,3929.193359375,8332
2024-05-26,LSETH-USD,3929.193359375,4056.98388671875,3915.614013671875,4003.814208984375,6218
2024-05-27,LSETH-USD,4003.814208984375,4156.58447265625,4003.255859375,4069.56591796875,1355
2024-05-28,LSETH-USD,4069.56591796875,4097.9462890625,3977.54736328125,4030.94873046875,4074
2024-05-29,LSETH-USD,4030.94873046875,4060.603271484375,3915.565673828125,3936.605712890625,16706
2024-05-30,LSETH-USD,3947.02099609375,3999.27099609375,3896.449462890625,3935.9638671875,3821
2024-05-31,LSETH-USD,3935.9638671875,4020.128662109375,3897.13232421875,3948.076904296875,481062
2024-06-01,LSETH-USD,3948.076904296875,4000.447509765625,3941.003662109375,4000.005859375,488634
2024-06-02,LSETH-USD,4000.005859375,4020.6611328125,3936.511962890625,3964.6796875,954
2024-06-03,LSETH-USD,3964.6796875,4037.32763671875,3937.80712890625,3956.235595703125,892
2024-06-04,LSETH-USD,3956.235595703125,4008.765625,3904.88623046875,4006.617919921875,25767
2024-06-05,LSETH-USD,4006.617919921875,4045.379638671875,3976.653564453125,4021.448486328125,42813
2024-06-06,LSETH-USD,4021.448486328125,4036.075439453125,3996.86474609375,3998.34423828125,14521
2024-06-07,LSETH-USD,3998.34423828125,4018.353515625,3185.388427734375,3886.484375,29833
2024-06-08,LSETH-USD,3886.30615234375,3889.633544921875,3875.0166015625,3880.647705078125,20122
2024-06-09,LSETH-USD,3880.643798828125,3895.368896484375,3880.48779296875,3891.881103515625,19558
2024-06-10,LSETH-USD,3891.888427734375,3894.796142578125,3848.99072265625,3851.632568359375,19754
2024-06-11,LSETH-USD,3851.63623046875,3870.9111328125,3605.07080078125,3635.92724609375,472718
2024-06-12,LSETH-USD,3635.89501953125,3777.76708984375,3619.735595703125,3717.4189453125,37418
2024-06-13,LSETH-USD,3717.015869140625,3717.900634765625,3601.47705078125,3629.464599609375,20781
2024-06-14,LSETH-USD,3629.175537109375,3688.096923828125,3529.142822265625,3629.16162109375,16825
2024-06-15,LSETH-USD,3629.07470703125,3746.961669921875,3624.665283203125,3733.297607421875,24219
2024-06-16,LSETH-USD,3733.71484375,3749.65087890625,3715.5068359375,3715.8544921875,59721
2024-06-17,LSETH-USD,3715.87646484375,3718.341064453125,3604.720703125,3614.177001953125,220782
2024-06-18,LSETH-USD,3613.662841796875,3616.8310546875,3471.84423828125,3612.676513671875,7559
2024-06-19,LSETH-USD,3612.676513671875,3704.832275390625,3612.344482421875,3665.160400390625,16219
2024-06-20,LSETH-USD,3665.160400390625,3724.11962890625,3607.885498046875,3627.10546875,13632
2024-06-21,LSETH-USD,3627.092041015625,3694.397216796875,3597.709228515625,3682.994384765625,172850
2024-06-22,LSETH-USD,3682.847900390625,3684.266357421875,3646.418701171875,3652.953857421875,16807
2024-06-23,LSETH-USD,3652.91748046875,3666.859619140625,3573.5078125,3577.419189453125,97903
2024-06-24,LSETH-USD,3577.180908203125,3586.941650390625,3403.25537109375,3507.760498046875,36077
2024-06-25,LSETH-USD,3507.94921875,3574.684326171875,3497.46923828125,3558.597900390625,29491
2024-06-26,LSETH-USD,3558.472412109375,3578.141357421875,3485.132568359375,3526.4853515625,16469
2024-06-27,LSETH-USD,3526.4423828125,3580.328369140625,3524.59033203125,3566.959228515625,9846
2024-06-28,LSETH-USD,3566.956787109375,3626.359130859375,3543.057861328125,3545.719482421875,22386
2024-06-29,LSETH-USD,3545.74853515625,3552.204345703125,3532.195556640625,3536.737548828125,14481
2024-06-30,LSETH-USD,3536.774169921875,3570.280029296875,3521.208251953125,3568.560302734375,14504
2024-07-01,LSETH-USD,3568.490966796875,3647.580078125,3564.42333984375,3598.004638671875,27347
2024-07-02,LSETH-USD,3597.5888671875,3619.404541015625,3565.858642578125,3584.12353515625,24995
2024-07-03,LSETH-USD,3584.111328125,3593.374267578125,3460.04443359375,3478.551513671875,154507
2024-07-04,LSETH-USD,3482.593017578125,3488.6103515625,3201.860107421875,3201.860107421875,84314
2024-07-05,LSETH-USD,3202.1669921875,3245.109619140625,2966.88134765625,3135.356689453125,269515
2024-07-06,LSETH-USD,3135.077392578125,3241.662109375,3102.8017578125,3226.145263671875,10822
2024-07-07,LSETH-USD,3226.01806640625,3311.16259765625,3116.818359375,3119.233642578125,9644
2024-07-08,LSETH-USD,3119.669189453125,3249.9892578125,3031.460205078125,3173.966552734375,224395
2024-07-09,LSETH-USD,3173.510009765625,3257.15576171875,3165.355224609375,3208.9443359375,85835
2024-07-10,LSETH-USD,3209.16455078125,3291.329345703125,3178.304443359375,3249.4013671875,25779
2024-07-11,LSETH-USD,3249.40966796875,3343.768310546875,3213.1455078125,3255.761962890625,43314
2024-07-12,LSETH-USD,3255.426513671875,3312.7216796875,3203.741455078125,3286.154541015625,25421
2024-07-13,LSETH-USD,3286.154052734375,3354.34033203125,3276.783203125,3347.857666015625,19536
2024-07-14,LSETH-USD,3347.857666015625,3432.416015625,3330.082763671875,3427.1572265625,14773
2024-07-15,LSETH-USD,3427.156982421875,3668.725830078125,3407.934326171875,3662.48974609375,37819
2024-07-16,LSETH-USD,3663.10009765625,3670.7392578125,3531.020263671875,3622.193603515625,38634
2024-07-17,LSETH-USD,3622.46044921875,3682.278076171875,3557.51220703125,3566.017333984375,23342
2024-07-18,LSETH-USD,3565.65185546875,3649.13671875,3563.245361328125,3603.733642578125,18805
2024-07-19,LSETH-USD,3603.7109375,3706.493408203125,3566.154296875,3695.988037109375,18996
2024-07-20,LSETH-USD,3695.988037109375,3719.373779296875,3666.126953125,3703.106201171875,25727
2024-07-21,LSETH-USD,3703.106201171875,3705.295654296875,3623.848388671875,3703.2998046875,28271
2024-07-22,LSETH-USD,3703.2998046875,3705.14697265625,3609.74609375,3614.98388671875,44130
2024-07-23,LSETH-USD,3614.98388671875,3712.98583984375,3576.28857421875,3657.177734375,57459
2024-07-24,LSETH-USD,3657.177734375,3662.6923828125,3490.434326171875,3504.171875,59931
2024-07-25,LSETH-USD,3504.171875,3507.006103515625,3248.45751953125,3332.913330078125,61426
2024-07-26,LSETH-USD,3332.913330078125,3447.432861328125,3332.104248046875,3441.322265625,40918
2024-07-27,LSETH-USD,3441.322265625,3486.730712890625,3371.755615234375,3425.532470703125,24427
2024-07-28,LSETH-USD,3425.532470703125,3433.98291015625,3371.572998046875,3431.97265625,19692
2024-07-29,LSETH-USD,3431.9677734375,3561.58935546875,3429.597412109375,3482.501708984375,25024
2024-07-30,LSETH-USD,3482.501708984375,3525.218994140625,3403.74853515625,3442.611083984375,23612
2024-07-31,LSETH-USD,3442.611083984375,3510.76611328125,3380.095703125,3393.07861328125,24433
2024-08-01,LSETH-USD,3393.07861328125,3400.58154296875,3241.0283203125,3365.434326171875,26923
2024-08-02,LSETH-USD,3365.434326171875,3374.545166015625,3129.814208984375,3144.630859375,212952
2024-08-03,LSETH-USD,3144.630859375,3172.836181640625,3023.6455078125,3060.888916015625,86562
2024-08-04,LSETH-USD,3060.888916015625,3084.841064453125,2817.3330078125,2829.7197265625,54454
2024-08-05,LSETH-USD,2829.7197265625,2837.309814453125,2313.475341796875,2560.425537109375,242211
2024-08-06,LSETH-USD,2559.594970703125,2690.3896484375,2559.287353515625,2592.953369140625,49088
2024-08-07,LSETH-USD,2592.953369140625,2683.945068359375,2447.116455078125,2465.670654296875,81119
2024-08-08,LSETH-USD,2465.670654296875,2857.7978515625,2458.74609375,2832.6611328125,136215
2024-08-09,LSETH-USD,2832.6611328125,2847.03369140625,2701.975341796875,2744.6025390625,88377
2024-08-10,LSETH-USD,2744.6025390625,2786.427490234375,2727.373291015625,2750.661865234375,31883
2024-08-11,LSETH-USD,2750.6650390625,2855.823974609375,2689.702880859375,2696.847900390625,48880
2024-08-12,LSETH-USD,2696.85107421875,2890.09619140625,2659.68798828125,2887.293212890625,91266
2024-08-13,LSETH-USD,2887.293212890625,2890.33203125,2759.267822265625,2852.009521484375,110338
2024-08-14,LSETH-USD,2852.145263671875,2916.155029296875,2793.263671875,2817.2646484375,27307
2024-08-15,LSETH-USD,2817.2646484375,2821.322265625,2668.997802734375,2714.978515625,44121
2024-08-16,LSETH-USD,2714.978515625,2770.943359375,2701.37890625,2742.145263671875,41378
2024-08-17,LSETH-USD,2742.145263671875,2769.798095703125,2739.80029296875,2756.297119140625,25446
2024-08-18,LSETH-USD,2756.297119140625,2826.98486328125,2742.5615234375,2767.493896484375,23013
2024-08-19,LSETH-USD,2767.493896484375,2793.771484375,2716.209228515625,2771.215576171875,22418
2024-08-20,LSETH-USD,2771.215576171875,2842.809814453125,2713.01611328125,2734.574462890625,93052
2024-08-21,LSETH-USD,2724.439208984375,2809.9677734375,2687.1259765625,2778.063232421875,171584
2024-08-22,LSETH-USD,2778.21826171875,2789.069580078125,2732.495361328125,2766.050537109375,66824
2024-08-23,LSETH-USD,2765.978515625,2941.2578125,2765.52734375,2915.315673828125,73086
2024-08-24,LSETH-USD,2915.315673828125,2969.5224609375,2890.056396484375,2908.063720703125,21360
2024-08-25,LSETH-USD,2908.063720703125,2936.7646484375,2889.8896484375,2898.435302734375,19538
2024-08-26,LSETH-USD,2898.435302734375,2905.3564453125,2812.362060546875,2823.59619140625,104573
2024-08-27,LSETH-USD,2823.59619140625,2841.419189453125,2540.736328125,2585.868408203125,58659
2024-08-28,LSETH-USD,2585.868408203125,2682.575439453125,2556.7724609375,2657.651611328125,91648
2024-08-29,LSETH-USD,2657.651611328125,2741.368408203125,2645.66455078125,2672.21923828125,444540
2024-08-30,LSETH-USD,2672.21923828125,2676.287353515625,2582.806640625,2665.85888671875,25172
2024-08-31,LSETH-USD,2665.855712890625,2666.814208984375,2633.808349609375,2652.7421875,16774
2024-09-01,LSETH-USD,2652.75244140625,2655.382080078125,2541.1943359375,2565.359375,20119
2024-09-02,LSETH-USD,2565.359375,2667.368408203125,2564.51416015625,2661.966552734375,16202
2024-09-03,LSETH-USD,2661.966552734375,2669.96728515625,2564.7890625,2564.7890625,38652
2024-09-04,LSETH-USD,2564.7890625,2623.888671875,2473.65625,2581.676513671875,31695
2024-09-05,LSETH-USD,2581.676513671875,2594.974365234375,2503.080810546875,2513.29052734375,30263
2024-09-06,LSETH-USD,2513.29052734375,2530.576416015625,2360.203369140625,2384.532470703125,79904
2024-09-07,LSETH-USD,2384.532470703125,2438.2060546875,2348.14306640625,2395.877197265625,15700
2024-09-08,LSETH-USD,2395.877197265625,2434.986083984375,2373.615966796875,2427.41259765625,14806
2024-09-09,LSETH-USD,2427.41259765625,2481.31787109375,2412.190185546875,2471.823486328125,28711
2024-09-10,LSETH-USD,2471.823486328125,2521.154296875,2450.90869140625,2512.062255859375,2988
2024-09-11,LSETH-USD,2512.0625,2512.0625,2418.09619140625,2445.986328125,6811
2024-09-12,LSETH-USD,2445.986328125,2453.57275390625,2441.40673828125,2450.473876953125,2597
2024-09-13,LSETH-USD,2450.473388671875,2571.0869140625,2450.394287109375,2563.886962890625,537
2024-09-14,LSETH-USD,2563.886962890625,2563.971923828125,2506.290771484375,2532.870849609375,694
2024-09-15,LSETH-USD,2532.870849609375,2550.503173828125,2425.7109375,2455.686279296875,2397
2024-09-16,LSETH-USD,2455.863037109375,2455.863037109375,2399.78076171875,2426.195556640625,3632
2024-09-17,LSETH-USD,2426.141845703125,2454.3369140625,2415.0029296875,2448.044189453125,3409
2024-09-18,LSETH-USD,2448.044189453125,2464.958740234375,2416.618408203125,2462.020751953125,6160
2024-09-19,LSETH-USD,2462.258056640625,2539.79931640625,2455.491455078125,2535.93701171875,13832
2024-09-20,LSETH-USD,2535.93701171875,2695.711181640625,2535.4658203125,2688.52294921875,16136
2024-09-21,LSETH-USD,2688.604736328125,2770.117431640625,2675.4365234375,2768.32177734375,24311
2024-09-22,LSETH-USD,2768.32177734375,2770.864013671875,2672.708251953125,2723.486083984375,16314
2024-09-23,LSETH-USD,2723.473388671875,2839.94091796875,2694.376220703125,2795.11962890625,18501
2024-09-24,LSETH-USD,2795.11962890625,2813.568359375,2745.581787109375,2801.399658203125,17856
2024-09-25,LSETH-USD,2801.399658203125,2805.20556640625,2705.55126953125,2720.166748046875,21219
2024-09-26,LSETH-USD,2720.166748046875,2808.2841796875,2706.977294921875,2774.085693359375,19130
2024-09-27,LSETH-USD,2774.085693359375,2870.972412109375,2765.615234375,2847.363525390625,31586
2024-09-28,LSETH-USD,2847.23291015625,2850.984619140625,2803.419677734375,2823.166015625,21415
2024-09-29,LSETH-USD,2823.14599609375,2827.6806640625,2782.845458984375,2811.952880859375,25097
2024-09-30,LSETH-USD,2811.952880859375,2812.0107421875,2725.51318359375,2737.59521484375,27487
2024-10-01,LSETH-USD,2737.59521484375,2795.961669921875,2636.175048828125,2661.718017578125,18973
2024-10-02,LSETH-USD,2661.666259765625,2677.043212890625,2511.904541015625,2516.621826171875,27225
2024-10-03,LSETH-USD,2516.621826171875,2551.236083984375,2451.357177734375,2471.379638671875,111063
2024-10-04,LSETH-USD,2471.379638671875,2568.98974609375,2470.699462890625,2548.68798828125,36275
2024-10-05,LSETH-USD,2548.68798828125,2553.113525390625,2518.934814453125,2548.86328125,18848
2024-10-06,LSETH-USD,2548.86328125,2586.957763671875,2542.1953125,2571.773193359375,22010
2024-10-07,LSETH-USD,2571.773193359375,2659.2783203125,2547.95654296875,2558.90966796875,41620
2024-10-08,LSETH-USD,2558.90966796875,2588.32861328125,2541.804931640625,2579.268310546875,17142
2024-10-09,LSETH-USD,2579.268310546875,2605.418212890625,2488.94775390625,2499.17578125,17609
2024-10-10,LSETH-USD,2499.17578125,2549.188720703125,2465.006103515625,2511.04296875,20591
2024-10-11,LSETH-USD,2511.04296875,2601.15283203125,2510.891845703125,2572.36376953125,18095
2024-10-12,LSETH-USD,2572.36376953125,2624.201904296875,2571.378173828125,2614.03955078125,18625
2024-10-13,LSETH-USD,2614.03955078125,2618.90283203125,2574.92431640625,2602.5732421875,17611
2024-10-14,LSETH-USD,2602.5732421875,2772.767822265625,2581.6689453125,2757.884765625,20721
2024-10-15,LSETH-USD,2757.884765625,2823.552490234375,2686.19189453125,2743.672607421875,21263
2024-10-16,LSETH-USD,2743.672607421875,2797.304931640625,2733.9345703125,2767.188720703125,33536
2024-10-17,LSETH-USD,2767.188720703125,2796.185791015625,2729.977783203125,2755.9970703125,18096
2024-10-18,LSETH-USD,2755.9970703125,2824.318115234375,2748.6142578125,2793.1103515625,42048
2024-10-19,LSETH-USD,2793.1103515625,2809.1044921875,2788.467529296875,2806.393310546875,21039
2024-10-20,LSETH-USD,2806.393310546875,2913.173828125,2792.618896484375,2905.112060546875,34854
2024-10-21,LSETH-USD,2905.1748046875,2918.856689453125,2818.504638671875,2823.333251953125,19362
2024-10-22,LSETH-USD,2823.333251953125,2828.1923828125,2737.875244140625,2774.416748046875,28738
2024-10-23,LSETH-USD,2774.4150390625,2776.709716796875,2616.77294921875,2659.70361328125,17940
2024-10-24,LSETH-USD,2672.152587890625,2707.073974609375,2658.013671875,2683.552734375,17825
2024-10-25,LSETH-USD,2683.552734375,2700.221923828125,2536.337890625,2559.80224609375,39434
2024-10-26,LSETH-USD,2559.80224609375,2642.700927734375,2559.80224609375,2623.46533203125,23457
2024-10-27,LSETH-USD,2623.46533203125,2666.986328125,2607.416259765625,2654.244873046875,17340
2024-10-28,LSETH-USD,2654.244873046875,2733.107177734375,2615.531982421875,2716.798583984375,17916
2024-10-29,LSETH-USD,2716.798583984375,2822.82470703125,2711.335205078125,2792.088623046875,17546
2024-10-30,LSETH-USD,2792.088623046875,2875.3125,2760.843994140625,2817.203857421875,16851
2024-10-31,LSETH-USD,2817.203857421875,2823.66162109375,2661.116943359375,2667.174072265625,22772
2024-11-01,LSETH-USD,2667.174072265625,2714.7548828125,2627.48095703125,2659.69580078125,23701
2024-11-02,LSETH-USD,2659.69580078125,2672.51708984375,2626.49365234375,2639.135986328125,19416
2024-11-03,LSETH-USD,2639.135986328125,2642.855224609375,2565.5234375,2595.4443359375,28897
2024-11-04,LSETH-USD,2595.4443359375,2630.359619140625,2512.832763671875,2532.054443359375,32421
2024-11-05,LSETH-USD,2532.054443359375,2608.48779296875,2524.031982421875,2563.873046875,28225
2024-11-06,LSETH-USD,2563.873046875,2882.596435546875,2563.837158203125,2871.0830078125,52801
2024-11-07,LSETH-USD,2871.0830078125,3083.703125,2862.328857421875,3058.052734375,37284
2024-11-08,LSETH-USD,3058.052734375,3149.3759765625,3057.54443359375,3133.853759765625,25574
2024-11-09,LSETH-USD,3133.853759765625,3314.98193359375,3130.79345703125,3297.969970703125,38638
2024-11-10,LSETH-USD,3297.969970703125,3434.321533203125,3292.617919921875,3358.67822265625,42749
2024-11-11,LSETH-USD,3358.67822265625,3565.072998046875,3321.435302734375,3559.8046875,42167
2024-11-12,LSETH-USD,3559.8046875,3638.591796875,3430.994140625,3457.8544921875,25278
2024-11-13,LSETH-USD,3457.798583984375,3521.690673828125,3309.53857421875,3366.318359375,68233
2024-11-14,LSETH-USD,3366.1083984375,3433.141357421875,3262.666748046875,3271.13916015625,33420
2024-11-15,LSETH-USD,3271.155029296875,3310.17822265625,3207.999267578125,3281.241455078125,32304
2024-11-16,LSETH-USD,3276.62890625,3392.08544921875,3265.96484375,3332.697509765625,28617
2024-11-17,LSETH-USD,3332.771728515625,3337.68701171875,3238.328857421875,3257.34423828125,35133
2024-11-18,LSETH-USD,3257.34423828125,3413.84521484375,3227.0810546875,3407.155029296875,98819
2024-11-19,LSETH-USD,3408.40283203125,3414.7109375,3265.223388671875,3290.43896484375,36391
2024-11-20,LSETH-USD,3290.325439453125,3350.70654296875,3222.43212890625,3258.631103515625,40610
2024-11-21,LSETH-USD,3258.631103515625,3579.815185546875,3225.870849609375,3571.158447265625,43125
2024-11-22,LSETH-USD,3571.01904296875,3620.84228515625,3471.61767578125,3531.17138671875,25003
2024-11-23,LSETH-USD,3531.165771484375,3704.30859375,3520.98095703125,3530.3359375,679277
2024-11-24,LSETH-USD,3530.3359375,3584.821044921875,3415.69677734375,3490.289794921875,646056
2024-11-25,LSETH-USD,3490.48388671875,3736.231201171875,3435.822509765625,3602.800048828125,42881
2024-11-26,LSETH-USD,3602.800048828125,3660.614501953125,3460.699462890625,3519.53955078125,22663
2024-11-27,LSETH-USD,3519.53955078125,3901.576171875,3507.19775390625,3872.902587890625,135163
2024-11-28,LSETH-USD,3868.901123046875,3876.216552734375,3742.10888671875,3795.429443359375,28540
2024-11-29,LSETH-USD,3795.429443359375,3866.718505859375,3756.79248046875,3810.5419921875,20254
2024-11-30,LSETH-USD,3810.5419921875,3949.475830078125,3794.2373046875,3930.155517578125,31622
2024-12-01,LSETH-USD,3929.966552734375,3971.877685546875,3884.7275390625,3930.262939453125,40585
2024-12-02,LSETH-USD,3930.262939453125,3980.481689453125,3776.713134765625,3860.319091796875,71631
2024-12-03,LSETH-USD,3860.319091796875,3880.6591796875,3721.12890625,3841.413330078125,42092
2024-12-04,LSETH-USD,3841.26611328125,4109.15087890625,3839.953125,4060.137939453125,54296
2024-12-05,LSETH-USD,4060.137939453125,4186.455078125,3929.5419921875,4027.671630859375,63638
2024-12-06,LSETH-USD,4013.211669921875,4328.90673828125,4010.8173828125,4258.6298828125,75241
2024-12-07,LSETH-USD,4258.6298828125,4265.7890625,4199.47216796875,4251.6884765625,58963
2024-12-08,LSETH-USD,4253.5078125,4255.1650390625,4165.4912109375,4213.73095703125,181575
2024-12-09,LSETH-USD,4237.00146484375,4238.61328125,3767.8515625,3890.80908203125,28979
2024-12-10,LSETH-USD,3890.80908203125,3982.91259765625,3732.54443359375,3835.29052734375,29523
2024-12-11,LSETH-USD,3835.29052734375,4065.409423828125,3786.51123046875,4061.4677734375,32037
2024-12-12,LSETH-USD,4061.4677734375,4201.6474609375,4027.745849609375,4079.376953125,49938
2024-12-13,LSETH-USD,4079.2587890625,4199.3505859375,4071.276123046875,4131.580078125,19819
2024-12-14,LSETH-USD,4131.580078125,4163.8701171875,4047.489501953125,4086.7685546875,21276
2024-12-15,LSETH-USD,4086.7685546875,4189.07958984375,4066.99072265625,4188.82373046875,20509
2024-12-16,LSETH-USD,4188.82373046875,4324.49365234375,4111.197265625,4221.8642578125,62169
2024-12-17,LSETH-USD,4221.8642578125,4257.09912109375,4079.65966796875,4100.22705078125,27970
2024-12-18,LSETH-USD,4100.22705078125,4127.79443359375,3834.60888671875,3834.7607421875,43728
2024-12-19,LSETH-USD,3834.7607421875,3918.275634765625,3540.24755859375,3617.381591796875,29168
2024-12-20,LSETH-USD,3617.381591796875,3689.239013671875,3285.629638671875,3670.654052734375,133605
2024-12-21,LSETH-USD,3670.654052734375,3749.0556640625,3484.11669921875,3512.2626953125,30062
2024-12-22,LSETH-USD,3512.2626953125,3582.12890625,3410.774658203125,3416.81201171875,24814
2024-12-23,LSETH-USD,3416.81201171875,3673.320556640625,3408.381103515625,3639.617431640625,140855
2024-12-24,LSETH-USD,3639.5439453125,3757.671875,3586.071044921875,3718.67138671875,19658
2024-12-25,LSETH-USD,3718.67138671875,3760.56103515625,3672.10009765625,3716.1669921875,20087
2024-12-26,LSETH-USD,3716.098388671875,3730.40625,3518.36865234375,3540.478515625,19705
2024-12-27,LSETH-USD,3540.4638671875,3651.219482421875,3521.623779296875,3542.98974609375,20550
2024-12-28,LSETH-USD,3542.98974609375,3630.78173828125,3539.775634765625,3615.435302734375,17440
2024-12-29,LSETH-USD,3615.435302734375,3623.486083984375,3541.447021484375,3574.729736328125,20361
2024-12-30,LSETH-USD,3574.752197265625,3643.68359375,3520.314208984375,3573.53173828125,17340
2024-12-31,LSETH-USD,3573.514404296875,3653.69873046875,3529.890625,3552.82763671875,22869
2025-01-01,LSETH-USD,3552.82763671875,3585.45654296875,3531.86181640625,3571.297119140625,25318
2025-01-02,LSETH-USD,3571.288330078125,3717.81982421875,3571.150634765625,3687.80322265625,21665
2025-01-03,LSETH-USD,3687.806884765625,3869.532958984375,3648.711181640625,3853.32275390625,27019
2025-01-04,LSETH-USD,3853.32275390625,3906.917236328125,3805.6845703125,3897.921630859375,20509
2025-01-05,LSETH-USD,3897.92138671875,3911.775390625,3832.759033203125,3879.671142578125,29779
2025-01-06,LSETH-USD,3879.671142578125,3976.8349609375,3856.1953125,3927.187744140625,28793
2025-01-07,LSETH-USD,3928.9716796875,3941.841796875,3580.383056640625,3600.016357421875,47219
2025-01-08,LSETH-USD,3600.016357421875,3645.44140625,3434.03466796875,3519.375,50017
2025-01-09,LSETH-USD,3519.375,3566.61474609375,3373.313232421875,3423.198486328125,24667
2025-01-10,LSETH-USD,3423.290771484375,3541.24560546875,3405.95751953125,3485.405517578125,25945
2025-01-11,LSETH-USD,3486.296875,3532.829833984375,3437.135498046875,3503.88037109375,28906
2025-01-12,LSETH-USD,3503.88037109375,3516.73291015625,3448.454833984375,3475.063232421875,23547
2025-01-13,LSETH-USD,3475.063232421875,3541.818603515625,3139.026611328125,3331.277587890625,36928
2025-01-14,LSETH-USD,3331.36767578125,3452.593994140625,3327.34716796875,3435.31494140625,22955
2025-01-15,LSETH-USD,3435.29931640625,3686.98291015625,3394.15771484375,3659.530029296875,35163
2025-01-16,LSETH-USD,3659.815185546875,3661.21875,3478.66064453125,3520.573486328125,22325
2025-01-17,LSETH-USD,3520.518798828125,3750.911865234375,3520.518798828125,3708.333984375,32847
2025-01-18,LSETH-USD,3708.333984375,3719.255615234375,3441.37060546875,3518.27587890625,23790
2025-01-19,LSETH-USD,3518.239501953125,3654.335693359375,3337.7138671875,3409.124755859375,37176
2025-01-20,LSETH-USD,3409.221923828125,3654.83642578125,3363.999755859375,3483.715087890625,24518
2025-01-21,LSETH-USD,3483.791015625,3583.805908203125,3417.57958984375,3543.60302734375,19338
2025-01-22,LSETH-USD,3543.60302734375,3573.39111328125,3452.797119140625,3453.171142578125,17444
2025-01-23,LSETH-USD,3453.171142578125,3553.30859375,3397.990234375,3542.78857421875,21576
2025-01-24,LSETH-USD,3542.7001953125,3632.433837890625,3501.284912109375,3524.6103515625,19292
2025-01-25,LSETH-USD,3524.6103515625,3566.4326171875,3474.443359375,3534.896484375,16528
2025-01-26,LSETH-USD,3534.896484375,3574.72216796875,3446.58203125,3446.58203125,18805
2025-01-27,LSETH-USD,3446.584228515625,3455.265380859375,3247.4375,3390.341796875,20348
2025-01-28,LSETH-USD,3390.341796875,3427.06005859375,3247.7373046875,3281.277587890625,20782
2025-01-29,LSETH-USD,3281.277587890625,3380.310546875,3273.400146484375,3318.133056640625,41884
2025-01-30,LSETH-USD,3318.133056640625,3488.20703125,3308.864501953125,3465.051025390625,19331
2025-01-31,LSETH-USD,3465.054931640625,3656.90576171875,3431.4443359375,3504.77001953125,48639
2025-02-01,LSETH-USD,3505.095458984375,3539.3447265625,3314.406494140625,3325.994384765625,31224
2025-02-02,LSETH-USD,3325.994384765625,3357.417236328125,2962.516357421875,3027.720947265625,39603
2025-02-03,LSETH-USD,3027.18115234375,3056.1162109375,2470.009033203125,3006.955078125,804888
2025-02-04,LSETH-USD,3006.955078125,3009.8974609375,1830.70703125,2868.271484375,34085
2025-02-05,LSETH-USD,2868.27685546875,3051.434814453125,2848.042724609375,3008.55126953125,100936
2025-02-06,LSETH-USD,3008.12060546875,3098.2861328125,2885.7724609375,2907.955078125,33729
2025-02-07,LSETH-USD,2907.955078125,3088.961669921875,2786.818115234375,2832.42626953125,30995
2025-02-08,LSETH-USD,2832.42626953125,2877.1640625,2807.904541015625,2852.745361328125,18993
2025-02-09,LSETH-USD,2852.74951171875,2899.5029296875,2760.153076171875,2842.88134765625,26829
2025-02-10,LSETH-USD,2842.88134765625,2907.458984375,2787.4169921875,2877.808837890625,72430
2025-02-11,LSETH-USD,2877.808837890625,2940.713623046875,2788.217529296875,2811.609375,43011
2025-02-12,LSETH-USD,2811.36669921875,3009.968994140625,2773.6201171875,2958.88037109375,45442
2025-02-13,LSETH-USD,2958.88037109375,2974.94384765625,2840.2294921875,2887.405029296875,24238
2025-02-14,LSETH-USD,2887.405029296875,3015.049560546875,2881.373779296875,2957.636474609375,17844
2025-02-15,LSETH-USD,2957.636474609375,2958.43017578125,2898.65576171875,2911.919921875,12500
2025-02-16,LSETH-USD,2911.919921875,2933.86328125,2873.029296875,2882.06982421875,16998
2025-02-17,LSETH-USD,2882.06982421875,3049.192626953125,2868.501953125,2972.072021484375,29672
2025-02-18,LSETH-USD,2972.072021484375,2977.29150390625,2822.717041015625,2880.047607421875,39821
2025-02-19,LSETH-USD,2880.2255859375,2955.21044921875,2874.8203125,2937.111328125,23890
2025-02-20,LSETH-USD,2937.111328125,2992.81494140625,2935.41552734375,2968.88525390625,34653
2025-02-21,LSETH-USD,2968.88525390625,3073.17138671875,2851.09228515625,2869.233154296875,45399
2025-02-22,LSETH-USD,2869.233154296875,3015.6689453125,2868.116943359375,2992.08544921875,21146
2025-02-23,LSETH-USD,2992.096435546875,3075.856201171875,2973.376708984375,3051.337646484375,36889
2025-02-24,LSETH-USD,3051.337646484375,3083.129638671875,2687.724365234375,2721.976318359375,70234
2025-02-25,LSETH-USD,2721.976318359375,2731.03466796875,2534.076416015625,2677.145263671875,182480
2025-02-26,LSETH-USD,2677.145263671875,2677.145263671875,2423.516357421875,2505.782470703125,40817
2025-02-27,LSETH-USD,2505.782470703125,2538.133544921875,2394.783203125,2466.882080078125,25291
2025-02-28,LSETH-USD,2466.862548828125,2469.59619140625,2229.63232421875,2395.35107421875,191946
2025-03-01,LSETH-USD,2395.35107421875,2445.115966796875,2308.6767578125,2367.0625,19134
2025-03-02,LSETH-USD,2367.0625,2726.86083984375,2344.49462890625,2700.818359375,294280
2025-03-03,LSETH-USD,2700.86083984375,2702.96533203125,2246.391845703125,2303.664306640625,220146
2025-03-04,LSETH-USD,2303.664306640625,2487.793212890625,2159.48046875,2328.61328125,118469
2025-03-05,LSETH-USD,2328.625244140625,2443.44482421875,2310.831787109375,2395.533447265625,93543
2025-03-06,LSETH-USD,2395.533447265625,2469.029052734375,2352.29931640625,2360.15478515625,35981
2025-03-07,LSETH-USD,2360.15478515625,2366.024658203125,2288.299560546875,2289.641845703125,80776
2025-03-08,LSETH-USD,2289.60205078125,2334.231689453125,2279.900390625,2323.641357421875,36184
2025-03-09,LSETH-USD,2323.641357421875,2361.78955078125,2162.32275390625,2180.7529296875,23793
2025-03-10,LSETH-USD,2180.7529296875,2255.268798828125,1991.8680419921875,2013.155029296875,48038
2025-03-11,LSETH-USD,2013.155029296875,2093.104736328125,1950.0008544921875,2052.6474609375,37359
2025-03-12,LSETH-USD,2052.6474609375,2063.688720703125,1978.4954833984375,2037.4071044921875,37212
2025-03-13,LSETH-USD,2037.4071044921875,2041.68212890625,1978.029541015625,1978.2196044921875,19210
2025-03-14,LSETH-USD,1978.2196044921875,2074.348876953125,1978.17626953125,2050.3564453125,67945
2025-03-15,LSETH-USD,2050.433837890625,2082.74853515625,2041.9866943359375,2076.85107421875,63244
2025-03-16,LSETH-USD,2076.85107421875,2077.166748046875,2005.65625,2019.4212646484375,20894
2025-03-17,LSETH-USD,2019.4212646484375,2083.189208984375,2019.235107421875,2077.910888671875,30622
2025-03-18,LSETH-USD,2077.910888671875,2077.919189453125,2009.5343017578125,2026.5740966796875,41466
2025-03-19,LSETH-USD,2026.5740966796875,2206.7802734375,2026.498046875,2204.427978515625,117346
2025-03-20,LSETH-USD,2204.528564453125,2211.43408203125,2110.969970703125,2120.47265625,30843
2025-03-21,LSETH-USD,2120.47265625,2121.861083984375,2090.33935546875,2103.904541015625,29545
2025-03-22,LSETH-USD,2103.904541015625,2147.350830078125,2103.87158203125,2122.757080078125,22108
2025-03-23,LSETH-USD,2122.757080078125,2166.226318359375,2122.735595703125,2144.383056640625,24009
2025-03-24,LSETH-USD,2144.383056640625,2248.77734375,2128.938720703125,2237.6943359375,26118
2025-03-25,LSETH-USD,2237.695068359375,2237.756591796875,2199.15185546875,2217.207275390625,1170362
2025-03-26,LSETH-USD,2217.207275390625,2221.38232421875,2147.111083984375,2154.11376953125,83661
2025-03-27,LSETH-USD,2154.11376953125,2186.579345703125,2150.5634765625,2170.187255859375,26152
2025-03-28,LSETH-USD,2170.192138671875,2170.300048828125,2009.0762939453125,2038.730224609375,90446
2025-03-29,LSETH-USD,2038.5772705078125,2048.606689453125,1951.525390625,1972.8272705078125,19473
2025-03-30,LSETH-USD,1972.8272705078125,1993.4163818359375,1909.00634765625,1950.3946533203125,29239
2025-03-31,LSETH-USD,1950.33154296875,1986.927490234375,1927.80419921875,1970.065673828125,19354
2025-04-01,LSETH-USD,1970.065673828125,2052.71240234375,1960.947998046875,2052.007568359375,30270
2025-04-02,LSETH-USD,2052.00341796875,2072.888427734375,1964.65185546875,1967.760498046875,61435
2025-04-03,LSETH-USD,1967.3924560546875,1969.93798828125,1896.484130859375,1945.90478515625,1840546
2025-04-04,LSETH-USD,1946.2506103515625,1962.6092529296875,1910.06689453125,1950.3037109375,2628768
2025-04-05,LSETH-USD,1950.3037109375,1956.4805908203125,1915.59521484375,1932.445556640625,831135
2025-04-06,LSETH-USD,1932.437255859375,1944.7763671875,1681.4412841796875,1693.512939453125,1671642
2025-04-07,LSETH-USD,1693.6251220703125,1716.8033447265625,1536.755126953125,1680.7786865234375,2918761
2025-04-08,LSETH-USD,1680.782470703125,1713.4937744140625,1571.9808349609375,1580.7091064453125,1260656
2025-04-09,LSETH-USD,1580.7091064453125,1801.9312744140625,1524.4764404296875,1790.1851806640625,2070195
2025-04-10,LSETH-USD,1790.189697265625,1790.189697265625,1593.5941162109375,1638.2113037109375,1149185
2025-04-11,LSETH-USD,1638.2113037109375,1693.625244140625,1630.383544921875,1684.1365966796875,966845
2025-04-12,LSETH-USD,1684.138916015625,1783.9110107421875,1669.8380126953125,1771.8707275390625,1004458
2025-04-13,LSETH-USD,1771.8707275390625,1771.8724365234375,1702.0018310546875,1712.9794921875,2552027
2025-04-14,LSETH-USD,1712.978271484375,1803.3927001953125,1712.776611328125,1746.591064453125,1586692
2025-04-15,LSETH-USD,1746.591064453125,1768.996337890625,1714.9359130859375,1715.2994384765625,2077798
2025-04-16,LSETH-USD,1715.2994384765625,1719.6512451171875,1680.84423828125,1701.730224609375,2557315
2025-04-17,LSETH-USD,1701.730224609375,1733.8714599609375,1699.4537353515625,1706.5216064453125,1354446
2025-04-18,LSETH-USD,1706.5216064453125,1717.733154296875,1700.70947265625,1713.48876953125,1301730
2025-04-19,LSETH-USD,1713.48876953125,1742.595947265625,1710.4949951171875,1740.7833251953125,611106
2025-04-20,LSETH-USD,1740.7393798828125,1740.7393798828125,1695.9091796875,1706.2843017578125,756562
2025-04-21,LSETH-USD,1706.2872314453125,1776.0091552734375,1694.880126953125,1697.652099609375,1532788
2025-04-22,LSETH-USD,1697.6529541015625,1892.314697265625,1685.9053955078125,1892.3131103515625,3562478
2025-04-23,LSETH-USD,1891.9552001953125,1956.195556640625,1887.2972412109375,1936.583984375,2463233
2025-04-24,LSETH-USD,1936.5841064453125,1936.9686279296875,1875.8385009765625,1903.431884765625,1692059
2025-04-25,LSETH-USD,1903.440185546875,1951.2005615234375,1890.2960205078125,1930.711181640625,2005524
2025-04-26,LSETH-USD,1930.71142578125,1960.5406494140625,1926.78515625,1959.6661376953125,1472883
2025-04-27,LSETH-USD,1959.667724609375,1983.447998046875,1931.598388671875,1932.188232421875,1525284
2025-04-28,LSETH-USD,1931.666748046875,1958.141845703125,1894.8612060546875,1938.07421875,2621206
2025-04-29,LSETH-USD,1938.07421875,1975.708984375,1927.1873779296875,1931.592529296875,2201191
2025-04-30,LSETH-USD,1931.592529296875,1952.3170166015625,1889.50537109375,1933.433837890625,1878946
2025-05-01,LSETH-USD,1933.434326171875,2007.6776123046875,1933.43408203125,1981.1016845703125,2034960
2025-05-02,LSETH-USD,1981.1060791015625,1996.4246826171875,1964.16455078125,1982.1951904296875,2925446
2025-05-03,LSETH-USD,1982.197021484375,1984.189697265625,1963.2044677734375,1980.121337890625,1145346
2025-05-04,LSETH-USD,1980.121337890625,1985.869140625,1950.114990234375,1957.6092529296875,1291833
2025-05-05,LSETH-USD,1957.609619140625,1968.8699951171875,1934.90625,1962.0504150390625,1715536
2025-05-06,LSETH-USD,1962.0504150390625,1962.2537841796875,1900.6480712890625,1950.548583984375,2632680
2025-05-07,LSETH-USD,1950.5467529296875,1984.9417724609375,1935.2052001953125,1955.9559326171875,2157317
2025-05-08,LSETH-USD,1955.9559326171875,2365.599853515625,1953.0447998046875,2359.726318359375,6661270
2025-05-09,LSETH-USD,2361.1572265625,2613.48095703125,2358.904052734375,2521.98876953125,6014752
2025-05-10,LSETH-USD,2521.98876953125,2783.5029296875,2515.114501953125,2782.291748046875,4633873
2025-05-11,LSETH-USD,2782.286376953125,2787.315673828125,2663.396484375,2701.7666015625,4261179
2025-05-12,LSETH-USD,2701.7666015625,2768.132080078125,2642.478515625,2688.598388671875,5131269
2025-05-13,LSETH-USD,2688.9521484375,2903.8818359375,2617.071044921875,2885.588134765625,4162934
2025-05-14,LSETH-USD,2885.588134765625,2911.473388671875,2772.77001953125,2803.002685546875,3481763
2025-05-15,LSETH-USD,2803.249267578125,2829.51708984375,2712.179443359375,2740.031982421875,3191757
2025-05-16,LSETH-USD,2740.031982421875,2830.836669921875,2738.33447265625,2745.70654296875,2672155
2025-05-17,LSETH-USD,2745.70654296875,2745.70654296875,2657.6337890625,2665.876953125,2055030
2025-05-18,LSETH-USD,2665.876953125,2772.327880859375,2569.014892578125,2661.000732421875,2922536
2025-05-19,LSETH-USD,2658.912841796875,2720.623291015625,2554.677734375,2716.6708984375,3987919
2025-05-20,LSETH-USD,2716.6708984375,2769.777587890625,2663.986328125,2719.55126953125,6117129
2025-05-21,LSETH-USD,2719.052978515625,2804.1064453125,2671.1162109375,2749.006103515625,4470323
2025-05-22,LSETH-USD,2749.006103515625,2883.40771484375,2746.0771484375,2863.494384765625,3464495
2025-05-23,LSETH-USD,2863.644287109375,2933.943115234375,2728.4970703125,2729.801513671875,5736173
2025-05-24,LSETH-USD,2729.801513671875,2769.83251953125,2728.676513671875,2732.94482421875,1332804
2025-05-25,LSETH-USD,2732.94482421875,2749.712646484375,2679.550048828125,2749.711181640625,2765064
2025-05-26,LSETH-USD,2749.711181640625,2785.994873046875,2741.242431640625,2764.431884765625,1604487
2025-05-27,LSETH-USD,2764.431884765625,2906.87109375,2740.70458984375,2874.263427734375,2343112
2025-05-28,LSETH-USD,2874.2626953125,2882.811279296875,2838.259765625,2875.716796875,1892304
2025-05-29,LSETH-USD,2875.716796875,2983.193359375,2852.154296875,2852.24169921875,6200271
2025-05-30,LSETH-USD,2852.24169921875,2853.167724609375,2732.44384765625,2733.317138671875,3586271
2025-05-31,LSETH-USD,2733.37109375,2748.34423828125,2698.36376953125,2738.7294921875,1215922
2025-06-01,LSETH-USD,2738.9658203125,2746.917236328125,2689.724853515625,2743.39453125,1238299
2025-06-02,LSETH-USD,2743.39453125,2810.75244140625,2681.8857421875,2810.616455078125,1662957
2025-06-03,LSETH-USD,2810.616455078125,2850.921142578125,2805.298583984375,2809.797119140625,1630972
2025-06-04,LSETH-USD,2809.797119140625,2870.672607421875,2804.56005859375,2820.150146484375,1393761
2025-06-05,LSETH-USD,2820.150146484375,2841.59423828125,2596.55859375,2618.467041015625,2127816
2025-06-06,LSETH-USD,2618.467041015625,2716.660400390625,2605.13916015625,2684.595947265625,1251901
2025-06-07,LSETH-USD,2684.465576171875,2734.394775390625,2673.29833984375,2728.9130859375,686305
2025-06-08,LSETH-USD,2728.9130859375,2741.860595703125,2705.4541015625,2715.765625,677893
2025-06-09,LSETH-USD,2715.765625,2892.148193359375,2686.33544921875,2890.576171875,1355060
2025-06-10,LSETH-USD,2890.576416015625,3033.592041015625,2887.05615234375,3031.6103515625,2142419
2025-06-11,LSETH-USD,3031.73583984375,3094.06640625,2987.579833984375,2994.101806640625,1890117
2025-06-12,LSETH-USD,2994.101806640625,2999.248779296875,2853.8857421875,2865.283203125,1682291
2025-06-13,LSETH-USD,2865.282470703125,2866.0224609375,2672.521484375,2778.37939453125,1919139
2025-06-14,LSETH-USD,2778.37939453125,2780.20849609375,2707.060302734375,2735.940185546875,750642
2025-06-15,LSETH-USD,2735.94091796875,2756.253173828125,2709.124267578125,2750.1416015625,600688
2025-06-16,LSETH-USD,2750.1416015625,2877.4345703125,2734.994873046875,2788.263916015625,1457707
2025-06-17,LSETH-USD,2788.258544921875,2816.501220703125,2672.5361328125,2716.224853515625,2491725
2025-06-18,LSETH-USD,2716.224853515625,2741.11328125,2688.171875,2727.3857421875,1912319
2025-06-19,LSETH-USD,2727.3857421875,2739.34521484375,2693.921142578125,2723.743896484375,1009297
2025-06-20,LSETH-USD,2723.743896484375,2761.69482421875,2593.06982421875,2596.169189453125,1280820
2025-06-21,LSETH-USD,2596.169189453125,2640.316650390625,2432.2470703125,2454.541259765625,1101281
2025-06-22,LSETH-USD,2457.720703125,2484.24169921875,2327.611572265625,2404.722412109375,1460052
2025-06-23,LSETH-USD,2404.77294921875,2615.18017578125,2403.092529296875,2613.60986328125,1824715
2025-06-24,LSETH-USD,2613.60986328125,2653.254150390625,2590.845458984375,2638.644287109375,1759296
2025-06-25,LSETH-USD,2638.556396484375,2653.528564453125,2605.1708984375,2612.18896484375,1151320
2025-06-26,LSETH-USD,2612.18896484375,2692.71875,2609.71142578125,2611.07080078125,1101487
2025-06-27,LSETH-USD,2611.07080078125,2651.27587890625,2597.98193359375,2617.083251953125,738812
2025-06-28,LSETH-USD,2617.876220703125,2636.314697265625,2604.381103515625,2634.719482421875,305507
2025-06-29,LSETH-USD,2634.719482421875,2706.5126953125,2623.558837890625,2704.084716796875,656537
2025-06-30,LSETH-USD,2703.359130859375,2717.182861328125,2649.23828125,2690.377197265625,1167165
2025-07-01,LSETH-USD,2690.377197265625,2695.08203125,2594.9638671875,2596.16748046875,1012521
2025-07-02,LSETH-USD,2596.16748046875,2809.637939453125,2585.994384765625,2791.356201171875,1345263
2025-07-03,LSETH-USD,2791.356201171875,2824.874267578125,2772.468505859375,2800.92041015625,1498108
2025-07-04,LSETH-USD,2800.92041015625,2804.589111328125,2686.885009765625,2711.612060546875,967478
2025-07-05,LSETH-USD,2711.612060546875,2726.87255859375,2696.926025390625,2719.6650390625,437038
2025-07-06,LSETH-USD,2719.6650390625,2799.2431640625,2712.824951171875,2776.248291015625,652722
2025-07-07,LSETH-USD,2776.248291015625,2790.9541015625,2733.090576171875,2743.65869140625,996046
2025-07-08,LSETH-USD,2743.65869140625,2828.7900390625,2732.5703125,2822.113037109375,840161
2025-07-09,LSETH-USD,2822.113037109375,2998.5625,2808.021728515625,2998.5625,971437
2025-07-10,LSETH-USD,2998.5625,3211.8037109375,2970.7119140625,3188.919189453125,1848245
2025-07-11,LSETH-USD,3188.919189453125,3256.17626953125,3168.072998046875,3196.1416015625,1868241
2025-07-12,LSETH-USD,3196.1416015625,3213.4921875,3155.175537109375,3175.449462890625,762331
2025-07-13,LSETH-USD,3175.449462890625,3242.07568359375,3164.8564453125,3207.373779296875,754616
2025-07-14,LSETH-USD,3207.373779296875,3306.20751953125,3206.709716796875,3253.180419921875,1235448
2025-07-15,LSETH-USD,3253.180419921875,3366.136474609375,3190.47412109375,3364.33740234375,1868959
2025-07-16,LSETH-USD,3364.33740234375,3666.6826171875,3360.476318359375,3635.772705078125,1629133
2025-07-17,LSETH-USD,3635.772705078125,3772.266357421875,3600.76318359375,3758.769287109375,2107734
2025-07-18,LSETH-USD,3758.769287109375,3952.03271484375,3751.121337890625,3826.4365234375,2390025
2025-07-19,LSETH-USD,3826.4365234375,3886.45751953125,3815.96142578125,3876.361572265625,944098
2025-07-20,LSETH-USD,3876.361572265625,4097.318359375,3872.220703125,4055.3427734375,1618403
2025-07-21,LSETH-USD,4055.3427734375,4148.24072265625,4026.8369140625,4067.59326171875,1471832
2025-07-22,LSETH-USD,4067.59326171875,4083.830810546875,3934.837158203125,4036.2763671875,1443581
2025-07-23,LSETH-USD,4036.57666015625,4051.990478515625,3837.605712890625,3911.05908203125,1228435
2025-07-24,LSETH-USD,3911.05908203125,4044.7578125,3828.49072265625,4014.06591796875,1594246
2025-07-25,LSETH-USD,4014.06591796875,4030.86181640625,3887.65673828125,4021.755126953125,1833955
2025-07-26,LSETH-USD,4021.755126953125,4070.2392578125,4013.3447265625,4047.483154296875,649156
2025-07-27,LSETH-USD,4047.483154296875,4171.84228515625,4042.25732421875,4169.3486328125,688893
2025-07-28,LSETH-USD,4169.3486328125,4241.19677734375,4079.193603515625,4092.808349609375,970737
2025-07-29,LSETH-USD,4094.4306640625,4186.1572265625,4050.277587890625,4091.35986328125,1100251
2025-07-30,LSETH-USD,4091.35986328125,4126.6865234375,4038.517333984375,4096.31787109375,1085142
2025-07-31,LSETH-USD,4096.32177734375,4178.8671875,4002.4638671875,4005.74951171875,878320
2025-08-01,LSETH-USD,4001.243408203125,4015.639404296875,3757.96728515625,3762.15673828125,1298970
2025-08-02,LSETH-USD,3762.15673828125,3811.228271484375,3663.2265625,3670.43408203125,888000
2025-08-03,LSETH-USD,3670.43408203125,3786.796142578125,3659.434326171875,3782.74755859375,613734
2025-08-04,LSETH-USD,3782.74755859375,4026.49609375,3778.4072265625,4018.011962890625,863791
2025-08-05,LSETH-USD,4018.276123046875,4019.16357421875,3858.026123046875,3892.34716796875,1488296
2025-08-06,LSETH-USD,3892.34716796875,3976.349365234375,3865.0458984375,3975.429443359375,858121
2025-08-07,LSETH-USD,3975.429443359375,4203.49609375,3956.846435546875,4186.8984375,1170900
2025-08-08,LSETH-USD,4186.8984375,4353.9404296875,4159.49462890625,4320.56884765625,1091467
2025-08-09,LSETH-USD,4320.56884765625,4586.55712890625,4310.5654296875,4544.59375,1195305
2025-08-10,LSETH-USD,4544.59375,4600.80859375,4474.578125,4553.21240234375,1712728
2025-08-11,LSETH-USD,4553.21484375,4647.98828125,4485.06103515625,4565.92041015625,1933743
2025-08-12,LSETH-USD,4565.92041015625,5001.14404296875,4560.31787109375,4972.56494140625,1363106
2025-08-13,LSETH-USD,4972.56494140625,5151.158203125,4962.3212890625,5151.13671875,1436825
2025-08-14,LSETH-USD,5150.85888671875,5163.1953125,4876.5322265625,4939.869140625,1972183
2025-08-15,LSETH-USD,4941.67041015625,5039.75,4766.9482421875,4797.25146484375,2326267
2025-08-16,LSETH-USD,4798.2890625,4850.5849609375,4762.84619140625,4794.58544921875,1290588
2025-08-17,LSETH-USD,4794.58544921875,4941.81005859375,4773.24169921875,4865.38330078125,1056125
2025-08-18,LSETH-USD,4865.38330078125,4869.6826171875,4595.30419921875,4682.96728515625,1734518
2025-08-19,LSETH-USD,4682.96728515625,4694.330078125,4426.087890625,4434.39599609375,1159013
2025-08-20,LSETH-USD,4434.39599609375,4706.8193359375,4416.98388671875,4689.8251953125,1124337
2025-08-21,LSETH-USD,4689.8251953125,4689.8251953125,4557.763671875,4562.998046875,974432
2025-08-22,LSETH-USD,4563.0166015625,5230.8720703125,4557.58251953125,5199.896484375,1524816
2025-08-23,LSETH-USD,5199.77783203125,5203.96337890625,5070.8466796875,5146.09130859375,746482
2025-08-24,LSETH-USD,5146.09130859375,5325.25244140625,5114.72021484375,5160.662109375,1176311
2025-08-25,LSETH-USD,5160.662109375,5166.27685546875,4706.94775390625,4722.1865234375,1317441
2025-08-26,LSETH-USD,4722.1865234375,4964.2392578125,4691.724609375,4952.06640625,1273586
2025-08-27,LSETH-USD,4952.06640625,5003.294921875,4868.91455078125,4869.828125,1122671
2025-08-28,LSETH-USD,4872.2373046875,4964.54833984375,4815.078125,4863.392578125,846657
2025-08-29,LSETH-USD,4863.392578125,4865.40380859375,4647.59521484375,4708.7431640625,1165633
2025-08-30,LSETH-USD,4709.8818359375,4751.70654296875,4651.138671875,4711.72802734375,670725
2025-08-31,LSETH-USD,4711.72802734375,4841.5673828125,4711.72802734375,4773.2041015625,975682
2025-09-01,LSETH-USD,4773.2041015625,4835.091796875,4604.115234375,4641.419921875,1656116
2025-09-02,LSETH-USD,4642.22705078125,4752.1796875,4620.732421875,4668.25048828125,1481302
2025-09-03,LSETH-USD,4668.25048828125,4834.623046875,4645.27783203125,4818.2587890625,1053432
2025-09-04,LSETH-USD,4818.2587890625,4829.0419921875,4624.203125,4661.7119140625,1136684
2025-09-05,LSETH-USD,4661.7119140625,4811.48974609375,4627.71240234375,4655.01611328125,1229062
2025-09-06,LSETH-USD,4655.01611328125,4664.97705078125,4606.28759765625,4619.3232421875,430563
2025-09-07,LSETH-USD,4619.3232421875,4657.23388671875,4615.00244140625,4651.34619140625,439125
2025-09-08,LSETH-USD,4651.34619140625,4710.462890625,4633.7265625,4652.47314453125,845499
2025-09-09,LSETH-USD,4652.47314453125,4711.591796875,4626.57958984375,4653.61083984375,747819
2025-09-10,LSETH-USD,4653.61083984375,4769.896484375,4639.4384765625,4696.3623046875,478754
2025-09-11,LSETH-USD,4696.3623046875,4813.744140625,4692.50048828125,4805.84765625,893504
2025-09-12,LSETH-USD,4805.84765625,5079.59716796875,4804.25439453125,5079.54833984375,923451
2025-09-13,LSETH-USD,5079.54833984375,5127.02294921875,4989.640625,5040.52587890625,965453
2025-09-14,LSETH-USD,5040.52587890625,5055.3662109375,4960.787109375,4982.95654296875,735921
2025-09-15,LSETH-USD,4982.95654296875,5031.29541015625,4850.755859375,4883.0810546875,773850
2025-09-16,LSETH-USD,4883.0810546875,4888.68603515625,4801.82958984375,4867.92138671875,828826
2025-09-17,LSETH-USD,4867.92138671875,4960.3291015625,4821.73486328125,4960.32861328125,1340781
2025-09-18,LSETH-USD,4960.32861328125,4993.666015625,4942.57666015625,4959.62451171875,848176
2025-09-19,LSETH-USD,4959.62451171875,4976.1533203125,4809.369140625,4820.671875,844052
2025-09-20,LSETH-USD,4820.671875,4863.216796875,4820.615234375,4846.3857421875,332148
2025-09-21,LSETH-USD,4846.3857421875,4853.02783203125,4818.13427734375,4820.50341796875,411589
2025-09-22,LSETH-USD,4820.50341796875,4821.3125,4484.0576171875,4536.36474609375,1090139
2025-09-23,LSETH-USD,4536.36474609375,4554.251953125,4487.16943359375,4505.46484375,752837
2025-09-24,LSETH-USD,4505.46484375,4523.8154296875,4459.177734375,4488.697265625,602517
2025-09-25,LSETH-USD,4488.705078125,4494.03857421875,4191.578125,4194.794921875,1204312
2025-09-26,LSETH-USD,4194.794921875,4374.62109375,4192.509765625,4352.51416015625,893313
2025-09-27,LSETH-USD,4352.541015625,4353.314453125,4310.55517578125,4344.86962890625,288602
2025-09-28,LSETH-USD,4344.86962890625,4464.86669921875,4301.74609375,4464.865234375,367745
2025-09-29,LSETH-USD,4464.865234375,4564.4716796875,4430.52880859375,4558.05615234375,429819
2025-09-30,LSETH-USD,4557.74951171875,4563.607421875,4429.40625,4473.0654296875,493281
2025-10-01,LSETH-USD,4473.0654296875,4681.96240234375,4463.49755859375,4680.921875,560301
2025-10-02,LSETH-USD,4683.705078125,4859.12548828125,4676.9033203125,4833.2060546875,689649
2025-10-03,LSETH-USD,4833.2060546875,4901.693359375,4816.99072265625,4886.5263671875,1036783
2025-10-04,LSETH-USD,4886.5263671875,4886.94384765625,4816.3427734375,4846.34814453125,546080
2025-10-05,LSETH-USD,4846.34814453125,4958.68994140625,4840.65966796875,4874.9091796875,926625
2025-10-06,LSETH-USD,4874.9091796875,5089.54296875,4865.0966796875,5071.19921875,1033395
2025-10-07,LSETH-USD,5071.19921875,5104.69970703125,4830.3916015625,4833.40673828125,1497612
2025-10-08,LSETH-USD,4833.40673828125,4894.34619140625,4796.26806640625,4888.47216796875,777036
2025-10-09,LSETH-USD,4888.47216796875,4888.6689453125,4646.69482421875,4716.5068359375,684751
2025-10-10,LSETH-USD,4716.5068359375,4732.4794921875,3777.047119140625,4151.8095703125,596915
2025-10-11,LSETH-USD,4151.8095703125,4152.20849609375,3979.6865234375,4047.995849609375,775344
2025-10-12,LSETH-USD,4047.995849609375,4496.2470703125,4013.850830078125,4480.9150390625,990781
2025-10-13,LSETH-USD,4480.9150390625,4611.416015625,4433.40185546875,4599.1865234375,745847
2025-10-14,LSETH-USD,4599.1865234375,4599.1875,4253.921875,4456.6572265625,603603
2025-10-15,LSETH-USD,4456.6572265625,4501.15478515625,4277.10693359375,4299.73876953125,406372
2025-10-16,LSETH-USD,4298.8935546875,4380.61572265625,4160.81787109375,4175.98583984375,484684
2025-10-17,LSETH-USD,4175.98583984375,4235.20703125,3958.910888671875,4139.53173828125,363597
2025-10-18,LSETH-USD,4139.53173828125,4188.81201171875,4123.44873046875,4175.39111328125,190946
2025-10-19,LSETH-USD,4175.39111328125,4288.3173828125,4149.10400390625,4268.64208984375,435813
2025-10-20,LSETH-USD,4268.64208984375,4348.73974609375,4212.6767578125,4249.6728515625,243284
2025-10-21,LSETH-USD,4249.41796875,4355.89599609375,4110.1103515625,4155.10595703125,327120
2025-10-22,LSETH-USD,4155.2236328125,4156.966796875,3985.010986328125,4032.87255859375,244647
2025-10-23,LSETH-USD,4035.45849609375,4153.2685546875,4035.283447265625,4101.30810546875,200213
2025-10-24,LSETH-USD,4101.30810546875,4222.78857421875,4099.9765625,4183.08642578125,185561
2025-10-25,LSETH-USD,4183.08642578125,4210.31005859375,4180.7080078125,4208.9677734375,127901
2025-10-26,LSETH-USD,4208.9677734375,4424.9384765625,4183.9453125,4424.52587890625,319070
2025-10-27,LSETH-USD,4424.52587890625,4471.578125,4287.98291015625,4292.23095703125,450355
2025-10-28,LSETH-USD,4292.23095703125,4480.4228515625,4262.73876953125,4295.44921875,763356
2025-10-29,LSETH-USD,4295.44921875,4318.91748046875,4201.3095703125,4203.57666015625,335869
2025-10-30,LSETH-USD,4203.57666015625,4227.9287109375,4003.88525390625,4060.319091796875,296445
2025-10-31,LSETH-USD,4062.61279296875,4160.70947265625,4062.612548828125,4135.66259765625,228260
2025-11-01,LSETH-USD,4135.66259765625,4186.07666015625,4123.1962890625,4161.19482421875,155705
2025-11-02,LSETH-USD,4161.19482421875,4192.01611328125,4144.9140625,4166.33837890625,162327
2025-11-03,LSETH-USD,4166.33837890625,4180.41943359375,3865.710205078125,3887.522216796875,206244
2025-11-04,LSETH-USD,3887.522216796875,3936.357177734375,3331.162353515625,3527.8408203125,587248
2025-11-05,LSETH-USD,3527.8408203125,3727.74853515625,3446.66943359375,3682.797119140625,117395
2025-11-06,LSETH-USD,3682.797119140625,3697.24462890625,3538.368408203125,3562.1650390625,98979
2025-11-07,LSETH-USD,3562.1650390625,3731.47607421875,3473.927734375,3711.628173828125,143891
2025-11-08,LSETH-USD,3711.628173828125,3732.947021484375,3635.17041015625,3672.271728515625,292770
2025-11-09,LSETH-USD,3672.271728515625,3863.4150390625,3638.39501953125,3856.230712890625,308760
2025-11-10,LSETH-USD,3857.0029296875,3917.008544921875,3798.756103515625,3845.81787109375,105892
2025-11-11,LSETH-USD,3845.817626953125,3893.286865234375,3685.35986328125,3688.063232421875,153297
2025-11-12,LSETH-USD,3688.287353515625,3841.579833984375,3658.28955078125,3675.048095703125,185368
2025-11-13,LSETH-USD,3674.85595703125,3824.916259765625,3421.042236328125,3498.079345703125,218378
2025-11-14,LSETH-USD,3496.692138671875,3498.799072265625,3346.3037109375,3371.1943359375,331673
2025-11-15,LSETH-USD,3369.8916015625,3458.62890625,3367.659423828125,3419.7685546875,258555
2025-11-16,LSETH-USD,3419.764892578125,3477.667236328125,3292.521484375,3328.606689453125,283644
2025-11-17,LSETH-USD,3328.60546875,3450.286865234375,3210.216064453125,3224.25634765625,179458
2025-11-18,LSETH-USD,3224.252197265625,3371.289794921875,3210.25244140625,3346.2548828125,312613
2025-11-19,LSETH-USD,3346.52294921875,3349.01123046875,3100.651611328125,3189.420166015625,180476
2025-11-20,LSETH-USD,3190.484130859375,3263.68408203125,3005.3544921875,3039.382080078125,129288
2025-11-21,LSETH-USD,3039.382080078125,3066.874267578125,2810.625732421875,2933.146728515625,227394
2025-11-22,LSETH-USD,2931.868408203125,2970.30859375,2899.21630859375,2962.7646484375,62182
2025-11-23,LSETH-USD,2962.6845703125,3026.501220703125,2958.857421875,2992.051513671875,69139
2025-11-24,LSETH-USD,2992.05126953125,3159.57421875,2966.900390625,3150.3994140625,89151
2025-11-25,LSETH-USD,3150.3994140625,3153.880859375,3069.22216796875,3151.3701171875,123465
2025-11-26,LSETH-USD,3151.923095703125,3237.160888671875,3091.863525390625,3229.601318359375,78405
2025-11-27,LSETH-USD,3229.601318359375,3258.74560546875,3197.550537109375,3240.47900390625,55234
2025-11-28,LSETH-USD,3240.47900390625,3285.43359375,3212.776611328125,3248.91796875,79436
2025-11-29,LSETH-USD,3248.91796875,3253.202392578125,3195.3955078125,3198.7333984375,54371
2025-11-30,LSETH-USD,3198.7333984375,3253.611328125,3198.3466796875,3211.941650390625,46653
2025-12-01,LSETH-USD,3211.941650390625,3212.640380859375,2922.53564453125,2995.9921875,97465
2025-12-02,LSETH-USD,2995.9921875,3236.88037109375,2986.648193359375,3217.21435546875,84422
2025-12-03,LSETH-USD,3217.21435546875,3406.794677734375,3207.090087890625,3406.17041015625,69291
2025-12-04,LSETH-USD,3408.4306640625,3433.471435546875,3333.763427734375,3357.405517578125,70085
2025-12-05,LSETH-USD,3357.405517578125,3397.484130859375,3223.474609375,3235.80908203125,84622
2025-12-06,LSETH-USD,3235.80908203125,3268.94775390625,3231.758544921875,3251.305908203125,38050
2025-12-07,LSETH-USD,3251.305908203125,3359.1376953125,3157.10107421875,3260.11376953125,77474
2025-12-08,LSETH-USD,3262.43896484375,3380.286376953125,3259.889404296875,3344.03759765625,83792
2025-12-09,LSETH-USD,3344.03759765625,3618.5048828125,3321.444580078125,3565.696044921875,71985
2025-12-10,LSETH-USD,3565.295654296875,3649.040771484375,3544.004150390625,3571.496826171875,63026
2025-12-11,LSETH-USD,3572.236083984375,3572.240478515625,3395.703857421875,3467.5634765625,48184
2025-12-12,LSETH-USD,3467.5634765625,3487.049560546875,3279.491455078125,3307.498046875,43062
2025-12-13,LSETH-USD,3307.498046875,3353.361572265625,3301.378173828125,3333.799072265625,32870
2025-12-14,LSETH-USD,3333.799072265625,3342.5146484375,3278.43408203125,3291.7265625,53959
2025-12-15,LSETH-USD,3291.7265625,3385.5849609375,3131.732421875,3160.953125,66502
2025-12-16,LSETH-USD,3160.953125,3166.953369140625,3128.67919921875,3163.026123046875,43359
2025-12-17,LSETH-USD,3163.026123046875,3208.107666015625,3019.641357421875,3022.104736328125,62890
2025-12-18,LSETH-USD,3022.104736328125,3183.403076171875,2988.59326171875,3031.521728515625,52219
2025-12-19,LSETH-USD,3031.521728515625,3196.77490234375,3024.0,3183.21337890625,43518
2025-12-20,LSETH-USD,3183.21337890625,3198.634521484375,3173.896728515625,3176.174072265625,21511
2025-12-21,LSETH-USD,3176.174072265625,3200.103515625,3171.378173828125,3184.129150390625,28522
2025-12-22,LSETH-USD,3184.129150390625,3296.493408203125,3184.128173828125,3225.393310546875,159121
2025-12-23,LSETH-USD,3225.393310546875,3244.531982421875,3139.409423828125,3168.396240234375,46532
2025-12-24,LSETH-USD,3168.396240234375,3178.9482421875,3132.10302734375,3169.834716796875,34431
2025-12-25,LSETH-USD,3169.834716796875,3173.284423828125,3135.191650390625,3147.969970703125,51628
2025-12-26,LSETH-USD,3147.969970703125,3192.42138671875,3107.425048828125,3134.25341796875,25538
2025-12-27,LSETH-USD,3134.25341796875,3151.355224609375,3110.71826171875,3144.545654296875,27624
2025-12-28,LSETH-USD,3144.547119140625,3175.858154296875,3123.187255859375,3152.19482421875,23997
2025-12-29,LSETH-USD,3152.19482421875,3250.7509765625,3128.09375,3146.517578125,36395
2025-12-30,LSETH-USD,3146.517578125,3195.50830078125,3138.85791015625,3175.475341796875,29703
2025-12-31,LSETH-USD,3175.475341796875,3211.915771484375,3150.25390625,3176.6416015625,35727
2026-01-01,LSETH-USD,3176.6416015625,3203.095703125,3171.90283203125,3199.616943359375,23771
2026-01-02,LSETH-USD,3199.616943359375,3338.58203125,3195.975341796875,3314.35400390625,13415
2026-01-03,LSETH-USD,3314.35400390625,3340.641845703125,3297.58740234375,3318.5810546875,3233
2026-01-04,LSETH-USD,3318.5810546875,3383.001953125,3318.2880859375,3356.707275390625,18587
2026-01-05,LSETH-USD,3356.707275390625,3465.8408203125,3348.94287109375,3441.286865234375,56301
2026-01-06,LSETH-USD,3441.286865234375,3500.63037109375,3400.02587890625,3491.572021484375,46772
2026-01-07,LSETH-USD,3491.572021484375,3491.909423828125,3349.23681640625,3371.36962890625,11120
2026-01-08,LSETH-USD,3369.75,3393.314697265625,3274.745849609375,3318.560546875,11327
2026-01-09,LSETH-USD,3318.29248046875,3328.4501953125,3267.5205078125,3284.127685546875,4422
2026-01-10,LSETH-USD,3284.127685546875,3399.61083984375,3192.078125,3272.7666015625,7814
2026-01-11,LSETH-USD,3272.7666015625,3463.993896484375,3254.280029296875,3313.844970703125,4233
2026-01-12,LSETH-USD,3313.844970703125,3339.093017578125,3275.026123046875,3287.620361328125,5437
2026-01-13,LSETH-USD,3287.620361328125,3492.709716796875,3275.5322265625,3489.575927734375,4007
2026-01-14,LSETH-USD,3489.575927734375,3609.5361328125,3487.03173828125,3593.3046875,69715
2026-01-15,LSETH-USD,3593.3046875,3593.427734375,3503.8515625,3511.5625,3392
2026-01-16,LSETH-USD,3511.5625,3601.070556640625,3479.79736328125,3547.869384765625,74253
2026-01-17,LSETH-USD,3547.869384765625,3565.400634765625,3517.745849609375,3534.54296875,25218
2026-01-18,LSETH-USD,3534.54296875,3607.129150390625,3522.73876953125,3556.80029296875,80312
2026-01-19,LSETH-USD,3556.80029296875,3590.019287109375,3413.767578125,3431.09765625,27028
2026-01-20,LSETH-USD,3431.09765625,3431.427490234375,3192.44384765625,3197.61083984375,49016
2026-01-21,LSETH-USD,3197.61083984375,3253.7490234375,3100.9228515625,3239.023681640625,14791
2026-01-22,LSETH-USD,3239.023681640625,3246.73779296875,3147.06884765625,3148.514404296875,16581
2026-01-23,LSETH-USD,3148.404296875,3180.0009765625,3101.89501953125,3177.60791015625,19236
2026-01-24,LSETH-USD,3177.60791015625,3188.0478515625,3146.218505859375,3146.264892578125,1178
2026-01-25,LSETH-USD,3146.264892578125,3146.690185546875,3014.51806640625,3017.620849609375,1490
2026-01-26,LSETH-USD,3017.620849609375,3147.420654296875,3017.620849609375,3136.7490234375,4913
2026-01-27,LSETH-USD,3136.7490234375,3250.8779296875,3106.889404296875,3244.638916015625,73625
2026-01-28,LSETH-USD,3244.638916015625,3283.347412109375,3209.26123046875,3239.728515625,42901
2026-01-29,LSETH-USD,3221.98681640625,3221.99267578125,2948.112548828125,2994.31884765625,50111
2026-01-30,LSETH-USD,2994.31884765625,3000.337158203125,2872.57568359375,2879.053466796875,51829
2026-01-31,LSETH-USD,2879.053466796875,2883.321533203125,2467.476806640625,2558.57373046875,107555
2026-02-01,LSETH-USD,2558.57373046875,2583.348388671875,2374.14501953125,2394.35693359375,45369
2026-02-02,LSETH-USD,2394.35693359375,2549.308349609375,2293.40673828125,2478.1171875,128118
2026-02-03,LSETH-USD,2478.16162109375,2489.75244140625,2243.828125,2377.29931640625,32187
2026-02-04,LSETH-USD,2377.29931640625,2432.667724609375,2261.46923828125,2272.5498046875,5849
2026-02-05,LSETH-USD,2272.5498046875,2279.150390625,2010.6080322265625,2011.68115234375,80626
2026-02-06,LSETH-USD,2011.68115234375,2286.6455078125,1994.0885009765625,2248.266357421875,109525
2026-02-07,LSETH-USD,2248.266357421875,2310.0498046875,2217.684814453125,2269.374267578125,60933
2026-02-08,LSETH-USD,2269.374267578125,2303.803466796875,2257.853271484375,2277.535888671875,15108
2026-02-09,LSETH-USD,2277.535888671875,2304.700927734375,2236.51806640625,2260.1630859375,12259
2026-02-10,LSETH-USD,2260.120849609375,2305.859619140625,2166.051513671875,2201.275634765625,8531
