date,symbol,open,high,low,close,volume
2022-08-26,WBT-USD,5.57539701461792,5.590310096740723,4.443161964416504,4.500193119049072,4101325
2022-08-27,WBT-USD,4.500254154205322,4.650356769561768,4.025210857391357,4.238081932067871,2834023
2022-08-28,WBT-USD,4.238061904907227,4.440324783325195,4.133030891418457,4.362123012542725,2468583
2022-08-29,WBT-USD,4.362223148345947,5.899166107177734,4.30803108215332,5.679183006286621,5256521
2022-08-30,WBT-USD,5.679220199584961,6.688608169555664,5.597282886505127,6.304509162902832,5554902
2022-08-31,WBT-USD,6.304568767547607,6.687129020690918,5.958272933959961,6.378105163574219,5540708
2022-09-01,WBT-USD,6.378090858459473,6.4411749839782715,6.258866786956787,6.278066158294678,2437805
2022-09-02,WBT-USD,6.277976989746094,6.485486030578613,6.160237789154053,6.373566150665283,2482729
2022-09-03,WBT-USD,6.373568058013916,6.413620948791504,6.302396774291992,6.337465763092041,4816232
2022-09-04,WBT-USD,6.337480068206787,6.353221893310547,5.955985069274902,6.142376899719238,3895741
2022-09-05,WBT-USD,6.142378807067871,7.1574530601501465,5.164120197296143,6.678254127502441,8043413
2022-09-06,WBT-USD,6.678178787231445,6.988226890563965,5.613073825836182,5.876288890838623,8490584
2022-09-07,WBT-USD,5.876062870025635,6.179051876068115,5.507057189941406,5.8196330070495605,8789203
2022-09-08,WBT-USD,5.8195672035217285,5.819687843322754,5.006392955780029,5.119524002075195,4218724
2022-09-09,WBT-USD,5.119492053985596,5.538370132446289,5.108479976654053,5.243231773376465,2978360
2022-09-10,WBT-USD,5.243228912353516,5.32778787612915,4.991580963134766,5.199462890625,3249836
2022-09-11,WBT-USD,5.199450969696045,6.492805004119873,3.359910011291504,4.520248889923096,37059314
2022-09-12,WBT-USD,4.520269870758057,4.79483699798584,4.244997024536133,4.565929889678955,2705928
2022-09-13,WBT-USD,4.56573486328125,4.690864086151123,3.858302116394043,3.9410970211029053,3051729
2022-09-14,WBT-USD,3.929150104522705,4.699281215667725,3.901278018951416,4.077578067779541,5207808
2022-09-15,WBT-USD,4.077563762664795,4.329949855804443,4.031451225280762,4.105013847351074,1888568
2022-09-16,WBT-USD,4.105009078979492,4.679910182952881,4.104913234710693,4.444915771484375,3352145
2022-09-17,WBT-USD,4.444919109344482,7.600341796875,4.4180498123168945,6.000586986541748,34136726
2022-09-18,WBT-USD,6.000577926635742,6.069896221160889,3.109973907470703,3.9200899600982666,11730289
2022-09-19,WBT-USD,3.9200310707092285,4.590579032897949,2.9801599979400635,4.209446907043457,6367664
2022-09-20,WBT-USD,4.209436893463135,4.500430107116699,4.000266075134277,4.162250995635986,3288397
2022-09-21,WBT-USD,4.162230014801025,4.268435001373291,3.006303071975708,3.1092679500579834,8841679
2022-09-22,WBT-USD,3.10932993888855,3.9383609294891357,3.0372440814971924,3.8579399585723877,3726954
2022-09-23,WBT-USD,3.857978105545044,4.107118129730225,3.8558530807495117,3.9280710220336914,4099602
2022-09-24,WBT-USD,3.9280900955200195,3.9482998847961426,3.8131649494171143,3.8165500164031982,3115328
2022-09-25,WBT-USD,3.8168139457702637,3.865483045578003,3.6030900478363037,3.6221749782562256,5870079
2022-09-26,WBT-USD,3.6221470832824707,3.8913140296936035,3.58052396774292,3.76235294342041,7721461
2022-09-27,WBT-USD,3.7623291015625,4.117455959320068,3.7410449981689453,4.072526931762695,4818091
2022-09-28,WBT-USD,4.0733489990234375,5.902050971984863,3.9708950519561768,5.8606061935424805,16598635
2022-09-29,WBT-USD,5.859944820404053,5.984702110290527,5.793407917022705,5.896895885467529,7990572
2022-09-30,WBT-USD,5.896603107452393,10.902999877929688,5.843038082122803,10.391122817993164,39635700
2022-10-01,WBT-USD,10.392788887023926,10.8591890335083,10.316571235656738,10.777917861938477,13921227
2022-10-02,WBT-USD,10.777941703796387,11.154423713684082,10.6038236618042,11.154423713684082,9294483
2022-10-03,WBT-USD,11.156862258911133,11.619072914123535,11.086610794067383,11.617356300354004,16269521
2022-10-04,WBT-USD,11.617433547973633,11.992505073547363,11.349288940429688,11.682476997375488,13793432
2022-10-05,WBT-USD,11.680692672729492,12.186824798583984,11.618964195251465,11.900986671447754,12225901
2022-10-06,WBT-USD,11.900996208190918,11.948339462280273,11.027000427246094,11.176182746887207,12649113
2022-10-07,WBT-USD,11.176057815551758,11.192166328430176,11.021081924438477,11.046822547912598,10115924
2022-10-08,WBT-USD,11.046853065490723,11.09532642364502,10.955073356628418,11.025687217712402,9901288
2022-10-09,WBT-USD,11.028709411621094,11.102805137634277,10.98965835571289,11.086759567260742,10637801
2022-10-10,WBT-USD,11.09138011932373,11.177886009216309,11.034309387207031,11.093661308288574,9858244
2022-10-11,WBT-USD,11.091865539550781,11.105813026428223,11.079106330871582,11.084623336791992,7247910
2022-10-12,WBT-USD,11.084845542907715,11.194499969482422,11.064624786376953,11.179072380065918,7955356
2022-10-13,WBT-USD,11.179072380065918,11.180541038513184,10.686599731445312,11.064303398132324,9619150
2022-10-14,WBT-USD,11.064359664916992,11.179142951965332,11.013978958129883,11.176277160644531,12435522
2022-10-15,WBT-USD,11.176261901855469,13.1703519821167,11.171867370605469,13.155165672302246,20890217
2022-10-16,WBT-USD,13.15512752532959,13.884790420532227,13.140364646911621,13.710132598876953,11117961
2022-10-17,WBT-USD,13.707734107971191,13.785957336425781,13.351001739501953,13.43200397491455,14905968
2022-10-18,WBT-USD,13.432036399841309,13.568185806274414,13.27382755279541,13.29097843170166,16804504
2022-10-19,WBT-USD,13.290966987609863,13.455669403076172,13.281722068786621,13.4536771774292,17426926
2022-10-20,WBT-USD,13.453476905822754,13.696282386779785,13.365504264831543,13.567359924316406,16039178
2022-10-21,WBT-USD,13.567434310913086,13.6159029006958,12.152585983276367,12.705313682556152,14743981
2022-10-22,WBT-USD,12.705321311950684,12.76439094543457,12.237980842590332,12.348749160766602,17092931
2022-10-23,WBT-USD,12.348506927490234,12.349806785583496,12.144737243652344,12.146648406982422,16234959
2022-10-24,WBT-USD,12.146570205688477,12.200944900512695,12.110733032226562,12.16672134399414,13884022
2022-10-25,WBT-USD,12.166587829589844,12.182978630065918,12.086549758911133,12.149558067321777,15569938
2022-10-26,WBT-USD,12.145801544189453,13.366989135742188,12.101619720458984,13.356025695800781,18913152
2022-10-27,WBT-USD,13.35608959197998,14.58795166015625,13.247590065002441,14.52415943145752,23339872
2022-10-28,WBT-USD,14.524225234985352,14.571569442749023,14.498499870300293,14.50993537902832,26434953
2022-10-29,WBT-USD,14.510196685791016,14.552273750305176,14.382274627685547,14.422172546386719,26943468
2022-10-30,WBT-USD,14.422171592712402,14.4904203414917,14.34769344329834,14.381976127624512,26228300
2022-10-31,WBT-USD,14.38239574432373,14.54403305053711,12.371620178222656,12.381561279296875,24970024
2022-11-01,WBT-USD,12.381701469421387,12.396696090698242,10.632930755615234,10.64856243133545,22937571
2022-11-02,WBT-USD,10.648500442504883,10.648500442504883,10.159974098205566,10.218481063842773,16018789
2022-11-03,WBT-USD,10.21855640411377,10.219801902770996,9.64618968963623,9.66439437866211,16675152
2022-11-04,WBT-USD,9.664652824401855,9.795024871826172,9.187491416931152,9.188617706298828,32553778
2022-11-05,WBT-USD,9.187865257263184,9.191563606262207,8.623799324035645,8.66088581085205,28225702
2022-11-06,WBT-USD,8.660959243774414,8.862735748291016,8.604766845703125,8.746773719787598,26484069
2022-11-07,WBT-USD,8.746774673461914,8.752373695373535,8.278937339782715,8.285429954528809,23131878
2022-11-08,WBT-USD,8.284933090209961,8.286086082458496,6.55495023727417,6.637062072753906,21998011
2022-11-09,WBT-USD,6.638609886169434,7.142025947570801,6.244534969329834,6.923192024230957,21896224
2022-11-10,WBT-USD,6.9233012199401855,6.937490940093994,6.600224018096924,6.707995891571045,19457232
2022-11-11,WBT-USD,6.707705974578857,6.708615779876709,6.322964191436768,6.334310054779053,21263129
2022-11-12,WBT-USD,6.333930969238281,6.334877967834473,6.128424167633057,6.129857063293457,21832506
2022-11-13,WBT-USD,6.12986421585083,6.1356658935546875,5.385916233062744,5.479423999786377,18070085
2022-11-14,WBT-USD,5.479401111602783,5.493863105773926,5.440673828125,5.472379207611084,16448760
2022-11-15,WBT-USD,5.472671031951904,5.480215072631836,5.4648518562316895,5.468461990356445,19016104
2022-11-16,WBT-USD,5.468495845794678,5.469583988189697,5.42328405380249,5.424289226531982,18512989
2022-11-17,WBT-USD,5.424405097961426,5.45527982711792,5.413111209869385,5.414731979370117,19025965
2022-11-18,WBT-USD,5.414650917053223,5.416432857513428,5.343188762664795,5.345469951629639,18899072
2022-11-19,WBT-USD,5.344786167144775,5.3475189208984375,5.325016975402832,5.326399803161621,11722363
2022-11-20,WBT-USD,5.326315879821777,5.330760955810547,5.231804847717285,5.234547138214111,14380824
2022-11-21,WBT-USD,5.23446798324585,5.23446798324585,4.983908176422119,4.987579822540283,10562489
2022-11-22,WBT-USD,4.987537860870361,4.98776388168335,4.902306079864502,4.9045000076293945,11116548
2022-11-23,WBT-USD,4.905045986175537,4.923696041107178,4.902486801147461,4.91734504699707,21083306
2022-11-24,WBT-USD,4.917329788208008,4.925403118133545,4.913638114929199,4.914391994476318,20367869
2022-11-25,WBT-USD,4.914597034454346,4.932785987854004,4.9031829833984375,4.9296159744262695,19355699
2022-11-26,WBT-USD,4.92961311340332,4.931070804595947,4.903359889984131,4.91737699508667,19660664
2022-11-27,WBT-USD,4.917348861694336,4.941819190979004,4.91372013092041,4.922369956970215,20000278
2022-11-28,WBT-USD,4.922354221343994,4.92295503616333,4.889890193939209,4.89023494720459,19689272
2022-11-29,WBT-USD,4.890235900878906,4.9004621505737305,4.833620071411133,4.833620071411133,19439779
2022-11-30,WBT-USD,4.833816051483154,4.861443996429443,4.833816051483154,4.84938907623291,17826615
2022-12-01,WBT-USD,4.8494791984558105,4.8598151206970215,4.843472003936768,4.84731388092041,16541356
2022-12-02,WBT-USD,4.847300052642822,4.8544158935546875,4.845180988311768,4.846582889556885,16872662
2022-12-03,WBT-USD,4.846586227416992,4.847133159637451,4.831881999969482,4.8321309089660645,15801707
2022-12-04,WBT-USD,4.832132816314697,4.835171222686768,4.829024791717529,4.833855152130127,11180479
2022-12-05,WBT-USD,4.833829879760742,4.846940040588379,4.83049201965332,4.833055019378662,13407959
2022-12-06,WBT-USD,4.832809925079346,4.838489055633545,4.805983066558838,4.8132147789001465,13102799
2022-12-07,WBT-USD,4.813158988952637,4.8151960372924805,4.785868167877197,4.793014049530029,13625818
2022-12-08,WBT-USD,4.7930779457092285,4.794684886932373,4.769435882568359,4.7707719802856445,12456872
2022-12-09,WBT-USD,4.770438194274902,4.771696090698242,4.751995086669922,4.755752086639404,8919889
2022-12-10,WBT-USD,4.755774974822998,4.7561869621276855,4.718510150909424,4.720400810241699,7688029
2022-12-11,WBT-USD,4.72024393081665,4.727036952972412,4.719060897827148,4.722685813903809,4690337
2022-12-12,WBT-USD,4.722468852996826,4.722468852996826,4.507174015045166,4.554055213928223,11907762
2022-12-13,WBT-USD,4.554721832275391,4.928397178649902,4.161487102508545,4.721311092376709,11063084
2022-12-14,WBT-USD,4.721311092376709,4.794044017791748,4.6161041259765625,4.732444763183594,11845274
2022-12-15,WBT-USD,4.732326030731201,4.7604451179504395,4.589498043060303,4.597366809844971,10936662
2022-12-16,WBT-USD,4.5975341796875,4.620203018188477,4.519164085388184,4.519748210906982,9999325
2022-12-17,WBT-USD,4.520391941070557,4.5431132316589355,4.365571022033691,4.374396800994873,9823721
2022-12-18,WBT-USD,4.37439489364624,4.471814155578613,4.367512226104736,4.469171047210693,9545105
2022-12-19,WBT-USD,4.469183921813965,4.478550910949707,4.324963092803955,4.327566146850586,8506385
2022-12-20,WBT-USD,4.327416896820068,4.352995872497559,4.236419200897217,4.245940208435059,7654269
2022-12-21,WBT-USD,4.245940208435059,4.2465739250183105,4.156060218811035,4.161665916442871,4380020
2022-12-22,WBT-USD,4.161748886108398,4.171875,4.130922794342041,4.137753009796143,4717959
2022-12-23,WBT-USD,4.1376848220825195,4.140655994415283,4.119627952575684,4.120932102203369,6553596
2022-12-24,WBT-USD,4.120948791503906,4.128122806549072,4.089440822601318,4.090500831604004,3719595
2022-12-25,WBT-USD,4.090521812438965,4.132976055145264,4.083003044128418,4.111806869506836,3199231
2022-12-26,WBT-USD,4.111728191375732,4.119233131408691,4.107387065887451,4.115903854370117,1742081
2022-12-27,WBT-USD,4.115929126739502,4.119439125061035,4.098196029663086,4.098196029663086,1760070
2022-12-28,WBT-USD,4.098190784454346,4.107402801513672,4.074737071990967,4.0856218338012695,1952152
2022-12-29,WBT-USD,4.085629940032959,4.09342098236084,4.071576118469238,4.074975967407227,1556884
2022-12-30,WBT-USD,4.075040817260742,4.089502811431885,4.0715179443359375,4.082682132720947,3538082
2022-12-31,WBT-USD,4.0825419425964355,4.091738224029541,4.065184116363525,4.080545902252197,7393131
2023-01-01,WBT-USD,4.0805559158325195,4.0955071449279785,4.076202869415283,4.091056823730469,7272410
2023-01-02,WBT-USD,4.090696811676025,4.1090240478515625,4.085390090942383,4.093327045440674,7310581
2023-01-03,WBT-USD,4.093164920806885,4.097823143005371,4.076395034790039,4.0810627937316895,7436924
2023-01-04,WBT-USD,4.081080913543701,4.10451602935791,4.0789570808410645,4.089666843414307,7407873
2023-01-05,WBT-USD,4.089686870574951,4.094111919403076,4.081655979156494,4.082629203796387,6174761
2023-01-06,WBT-USD,4.082643985748291,4.0958051681518555,4.077635765075684,4.083071231842041,4765035
2023-01-07,WBT-USD,4.083077907562256,4.091620922088623,4.070346832275391,4.073522090911865,4893764
2023-01-08,WBT-USD,4.073400974273682,4.081252098083496,4.055616855621338,4.06094217300415,6437959
2023-01-09,WBT-USD,4.060723781585693,4.155012130737305,4.051581859588623,4.079308986663818,8833658
2023-01-10,WBT-USD,4.079306125640869,4.080844879150391,4.057827949523926,4.061845779418945,7454800
2023-01-11,WBT-USD,4.0618109703063965,4.079102993011475,4.037100791931152,4.0416669845581055,8212284
2023-01-12,WBT-USD,4.041869163513184,4.04597282409668,3.992871046066284,3.994709014892578,8147259
2023-01-13,WBT-USD,3.9947080612182617,3.9947080612182617,3.7045938968658447,3.71254301071167,13766379
2023-01-14,WBT-USD,3.712244987487793,3.7428510189056396,3.671565055847168,3.6743690967559814,10846898
2023-01-15,WBT-USD,3.675041913986206,3.676121950149536,3.637399911880493,3.6421639919281006,10120785
2023-01-16,WBT-USD,3.641969919204712,3.6491520404815674,3.525438070297241,3.526474952697754,9112522
2023-01-17,WBT-USD,3.526474952697754,3.531804084777832,3.442203998565674,3.4442028999328613,7551486
2023-01-18,WBT-USD,3.4442288875579834,3.444317102432251,3.3231000900268555,3.3231000900268555,5589429
2023-01-19,WBT-USD,3.3230080604553223,3.40712308883667,3.3129379749298096,3.401434898376465,5855257
2023-01-20,WBT-USD,3.401618003845215,3.551827907562256,3.390225887298584,3.5336289405822754,9839108
2023-01-21,WBT-USD,3.534374952316284,3.5813090801239014,3.5188069343566895,3.5469160079956055,6854063
2023-01-22,WBT-USD,3.5470099449157715,3.5511159896850586,3.498776912689209,3.5011749267578125,6551314
2023-01-23,WBT-USD,3.5013999938964844,3.5068070888519287,3.4818220138549805,3.483788013458252,8150552
2023-01-24,WBT-USD,3.4838130474090576,3.489553928375244,3.447866916656494,3.449847936630249,9041896
2023-01-25,WBT-USD,3.4498488903045654,3.5438830852508545,3.4035229682922363,3.483849048614502,10049093
2023-01-26,WBT-USD,3.482603073120117,3.4875218868255615,3.4234580993652344,3.4367289543151855,9991132
2023-01-27,WBT-USD,3.436898946762085,3.439234972000122,3.41742205619812,3.4193079471588135,7570868
2023-01-28,WBT-USD,3.419128894805908,3.42166805267334,3.400657892227173,3.4033310413360596,6487502
2023-01-29,WBT-USD,3.403347969055176,3.412838935852051,3.3942370414733887,3.3960890769958496,7204026
2023-01-30,WBT-USD,3.3960890769958496,3.3973801136016846,3.349355936050415,3.3553929328918457,9242545
2023-01-31,WBT-USD,3.355556011199951,3.358362913131714,3.335577964782715,3.3450939655303955,7751386
2023-02-01,WBT-USD,3.345057964324951,3.3510050773620605,3.3079400062561035,3.318665027618408,9849837
2023-02-02,WBT-USD,3.3184750080108643,3.3317110538482666,3.297775983810425,3.2994110584259033,7390660
2023-02-03,WBT-USD,3.2995951175689697,3.3633360862731934,3.2808759212493896,3.354326009750366,4154944
2023-02-04,WBT-USD,3.3543450832366943,3.3745529651641846,3.346266031265259,3.3658370971679688,2245271
2023-02-05,WBT-USD,3.365912914276123,3.3737690448760986,3.3406670093536377,3.3440370559692383,2403675
2023-02-06,WBT-USD,3.344022035598755,3.356182098388672,3.326327085494995,3.3294880390167236,2618649
2023-02-07,WBT-USD,3.329339027404785,3.3482189178466797,3.3189609050750732,3.341732978820801,2548553
2023-02-08,WBT-USD,3.341733932495117,3.344532012939453,3.315721035003662,3.3238070011138916,2132198
2023-02-09,WBT-USD,3.32383394241333,3.3279099464416504,3.285742998123169,3.2887940406799316,2172430
2023-02-10,WBT-USD,3.2887940406799316,3.2929160594940186,3.2590489387512207,3.261193037033081,1849334
2023-02-11,WBT-USD,3.2611939907073975,3.273008108139038,3.247502088546753,3.271009922027588,2110867
2023-02-12,WBT-USD,3.271178960800171,3.29522705078125,3.2623839378356934,3.2860610485076904,2961775
2023-02-13,WBT-USD,3.2860610485076904,3.2860610485076904,3.0811140537261963,3.105262041091919,4939548
2023-02-14,WBT-USD,3.105545997619629,4.060923099517822,3.096903085708618,4.047701835632324,9099349
2023-02-15,WBT-USD,4.047567844390869,4.13356876373291,4.004424095153809,4.128302097320557,3256295
2023-02-16,WBT-USD,4.128284931182861,4.146105766296387,4.072809219360352,4.074869155883789,3017902
2023-02-17,WBT-USD,4.074886798858643,4.0768208503723145,3.8832879066467285,3.967582941055298,3880391
2023-02-18,WBT-USD,3.967716932296753,4.000085830688477,3.924700975418091,3.993865966796875,2335190
2023-02-19,WBT-USD,3.9938340187072754,4.005096912384033,3.9799959659576416,3.9963560104370117,1597256
2023-02-20,WBT-USD,3.996330976486206,4.039809226989746,3.9810619354248047,4.014627933502197,3173679
2023-02-21,WBT-USD,4.014651775360107,4.055984973907471,3.9581170082092285,3.96943998336792,3287726
2023-02-22,WBT-USD,3.969444990158081,3.9704999923706055,3.874138116836548,3.8933920860290527,2936261
2023-02-23,WBT-USD,3.8933920860290527,3.9122180938720703,3.8738389015197754,3.8809609413146973,2940688
2023-02-24,WBT-USD,3.881211042404175,3.88405704498291,3.801068067550659,3.8068630695343018,3015051
2023-02-25,WBT-USD,3.807046890258789,3.8107619285583496,3.7595839500427246,3.7705280780792236,2271030
2023-02-26,WBT-USD,3.7705790996551514,3.8010458946228027,3.7565300464630127,3.7902109622955322,2098747
2023-02-27,WBT-USD,3.7901980876922607,3.888650894165039,3.784411907196045,3.8595430850982666,3054900
2023-02-28,WBT-USD,3.859555959701538,3.870297908782959,3.822329044342041,3.8228371143341064,2328773
2023-03-01,WBT-USD,3.8227710723876953,3.8786609172821045,3.815835952758789,3.855513095855713,2824571
2023-03-02,WBT-USD,3.8556580543518066,3.864132881164551,3.8449630737304688,3.8550190925598145,2295592
2023-03-03,WBT-USD,3.8550350666046143,3.857609987258911,3.806988000869751,3.813110113143921,2598909
2023-03-04,WBT-USD,3.813143014907837,3.819206953048706,3.7898480892181396,3.8017899990081787,2586839
2023-03-05,WBT-USD,3.8017020225524902,3.807631015777588,3.7828760147094727,3.791872024536133,2433712
2023-03-06,WBT-USD,3.7919280529022217,3.8020288944244385,3.7804698944091797,3.790802001953125,2196211
2023-03-07,WBT-USD,3.7906150817871094,3.7970778942108154,3.756632089614868,3.776669979095459,2365789
2023-03-08,WBT-USD,3.7765300273895264,3.779623031616211,3.7082810401916504,3.7103519439697266,2522748
2023-03-09,WBT-USD,3.7109339237213135,3.7135629653930664,3.634674072265625,3.647986888885498,9954821
2023-03-10,WBT-USD,3.6486780643463135,3.6486780643463135,3.5787129402160645,3.590656042098999,11211137
2023-03-11,WBT-USD,3.590635061264038,3.6158080101013184,3.5637760162353516,3.6067628860473633,11430204
2023-03-12,WBT-USD,3.6066370010375977,3.761889934539795,3.5917820930480957,3.752377986907959,10729448
2023-03-13,WBT-USD,3.7532150745391846,4.509700775146484,3.6174368858337402,4.476058006286621,22123165
2023-03-14,WBT-USD,4.476100921630859,4.56033992767334,4.274734020233154,4.3559417724609375,17130388
2023-03-15,WBT-USD,4.355696201324463,4.381259918212891,4.298491954803467,4.321152210235596,17124097
2023-03-16,WBT-USD,4.321101188659668,4.32647180557251,4.252930164337158,4.271481990814209,15708801
2023-03-17,WBT-USD,4.27147912979126,5.195006847381592,4.260585784912109,5.170419216156006,20823805
2023-03-18,WBT-USD,5.16923713684082,5.178774833679199,5.044384002685547,5.0487751960754395,9259950
2023-03-19,WBT-USD,5.048885822296143,5.074303150177002,5.01832914352417,5.047181129455566,11787782
2023-03-20,WBT-USD,5.046856880187988,5.052359104156494,4.764675140380859,4.786149024963379,12891855
2023-03-21,WBT-USD,4.787787914276123,4.86063289642334,4.708919048309326,4.802192211151123,12729074
2023-03-22,WBT-USD,4.802924156188965,5.015667915344238,4.759309768676758,4.827675819396973,13594323
2023-03-23,WBT-USD,4.829278945922852,5.041355133056641,4.762031078338623,4.9589009284973145,13770992
2023-03-24,WBT-USD,4.959078788757324,5.213470935821533,4.881661891937256,5.18323278427124,15477033
2023-03-25,WBT-USD,5.183751106262207,5.1892571449279785,5.075121879577637,5.087751865386963,10790388
2023-03-26,WBT-USD,5.086464881896973,5.109251976013184,5.041690826416016,5.056693077087402,11492961
2023-03-27,WBT-USD,5.057445049285889,5.131163120269775,4.809815883636475,5.082076072692871,12173305
2023-03-28,WBT-USD,5.086153984069824,5.094080924987793,4.973854064941406,5.075890064239502,11427074
2023-03-29,WBT-USD,5.075344085693359,5.354075908660889,5.074623107910156,5.3293070793151855,14508935
2023-03-30,WBT-USD,5.3293609619140625,5.359402179718018,5.263494968414307,5.292450904846191,12095381
2023-03-31,WBT-USD,5.291778087615967,5.368165969848633,5.253410816192627,5.345209121704102,12734535
2023-04-01,WBT-USD,5.344367980957031,5.3722920417785645,5.333817005157471,5.340529918670654,10967325
2023-04-02,WBT-USD,5.338380813598633,5.350143909454346,5.305682182312012,5.317825794219971,11730162
2023-04-03,WBT-USD,5.317884922027588,5.319528102874756,5.190359115600586,5.229400157928467,12400234
2023-04-04,WBT-USD,5.229921817779541,5.229921817779541,5.1706461906433105,5.182797908782959,12401131
2023-04-05,WBT-USD,5.182806968688965,5.206052780151367,5.124435901641846,5.126996994018555,14444427
2023-04-06,WBT-USD,5.1272969245910645,5.1272969245910645,4.969409942626953,4.969409942626953,9963384
2023-04-07,WBT-USD,4.968349933624268,4.969062805175781,4.908987045288086,4.917201042175293,8606957
2023-04-08,WBT-USD,4.916709899902344,4.933688163757324,4.901144981384277,4.917634010314941,9256124
2023-04-09,WBT-USD,4.917664051055908,4.928537845611572,4.858368873596191,4.876161098480225,8841281
2023-04-10,WBT-USD,4.876321792602539,4.902605056762695,4.847088813781738,4.902346134185791,9444418
2023-04-11,WBT-USD,4.90238094329834,4.915265083312988,4.8732099533081055,4.8801960945129395,6073581
2023-04-12,WBT-USD,4.88041877746582,4.88041877746582,4.80539083480835,4.81016206741333,2369598
2023-04-13,WBT-USD,4.810701847076416,4.823473930358887,4.804098129272461,4.821347236633301,1825458
2023-04-14,WBT-USD,4.8216657638549805,4.939215183258057,4.805270195007324,4.871377944946289,3266234
2023-04-15,WBT-USD,4.871459007263184,4.871603965759277,4.823139190673828,4.828314781188965,2098650
2023-04-16,WBT-USD,4.828039169311523,4.844440937042236,4.820586204528809,4.833897113800049,1662689
2023-04-17,WBT-USD,4.834001064300537,4.839561939239502,4.787045001983643,4.7939300537109375,2202301
2023-04-18,WBT-USD,4.794025897979736,4.905578136444092,4.778163909912109,4.862500190734863,2849570
2023-04-19,WBT-USD,4.8623881340026855,4.867870807647705,4.785600185394287,4.790924072265625,2401294
2023-04-20,WBT-USD,4.791444778442383,4.791444778442383,4.72162389755249,4.73527193069458,2519792
2023-04-21,WBT-USD,4.735636234283447,4.7533698081970215,4.654010772705078,4.663427829742432,2544645
2023-04-22,WBT-USD,4.662237167358398,4.719577789306641,4.636157035827637,4.7066731452941895,2406899
2023-04-23,WBT-USD,4.706730842590332,4.711863040924072,4.677890777587891,4.68294620513916,1999090
2023-04-24,WBT-USD,4.682927131652832,4.695259094238281,4.622119903564453,4.660217761993408,2550875
2023-04-25,WBT-USD,4.65978479385376,4.811971187591553,4.635677814483643,4.732020854949951,2838266
2023-04-26,WBT-USD,4.7326979637146,4.860289096832275,4.674559116363525,4.732785224914551,3602252
2023-04-27,WBT-USD,4.732693195343018,4.859838962554932,4.7136359214782715,4.8153910636901855,3041472
2023-04-28,WBT-USD,4.8148651123046875,4.817333221435547,4.770077228546143,4.804030895233154,7526556
2023-04-29,WBT-USD,4.803988933563232,4.8057122230529785,4.773871898651123,4.785521030426025,12317002
2023-04-30,WBT-USD,4.785068988800049,4.843077182769775,4.738667011260986,4.780360221862793,12772522
2023-05-01,WBT-USD,4.778684139251709,4.786009788513184,4.694141864776611,4.703314781188965,12450490
2023-05-02,WBT-USD,4.703901767730713,4.771549224853516,4.687500953674316,4.745349884033203,10962701
2023-05-03,WBT-USD,4.745704174041748,4.82537317276001,4.706264972686768,4.793810844421387,11203040
2023-05-04,WBT-USD,4.791324138641357,4.803739070892334,4.757748126983643,4.765275001525879,10508286
2023-05-05,WBT-USD,4.7652387619018555,4.893067836761475,4.755834102630615,4.887836933135986,12768115
2023-05-06,WBT-USD,4.88768196105957,4.895648002624512,4.7780609130859375,4.779534816741943,9156437
2023-05-07,WBT-USD,4.779611110687256,4.793698787689209,4.742372989654541,4.754810810089111,11589793
2023-05-08,WBT-USD,4.75423002243042,4.758955001831055,4.660212993621826,4.692553997039795,11467072
2023-05-09,WBT-USD,4.692812919616699,4.701323986053467,4.664971828460693,4.681000232696533,10320159
2023-05-10,WBT-USD,4.681347846984863,4.723855018615723,4.674083232879639,4.70977783203125,11110098
2023-05-11,WBT-USD,4.709910869598389,4.716969013214111,4.636548042297363,4.665884017944336,12545571
2023-05-12,WBT-USD,4.667411804199219,4.676586151123047,4.6204938888549805,4.653523921966553,12874549
2023-05-13,WBT-USD,4.654860019683838,4.666560173034668,4.6442551612854,4.651518821716309,11520562
2023-05-14,WBT-USD,4.651504039764404,4.681406021118164,4.637038230895996,4.669053077697754,11556238
2023-05-15,WBT-USD,4.668569087982178,4.706484794616699,4.663571834564209,4.687631130218506,10370920
2023-05-16,WBT-USD,4.6877288818359375,4.701703071594238,4.646864891052246,4.65724515914917,11712553
2023-05-17,WBT-USD,4.657548904418945,4.674441814422607,4.633893013000488,4.669559955596924,11477444
2023-05-18,WBT-USD,4.670834064483643,4.700232982635498,4.644800186157227,4.662951946258545,9214054
2023-05-19,WBT-USD,4.663050174713135,4.678884983062744,4.649352073669434,4.668118000030518,9591431
2023-05-20,WBT-USD,4.6681060791015625,4.685472011566162,4.663521766662598,4.673580169677734,7073619
2023-05-21,WBT-USD,4.673525810241699,4.688651084899902,4.653829097747803,4.658833980560303,4918734
2023-05-22,WBT-USD,4.659279823303223,4.6619791984558105,4.6031317710876465,4.616517066955566,11296931
2023-05-23,WBT-USD,4.616775989532471,4.653522968292236,4.600028038024902,4.626501083374023,11083160
2023-05-24,WBT-USD,4.62665319442749,4.627603054046631,4.549100875854492,4.558773040771484,11335037
2023-05-25,WBT-USD,4.558621883392334,4.586338996887207,4.525506973266602,4.5770039558410645,12874945
2023-05-26,WBT-USD,4.5769548416137695,4.721797943115234,4.566232204437256,4.711843013763428,11916237
2023-05-27,WBT-USD,4.7109761238098145,4.7156219482421875,4.689848899841309,4.707798004150391,12579431
2023-05-28,WBT-USD,4.708010196685791,4.8095221519470215,4.700409889221191,4.797680854797363,13596691
2023-05-29,WBT-USD,4.798226833343506,4.810696125030518,4.770946025848389,4.770946025848389,12765154
2023-05-30,WBT-USD,4.770890235900879,4.900897979736328,4.767238140106201,4.88185977935791,13005758
2023-05-31,WBT-USD,4.881929874420166,4.898913860321045,4.843152046203613,4.858811855316162,13188738
2023-06-01,WBT-USD,4.858531951904297,4.946940898895264,4.847384929656982,4.8936448097229,13337104
2023-06-02,WBT-USD,4.893588066101074,4.926805019378662,4.888304233551025,4.921413898468018,14232353
2023-06-03,WBT-USD,4.921184062957764,4.923089027404785,4.897061824798584,4.904295921325684,12592628
2023-06-04,WBT-USD,4.904033184051514,4.918745040893555,4.89809513092041,4.905026912689209,14504104
2023-06-05,WBT-USD,4.904677867889404,4.914182186126709,4.769391059875488,4.783642768859863,13618230
2023-06-06,WBT-USD,4.783177852630615,4.854745864868164,4.772264003753662,4.847826957702637,14764325
2023-06-07,WBT-USD,4.847860813140869,4.851329803466797,4.807125091552734,4.812135219573975,10984543
2023-06-08,WBT-USD,4.8123369216918945,4.837264060974121,4.808032035827637,4.825654983520508,8870925
2023-06-09,WBT-USD,4.8263068199157715,4.837094783782959,4.808938026428223,4.811977863311768,9021875
2023-06-10,WBT-USD,4.8119120597839355,4.820423126220703,4.661074161529541,4.661074161529541,9094180
2023-06-11,WBT-USD,4.661233901977539,4.681376934051514,4.6550140380859375,4.675217151641846,8219871
2023-06-12,WBT-USD,4.6749420166015625,4.678304195404053,4.653711795806885,4.67172384262085,8543091
2023-06-13,WBT-USD,4.6719279289245605,4.717358112335205,4.653189182281494,4.71018123626709,8598250
2023-06-14,WBT-USD,4.71018123626709,4.735703945159912,4.680471897125244,4.727485179901123,6771124
2023-06-15,WBT-USD,4.727518081665039,4.729118824005127,4.677567005157471,4.7146759033203125,5982247
2023-06-16,WBT-USD,4.714674949645996,4.799343109130859,4.710000038146973,4.799127101898193,4785000
2023-06-17,WBT-USD,4.7986249923706055,4.81627082824707,4.7924089431762695,4.8036417961120605,4513924
2023-06-18,WBT-USD,4.803403854370117,4.808961868286133,4.787737846374512,4.7967681884765625,4377995
2023-06-19,WBT-USD,4.796910762786865,4.852066993713379,4.790881156921387,4.8325018882751465,4254253
2023-06-20,WBT-USD,4.832265853881836,4.884550094604492,4.810719966888428,4.86261510848999,4464934
2023-06-21,WBT-USD,4.862597942352295,4.945620059967041,4.8537139892578125,4.914369106292725,5741965
2023-06-22,WBT-USD,4.91432523727417,4.943398952484131,4.884632110595703,4.902854919433594,4085713
2023-06-23,WBT-USD,4.9028849601745605,5.067451000213623,4.880596160888672,5.016097068786621,5462014
2023-06-24,WBT-USD,5.019337177276611,5.037923812866211,5.00731897354126,5.007826805114746,4679920
2023-06-25,WBT-USD,5.007981777191162,5.035697937011719,4.998437881469727,5.0118021965026855,4029490
2023-06-26,WBT-USD,5.011663913726807,5.036900043487549,4.995604038238525,5.015573024749756,4613836
2023-06-27,WBT-USD,5.015160083770752,5.066734790802002,5.0000529289245605,5.066208839416504,4681030
2023-06-28,WBT-USD,5.066522121429443,5.071146011352539,5.021973133087158,5.045362949371338,4451968
2023-06-29,WBT-USD,5.045401096343994,5.166143894195557,5.045401096343994,5.1604461669921875,4542796
2023-06-30,WBT-USD,5.16024112701416,5.262883186340332,5.148592948913574,5.258714199066162,4592360
2023-07-01,WBT-USD,5.25915002822876,5.314792156219482,5.2506208419799805,5.313108921051025,3108445
2023-07-02,WBT-USD,5.3131327629089355,5.358128070831299,5.309790134429932,5.351656913757324,3779642
2023-07-03,WBT-USD,5.351298809051514,5.367404937744141,5.325049877166748,5.35310697555542,4245540
2023-07-04,WBT-USD,5.353216171264648,5.364813804626465,5.321188926696777,5.34458589553833,4447230
2023-07-05,WBT-USD,5.345251083374023,5.356544017791748,5.288801193237305,5.312263011932373,4661778
2023-07-06,WBT-USD,5.312249183654785,5.400753974914551,5.311497211456299,5.37709903717041,5246333
2023-07-07,WBT-USD,5.37775182723999,5.392315864562988,5.363027095794678,5.389657020568848,4421795
2023-07-08,WBT-USD,5.389283180236816,5.411896228790283,5.381761074066162,5.400829792022705,3784759
2023-07-09,WBT-USD,5.400692939758301,5.405900001525879,5.385287761688232,5.395876884460449,4009432
2023-07-10,WBT-USD,5.395907878875732,5.418036937713623,5.370439052581787,5.400863170623779,7656583
2023-07-11,WBT-USD,5.401666164398193,5.450511932373047,5.377810001373291,5.445953845977783,14866810
2023-07-12,WBT-USD,5.445953845977783,5.47009801864624,5.4365057945251465,5.464536190032959,13418144
2023-07-13,WBT-USD,5.463919162750244,5.533285140991211,5.45448112487793,5.513782978057861,12676437
2023-07-14,WBT-USD,5.513516902923584,5.547018051147461,5.506210803985596,5.52252197265625,12665822
2023-07-15,WBT-USD,5.521899223327637,5.534261226654053,5.51193380355835,5.521453857421875,13054983
2023-07-16,WBT-USD,5.520552158355713,5.5561981201171875,5.511406898498535,5.526963233947754,13467056
2023-07-17,WBT-USD,5.5264739990234375,5.5459980964660645,5.502180099487305,5.510706901550293,13475151
2023-07-18,WBT-USD,5.510768890380859,5.516718864440918,5.484468936920166,5.506205081939697,12344075
2023-07-19,WBT-USD,5.507753849029541,5.524661064147949,5.490208148956299,5.502711772918701,11671856
2023-07-20,WBT-USD,5.502734184265137,5.516578197479248,5.482919216156006,5.506979942321777,10479011
2023-07-21,WBT-USD,5.506628036499023,5.537106037139893,5.493374824523926,5.52003812789917,10355399
2023-07-22,WBT-USD,5.519970893859863,5.529439926147461,5.50593376159668,5.519554138183594,9479908
2023-07-23,WBT-USD,5.5198822021484375,5.566446781158447,5.512143135070801,5.560932159423828,10533771
2023-07-24,WBT-USD,5.560565948486328,5.5748820304870605,5.54052209854126,5.548771858215332,10705299
2023-07-25,WBT-USD,5.548699855804443,5.558584213256836,5.534323215484619,5.5374860763549805,10195622
2023-07-26,WBT-USD,5.537948131561279,5.546078205108643,5.518338203430176,5.541276931762695,11207555
2023-07-27,WBT-USD,5.541324138641357,5.577668190002441,5.535102844238281,5.552632808685303,13861798
2023-07-28,WBT-USD,5.552584171295166,5.556126117706299,5.528657913208008,5.537897109985352,11595353
2023-07-29,WBT-USD,5.537924766540527,5.541533946990967,5.498451232910156,5.500760078430176,12680979
2023-07-30,WBT-USD,5.500359058380127,5.525586128234863,5.495790004730225,5.520723819732666,12768800
2023-07-31,WBT-USD,5.520664215087891,5.571351051330566,5.516604900360107,5.545364856719971,12557785
2023-08-01,WBT-USD,5.545324802398682,5.560727119445801,5.520959854125977,5.560258865356445,12842073
2023-08-02,WBT-USD,5.5611958503723145,5.853329181671143,5.531973838806152,5.816981792449951,18906515
2023-08-03,WBT-USD,5.8174028396606445,5.832912921905518,5.63261079788208,5.63786506652832,12678050
2023-08-04,WBT-USD,5.638552188873291,5.668829917907715,5.612795829772949,5.618624210357666,10667633
2023-08-05,WBT-USD,5.620408058166504,5.625866889953613,5.602278232574463,5.615056037902832,10757079
2023-08-06,WBT-USD,5.615177154541016,5.618885040283203,5.590795040130615,5.595585823059082,10351840
2023-08-07,WBT-USD,5.596182823181152,5.596182823181152,5.537160873413086,5.545355796813965,10314961
2023-08-08,WBT-USD,5.545438766479492,5.595738887786865,5.534595012664795,5.583375930786133,10996015
2023-08-09,WBT-USD,5.583968162536621,5.593883037567139,5.558800220489502,5.568221092224121,11087501
2023-08-10,WBT-USD,5.568334102630615,5.571828842163086,5.536427974700928,5.542757987976074,11198069
2023-08-11,WBT-USD,5.542938232421875,5.546372890472412,5.528637886047363,5.5381340980529785,11545489
2023-08-12,WBT-USD,5.53826379776001,5.548818111419678,5.526639938354492,5.533638954162598,11675144
2023-08-13,WBT-USD,5.533772945404053,5.53746223449707,5.519985198974609,5.528165817260742,11222675
2023-08-14,WBT-USD,5.5281171798706055,5.621087074279785,5.50341796875,5.620415210723877,11723486
2023-08-15,WBT-USD,5.620535850524902,5.736036777496338,5.6138529777526855,5.730307102203369,10271573
2023-08-16,WBT-USD,5.730134963989258,5.8097758293151855,5.631227970123291,5.63484001159668,11875120
2023-08-17,WBT-USD,5.634750843048096,5.650979042053223,5.419025897979736,5.5150041580200195,16080162
2023-08-18,WBT-USD,5.514912128448486,5.5186238288879395,5.441135883331299,5.442447185516357,14834727
2023-08-19,WBT-USD,5.442444801330566,5.45302677154541,5.400230884552002,5.426143169403076,14961827
2023-08-20,WBT-USD,5.426082134246826,5.4288787841796875,5.399880886077881,5.417488098144531,15119831
2023-08-21,WBT-USD,5.417422771453857,5.451947212219238,5.280218124389648,5.329339981079102,15675655
2023-08-22,WBT-USD,5.329329013824463,5.378028869628906,5.30982780456543,5.364962100982666,12365251
2023-08-23,WBT-USD,5.364871025085449,5.438209056854248,5.364871025085449,5.424958229064941,13075742
2023-08-24,WBT-USD,5.4247050285339355,5.430798053741455,5.386916160583496,5.4205241203308105,9717689
2023-08-25,WBT-USD,5.420318126678467,5.426758766174316,5.398032188415527,5.403396129608154,7686094
2023-08-26,WBT-USD,5.403511047363281,5.40477991104126,5.374423980712891,5.376468181610107,7333739
2023-08-27,WBT-USD,5.37652587890625,5.380324840545654,5.349374771118164,5.357007026672363,7897725
2023-08-28,WBT-USD,5.356941223144531,5.423151016235352,5.3349127769470215,5.379251003265381,7709746
2023-08-29,WBT-USD,5.379223823547363,5.460154056549072,5.354720115661621,5.447768211364746,9276198
2023-08-30,WBT-USD,5.447301864624023,5.468557834625244,5.412499904632568,5.4184651374816895,7872377
2023-08-31,WBT-USD,5.418288230895996,5.423149108886719,5.346375942230225,5.365843772888184,8654487
2023-09-01,WBT-USD,5.3666582107543945,5.367506980895996,5.3017659187316895,5.327445983886719,8910751
2023-09-02,WBT-USD,5.3277459144592285,5.353612899780273,5.326772212982178,5.348268032073975,8306581
2023-09-03,WBT-USD,5.348272800445557,5.357330799102783,5.333054065704346,5.338031768798828,7200539
2023-09-04,WBT-USD,5.337833881378174,5.345876216888428,5.315744876861572,5.320888042449951,8359364
2023-09-05,WBT-USD,5.321083068847656,5.332009792327881,5.292751789093018,5.3036789894104,8395863
2023-09-06,WBT-USD,5.301231861114502,5.320656776428223,5.289307117462158,5.31930685043335,6477094
2023-09-07,WBT-USD,5.319468975067139,5.358694076538086,5.3186259269714355,5.331642150878906,7324032
2023-09-08,WBT-USD,5.332054138183594,5.343195915222168,5.288308143615723,5.299864768981934,8777048
2023-09-09,WBT-USD,5.299817085266113,5.302552223205566,5.285973072052002,5.288229942321777,8486749
2023-09-10,WBT-USD,5.288395881652832,5.312857151031494,5.282583236694336,5.300765037536621,9281791
2023-09-11,WBT-USD,5.3007659912109375,5.305809020996094,5.274808883666992,5.281297206878662,9040043
2023-09-12,WBT-USD,5.28122615814209,5.3100080490112305,5.271777153015137,5.277119159698486,9619826
2023-09-13,WBT-USD,5.277173042297363,5.285868167877197,5.26145601272583,5.278955936431885,8325054
2023-09-14,WBT-USD,5.279120922088623,5.295910835266113,5.271884918212891,5.284214973449707,8044029
2023-09-15,WBT-USD,5.284213066101074,5.288386821746826,5.264252185821533,5.27650785446167,8893055
2023-09-16,WBT-USD,5.2763237953186035,5.28710412979126,5.261751174926758,5.281209945678711,7784934
2023-09-17,WBT-USD,5.280972957611084,5.283069133758545,5.265024185180664,5.272894859313965,7268499
2023-09-18,WBT-USD,5.273008823394775,5.327775955200195,5.266331195831299,5.272033214569092,8981409
2023-09-19,WBT-USD,5.272429943084717,5.317534923553467,5.260733127593994,5.305562973022461,7795924
2023-09-20,WBT-USD,5.305562973022461,5.3387250900268555,5.3047308921813965,5.326413154602051,8315011
2023-09-21,WBT-USD,5.3261399269104,5.329202175140381,5.302140235900879,5.3211259841918945,8597071
2023-09-22,WBT-USD,5.321610927581787,5.326486110687256,5.290441989898682,5.2936201095581055,6771721
2023-09-23,WBT-USD,5.293170928955078,5.302154064178467,5.277635097503662,5.283139228820801,8259028
2023-09-24,WBT-USD,5.282999038696289,5.285171031951904,5.268006801605225,5.268702030181885,7489570
2023-09-25,WBT-USD,5.268870830535889,5.276763916015625,5.230363845825195,5.231284141540527,8698391
2023-09-26,WBT-USD,5.231348991394043,5.240564823150635,5.183993816375732,5.204805850982666,8058259
2023-09-27,WBT-USD,5.2044548988342285,5.221673965454102,5.182812213897705,5.189877033233643,7289645
2023-09-28,WBT-USD,5.189770221710205,5.199412822723389,5.176248073577881,5.182301044464111,8375655
2023-09-29,WBT-USD,5.182529926300049,5.1979498863220215,5.17848014831543,5.1868062019348145,8077089
2023-09-30,WBT-USD,5.1869587898254395,5.187759876251221,5.1620869636535645,5.162171840667725,7242607
2023-10-01,WBT-USD,5.161966800689697,5.185763835906982,5.154294967651367,5.177826881408691,7997081
2023-10-02,WBT-USD,5.177907943725586,5.2019429206848145,5.155716896057129,5.1717939376831055,8809673
2023-10-03,WBT-USD,5.171731948852539,5.178831100463867,5.139084815979004,5.162557125091553,7933796
2023-10-04,WBT-USD,5.1632080078125,5.178512096405029,5.1568169593811035,5.174557209014893,7027877
2023-10-05,WBT-USD,5.1748948097229,5.2224202156066895,5.156010150909424,5.1964640617370605,8089442
2023-10-06,WBT-USD,5.196541786193848,5.206978797912598,5.183897972106934,5.185944080352783,7366140
2023-10-07,WBT-USD,5.185951232910156,5.19517707824707,5.171958923339844,5.177053928375244,7061207
2023-10-08,WBT-USD,5.177155017852783,5.187032222747803,5.17064094543457,5.171882152557373,7398835
2023-10-09,WBT-USD,5.171889781951904,5.174647808074951,5.1309051513671875,5.137343883514404,6510216
2023-10-10,WBT-USD,5.137005805969238,5.141143798828125,5.016805171966553,5.018466949462891,7891417
2023-10-11,WBT-USD,5.018548965454102,5.049918174743652,4.990503787994385,5.0343098640441895,8416758
2023-10-12,WBT-USD,5.034037113189697,5.040089130401611,5.001677989959717,5.007826805114746,8573871
2023-10-13,WBT-USD,5.008822917938232,5.026443004608154,5.002291202545166,5.011181831359863,9331557
2023-10-14,WBT-USD,5.010941982269287,5.022572994232178,5.008266925811768,5.018580913543701,8090411
2023-10-15,WBT-USD,5.01873779296875,5.0550408363342285,5.015690803527832,5.035181045532227,9758140
2023-10-16,WBT-USD,5.035685062408447,5.259939193725586,5.027860164642334,5.25273323059082,10293678
2023-10-17,WBT-USD,5.252344131469727,5.2573561668396,5.228606224060059,5.250227928161621,9072175
2023-10-18,WBT-USD,5.250287055969238,5.270630836486816,5.245104789733887,5.269269943237305,8538999
2023-10-19,WBT-USD,5.269339084625244,5.278429985046387,5.26109504699707,5.262578964233398,9177611
2023-10-20,WBT-USD,5.262630939483643,5.338552951812744,5.256522178649902,5.336289882659912,9653967
2023-10-21,WBT-USD,5.336248874664307,5.355727195739746,5.312723159790039,5.340116024017334,8090867
2023-10-22,WBT-USD,5.340371131896973,5.3783979415893555,5.33871603012085,5.374950885772705,8291055
2023-10-23,WBT-USD,5.382779121398926,5.547952175140381,5.334819793701172,5.545060157775879,11869059
2023-10-24,WBT-USD,5.5450439453125,5.591002941131592,5.510958194732666,5.5772929191589355,13891260
2023-10-25,WBT-USD,5.577706813812256,5.614996910095215,5.565577983856201,5.591063976287842,15579511
2023-10-26,WBT-USD,5.591736793518066,5.60143518447876,5.533876895904541,5.573705196380615,13998879
2023-10-27,WBT-USD,5.5739898681640625,5.588008880615234,5.523131847381592,5.52794885635376,11071554
2023-10-28,WBT-USD,5.5280890464782715,5.544696807861328,5.4839301109313965,5.528482913970947,9538414
2023-10-29,WBT-USD,5.528541088104248,5.541901111602783,5.485587120056152,5.4856767654418945,10084296
2023-10-30,WBT-USD,5.486034870147705,5.504859924316406,5.441017150878906,5.4423508644104,11096938
2023-10-31,WBT-USD,5.442648887634277,5.452931880950928,5.4078288078308105,5.416528224945068,9327052
2023-11-01,WBT-USD,5.416406154632568,5.428023815155029,5.38477087020874,5.410739898681641,9809283
2023-11-02,WBT-USD,5.411029815673828,5.438908100128174,5.384733200073242,5.39381217956543,8983892
2023-11-03,WBT-USD,5.393660068511963,5.42177677154541,5.326111793518066,5.418784141540527,7430146
2023-11-04,WBT-USD,5.418592929840088,5.448779106140137,5.398059844970703,5.423096179962158,6506011
2023-11-05,WBT-USD,5.423101902008057,5.427135944366455,5.386186122894287,5.386186122894287,5964553
2023-11-06,WBT-USD,5.386186122894287,5.401467800140381,5.319336891174316,5.385732173919678,5709853
2023-11-07,WBT-USD,5.386423110961914,5.397055149078369,5.346598148345947,5.384372234344482,6273881
2023-11-08,WBT-USD,5.384832859039307,5.390635967254639,5.316730976104736,5.331171989440918,6160124
2023-11-09,WBT-USD,5.330720901489258,5.4060821533203125,5.3243889808654785,5.369639873504639,6654181
2023-11-10,WBT-USD,5.3697662353515625,5.407956123352051,5.366879940032959,5.383244037628174,6120829
2023-11-11,WBT-USD,5.383522987365723,5.418880939483643,5.369949817657471,5.4150590896606445,5954761
2023-11-12,WBT-USD,5.415061950683594,5.4209818840026855,5.378828048706055,5.38287878036499,5190634
2023-11-13,WBT-USD,5.383066177368164,5.412978172302246,5.378521919250488,5.393770217895508,6568708
2023-11-14,WBT-USD,5.393749237060547,5.397727012634277,5.341228008270264,5.373981952667236,5646686
2023-11-15,WBT-USD,5.374244213104248,5.4702348709106445,5.349420070648193,5.4702348709106445,6721382
2023-11-16,WBT-USD,5.469903945922852,5.469903945922852,5.388157844543457,5.397661209106445,6397893
2023-11-17,WBT-USD,5.3979997634887695,5.405447959899902,5.378399848937988,5.396902084350586,6207631
2023-11-18,WBT-USD,5.396732807159424,5.423579216003418,5.383264064788818,5.415435791015625,6653213
2023-11-19,WBT-USD,5.4160051345825195,5.449204921722412,5.3985700607299805,5.447298049926758,4975044
2023-11-20,WBT-USD,5.447600841522217,5.468865871429443,5.4363908767700195,5.461028099060059,4294454
2023-11-21,WBT-USD,5.46062707901001,5.480218887329102,5.380939960479736,5.380939960479736,5359990
2023-11-22,WBT-USD,5.380867004394531,5.441448211669922,5.340270042419434,5.4283342361450195,5762611
2023-11-23,WBT-USD,5.428239822387695,5.440893173217773,5.410161972045898,5.418479919433594,5102607
2023-11-24,WBT-USD,5.418646812438965,5.487209796905518,5.4059038162231445,5.462442874908447,4851691
2023-11-25,WBT-USD,5.458743095397949,5.462955951690674,5.421632766723633,5.430230140686035,4655654
2023-11-26,WBT-USD,5.430377006530762,5.436014175415039,5.409897804260254,5.428359031677246,5011999
2023-11-27,WBT-USD,5.4287800788879395,5.429802894592285,5.405686855316162,5.4145989418029785,4510539
2023-11-28,WBT-USD,5.415319919586182,5.415742874145508,5.366078853607178,5.368982791900635,4952309
2023-11-29,WBT-USD,5.369082927703857,5.390979766845703,5.324855804443359,5.3763628005981445,5000786
2023-11-30,WBT-USD,5.376212120056152,5.383166790008545,5.3555521965026855,5.370532035827637,5179495
2023-12-01,WBT-USD,5.370673179626465,5.440413951873779,5.368210792541504,5.432007789611816,5482650
2023-12-02,WBT-USD,5.4318318367004395,5.463301181793213,5.415072917938232,5.459111213684082,6642477
2023-12-03,WBT-USD,5.45910120010376,5.459596157073975,5.421258926391602,5.436132907867432,6166268
2023-12-04,WBT-USD,5.436407089233398,5.544559955596924,5.425189971923828,5.51484489440918,7601119
2023-12-05,WBT-USD,5.51464319229126,5.613850116729736,5.4828667640686035,5.572883129119873,7746216
2023-12-06,WBT-USD,5.573339939117432,5.710445880889893,5.562874794006348,5.675644874572754,8433740
2023-12-07,WBT-USD,5.675335884094238,5.681481838226318,5.655800819396973,5.66440486907959,9347561
2023-12-08,WBT-USD,5.664450168609619,5.6872758865356445,5.656682014465332,5.685471057891846,9225582
2023-12-09,WBT-USD,5.68551778793335,5.7174859046936035,5.676074981689453,5.710309028625488,9635061
2023-12-10,WBT-USD,5.710471153259277,5.717115879058838,5.698574066162109,5.698574066162109,8939658
2023-12-11,WBT-USD,5.698965072631836,5.704042911529541,5.6318488121032715,5.661612033843994,9539624
2023-12-12,WBT-USD,5.661732196807861,5.7045769691467285,5.6515021324157715,5.69667387008667,8916396
2023-12-13,WBT-USD,5.696386814117432,5.708412170410156,5.670831203460693,5.7003607749938965,8538788
2023-12-14,WBT-USD,5.69985294342041,5.721986770629883,5.692955017089844,5.703829765319824,9098788
2023-12-15,WBT-USD,5.704251766204834,5.704251766204834,5.677515983581543,5.6823859214782715,8683646
2023-12-16,WBT-USD,5.6824541091918945,5.685094833374023,5.6629838943481445,5.665077209472656,8742870
2023-12-17,WBT-USD,5.665077209472656,5.689958095550537,5.636912822723389,5.67470121383667,7966632
2023-12-18,WBT-USD,5.67464017868042,5.686361789703369,5.651708126068115,5.679629802703857,8569472
2023-12-19,WBT-USD,5.679599761962891,5.714016914367676,5.6774420738220215,5.686746120452881,9196044
2023-12-20,WBT-USD,5.686807155609131,5.774085998535156,5.672469139099121,5.747050762176514,9160001
2023-12-21,WBT-USD,5.74718713760376,5.80380916595459,5.713709831237793,5.730127811431885,10342939
2023-12-22,WBT-USD,5.729828834533691,5.769787788391113,5.699419021606445,5.755679130554199,9901792
2023-12-23,WBT-USD,5.755941867828369,5.82968282699585,5.724246978759766,5.827771186828613,9377032
2023-12-24,WBT-USD,5.8284502029418945,5.8284502029418945,5.794212818145752,5.796557903289795,8909310
2023-12-25,WBT-USD,5.796889781951904,5.805586814880371,5.772233009338379,5.7915167808532715,9820663
2023-12-26,WBT-USD,5.792068004608154,5.797195911407471,5.731194972991943,5.755543231964111,9711947
2023-12-27,WBT-USD,5.755288124084473,5.800641059875488,5.751189231872559,5.7897748947143555,10132032
2023-12-28,WBT-USD,5.789712905883789,5.8358988761901855,5.772268772125244,5.796741962432861,9280735
2023-12-29,WBT-USD,5.7966628074646,5.802562236785889,5.768552780151367,5.780548095703125,9473895
2023-12-30,WBT-USD,5.7794270515441895,5.784145832061768,5.746743202209473,5.77008581161499,9632250
2023-12-31,WBT-USD,5.769589900970459,5.782756805419922,5.761735916137695,5.772418975830078,8998998
2024-01-01,WBT-USD,5.772369861602783,5.796111106872559,5.765416145324707,5.795456886291504,9707779
2024-01-02,WBT-USD,5.795412063598633,6.046792030334473,5.7855072021484375,5.993630886077881,11232703
2024-01-03,WBT-USD,5.993801116943359,6.016840934753418,5.905029773712158,5.929052829742432,12286839
2024-01-04,WBT-USD,5.928603172302246,6.077095031738281,5.92244815826416,6.007497787475586,11815711
2024-01-05,WBT-USD,6.007940769195557,6.073676109313965,6.0008368492126465,6.045687198638916,13472796
2024-01-06,WBT-USD,6.046076774597168,6.055416107177734,6.007452011108398,6.025086879730225,12393802
2024-01-07,WBT-USD,6.025469779968262,6.099146842956543,5.997413158416748,6.069052219390869,10280075
2024-01-08,WBT-USD,6.068832874298096,6.245687007904053,6.049624919891357,6.212438106536865,10508738
2024-01-09,WBT-USD,6.212347984313965,6.285880088806152,6.187305927276611,6.2810821533203125,10612465
2024-01-10,WBT-USD,6.279286861419678,6.295344829559326,6.220530986785889,6.249072074890137,9435441
2024-01-11,WBT-USD,6.244394779205322,6.39506196975708,6.233128070831299,6.378736972808838,12013744
2024-01-12,WBT-USD,6.379624843597412,6.402627944946289,6.21077823638916,6.2909369468688965,11924178
2024-01-13,WBT-USD,6.291374206542969,6.291374206542969,6.216641902923584,6.21787691116333,11266089
2024-01-14,WBT-USD,6.21787691116333,6.3155012130737305,6.217037200927734,6.244483947753906,11577009
2024-01-15,WBT-USD,6.24654483795166,6.331323146820068,6.243236064910889,6.315090179443359,9849073
2024-01-16,WBT-USD,6.313948154449463,6.329775810241699,6.13768196105957,6.145977973937988,9700156
2024-01-17,WBT-USD,6.146137237548828,6.2450947761535645,6.126474857330322,6.219450950622559,9561123
2024-01-18,WBT-USD,6.21940279006958,6.301632881164551,6.197673797607422,6.271083831787109,10537971
2024-01-19,WBT-USD,6.271162033081055,6.343058109283447,6.237558841705322,6.313401222229004,9740776
2024-01-20,WBT-USD,6.313399791717529,6.391289234161377,6.297737121582031,6.362871170043945,9599796
2024-01-21,WBT-USD,6.3632121086120605,6.461723804473877,6.350296974182129,6.352496147155762,8795264
2024-01-22,WBT-USD,6.3528571128845215,6.359189987182617,6.253117084503174,6.253856182098389,9348866
2024-01-23,WBT-USD,6.255055904388428,6.279905796051025,6.181179046630859,6.2530717849731445,10063509
2024-01-24,WBT-USD,6.253108024597168,6.257678985595703,6.207026958465576,6.225264072418213,10502591
2024-01-25,WBT-USD,6.225264072418213,6.252438068389893,6.186800003051758,6.220897197723389,9622803
2024-01-26,WBT-USD,6.221909046173096,6.346139907836914,6.215147018432617,6.322587966918945,9444722
2024-01-27,WBT-USD,6.322587966918945,6.389746189117432,6.281826972961426,6.325473785400391,10275134
2024-01-28,WBT-USD,6.325584888458252,6.355195045471191,6.2926177978515625,6.35178279876709,9293338
2024-01-29,WBT-USD,6.35199499130249,6.383187770843506,6.324693202972412,6.370188236236572,10738854
2024-01-30,WBT-USD,6.370188236236572,6.4122700691223145,6.337522983551025,6.361392974853516,10016649
2024-01-31,WBT-USD,6.361392974853516,6.49780797958374,6.337532043457031,6.430397987365723,9708652
2024-02-01,WBT-USD,6.430522918701172,6.47762393951416,6.3958659172058105,6.47157096862793,9772547
2024-02-02,WBT-USD,6.471768856048584,6.490262031555176,6.441887855529785,6.4703521728515625,10018629
2024-02-03,WBT-USD,6.47054386138916,6.471487998962402,6.437265872955322,6.461079120635986,9801393
2024-02-04,WBT-USD,6.460929870605469,6.489222049713135,6.433742046356201,6.438164234161377,9314486
2024-02-05,WBT-USD,6.437716960906982,6.491298198699951,6.426170825958252,6.448942184448242,9104239
2024-02-06,WBT-USD,6.448738098144531,6.543382167816162,6.437428951263428,6.523149013519287,9487470
2024-02-07,WBT-USD,6.522546768188477,6.563892841339111,6.504238128662109,6.553769111633301,9809029
2024-02-08,WBT-USD,6.554720878601074,6.67088508605957,6.541403770446777,6.611522197723389,10263258
2024-02-09,WBT-USD,6.6114630699157715,6.6605401039123535,6.59516716003418,6.632963180541992,9937938
2024-02-10,WBT-USD,6.632963180541992,6.694461822509766,6.554153919219971,6.578894138336182,10611749
2024-02-11,WBT-USD,6.579137802124023,6.626737117767334,6.559142112731934,6.601710796356201,10221473
2024-02-12,WBT-USD,6.601847171783447,6.627597808837891,6.517090797424316,6.5945539474487305,9842972
2024-02-13,WBT-USD,6.594577789306641,6.615454196929932,6.567814826965332,6.59843111038208,11592684
2024-02-14,WBT-USD,6.598323822021484,7.095993995666504,6.580585956573486,6.975345134735107,12411645
2024-02-15,WBT-USD,6.97544002532959,7.063413143157959,6.974535942077637,7.032456874847412,11237957
2024-02-16,WBT-USD,7.032456874847412,7.082202911376953,7.0090742111206055,7.033535003662109,10420876
2024-02-17,WBT-USD,7.033545970916748,7.048644065856934,6.975594997406006,7.031254768371582,10102464
2024-02-18,WBT-USD,7.031451225280762,7.178445816040039,7.013876914978027,7.080432891845703,8212231
2024-02-19,WBT-USD,7.081060886383057,7.150759220123291,7.038290977478027,7.143459796905518,9473621
2024-02-20,WBT-USD,7.143959999084473,7.1460041999816895,7.0130767822265625,7.071814060211182,10901288
2024-02-21,WBT-USD,7.07147216796875,7.090381145477295,7.013949871063232,7.032139778137207,10079389
2024-02-22,WBT-USD,7.032132148742676,7.069581031799316,6.977388858795166,6.992124080657959,9116879
2024-02-23,WBT-USD,6.992281913757324,7.086476802825928,6.972571849822998,7.026614189147949,10675605
2024-02-24,WBT-USD,7.026403903961182,7.159574031829834,7.00905704498291,7.03778076171875,9436515
2024-02-25,WBT-USD,7.038462162017822,7.117615222930908,7.008730888366699,7.1008381843566895,9412369
2024-02-26,WBT-USD,7.101151943206787,7.331275939941406,7.083802223205566,7.211446762084961,11470232
2024-02-27,WBT-USD,7.212544918060303,7.6036458015441895,7.206917762756348,7.4864420890808105,12662308
2024-02-28,WBT-USD,7.487975120544434,7.770576000213623,7.477291107177734,7.723775863647461,13397818
2024-02-29,WBT-USD,7.72358512878418,7.795236110687256,7.691742897033691,7.748740196228027,18224538
2024-03-01,WBT-USD,7.751421928405762,7.854508876800537,7.72537088394165,7.760186195373535,12152335
2024-03-02,WBT-USD,7.7614030838012695,8.238764762878418,7.7168869972229,8.205253601074219,15312173
2024-03-03,WBT-USD,8.205588340759277,8.283449172973633,8.174797058105469,8.256792068481445,15323734
2024-03-04,WBT-USD,8.256786346435547,8.420101165771484,8.206741333007812,8.35976505279541,21331518
2024-03-05,WBT-USD,8.360036849975586,8.548026084899902,8.230127334594727,8.341714859008789,20599698
2024-03-06,WBT-USD,8.341712951660156,8.524031639099121,8.311104774475098,8.41577434539795,19842797
2024-03-07,WBT-USD,8.416173934936523,8.499349594116211,8.39345932006836,8.481436729431152,18134632
2024-03-08,WBT-USD,8.48117446899414,8.581355094909668,8.454827308654785,8.540409088134766,13412157
2024-03-09,WBT-USD,8.541996002197266,8.566072463989258,8.475384712219238,8.48748779296875,13600812
2024-03-10,WBT-USD,8.487581253051758,8.524971008300781,8.480074882507324,8.49974536895752,12635548
2024-03-11,WBT-USD,8.49975872039795,8.698156356811523,8.479185104370117,8.651789665222168,14715032
2024-03-12,WBT-USD,8.652416229248047,8.85175895690918,8.536511421203613,8.634773254394531,14740223
2024-03-13,WBT-USD,8.634435653686523,8.746060371398926,8.629226684570312,8.695314407348633,15677772
2024-03-14,WBT-USD,8.695001602172852,8.807638168334961,8.449762344360352,8.523299217224121,19067171
2024-03-15,WBT-USD,8.52318286895752,8.579753875732422,8.280353546142578,8.44194507598877,18960882
2024-03-16,WBT-USD,8.441988945007324,8.577204704284668,7.901819229125977,7.916441917419434,19315464
2024-03-17,WBT-USD,7.917985916137695,8.170486450195312,7.864822864532471,8.147982597351074,17279287
2024-03-18,WBT-USD,8.148164749145508,8.289569854736328,8.07254695892334,8.149399757385254,18823353
2024-03-19,WBT-USD,8.149311065673828,8.174851417541504,7.905608177185059,7.915020942687988,19428944
2024-03-20,WBT-USD,7.915036201477051,8.096639633178711,7.863499164581299,8.026756286621094,17323783
2024-03-21,WBT-USD,8.02690315246582,8.308222770690918,7.976900100708008,8.055224418640137,16002216
2024-03-22,WBT-USD,8.055627822875977,8.133216857910156,7.958681106567383,8.043027877807617,14672886
2024-03-23,WBT-USD,8.042844772338867,8.1530179977417,8.0099458694458,8.046618461608887,17089294
2024-03-24,WBT-USD,8.047192573547363,8.217082977294922,8.009078979492188,8.150932312011719,16469232
2024-03-25,WBT-USD,8.150748252868652,8.492278099060059,8.130422592163086,8.472031593322754,19656140
2024-03-26,WBT-USD,8.471735000610352,8.584709167480469,8.376882553100586,8.421913146972656,16039302
2024-03-27,WBT-USD,8.421749114990234,8.535426139831543,8.34419059753418,8.39813232421875,16776213
2024-03-28,WBT-USD,8.398210525512695,8.468012809753418,8.362565040588379,8.391987800598145,16751533
2024-03-29,WBT-USD,8.39262866973877,8.577184677124023,8.366036415100098,8.426204681396484,14939658
2024-03-30,WBT-USD,8.426180839538574,8.559786796569824,8.39700698852539,8.530537605285645,13594316
2024-03-31,WBT-USD,8.53117561340332,8.685866355895996,8.524325370788574,8.562000274658203,13316494
2024-04-01,WBT-USD,8.560917854309082,8.698507308959961,8.456683158874512,8.53342056274414,15829250
2024-04-02,WBT-USD,8.533284187316895,8.587252616882324,8.34011173248291,8.344569206237793,16502234
2024-04-03,WBT-USD,8.344612121582031,8.490196228027344,8.332165718078613,8.436456680297852,17855697
2024-04-04,WBT-USD,8.437211990356445,8.492644309997559,8.389396667480469,8.435938835144043,19259182
2024-04-05,WBT-USD,8.43554973602295,8.5331392288208,8.405888557434082,8.507742881774902,18480666
2024-04-06,WBT-USD,8.506640434265137,8.544163703918457,8.474590301513672,8.529956817626953,16823429
2024-04-07,WBT-USD,8.529622077941895,8.670981407165527,8.513731956481934,8.632879257202148,16946606
2024-04-08,WBT-USD,8.632752418518066,8.721771240234375,8.623957633972168,8.656166076660156,17422295
2024-04-09,WBT-USD,8.656961441040039,8.69052505493164,8.567023277282715,8.628815650939941,17254174
2024-04-10,WBT-USD,8.629670143127441,9.177553176879883,8.522459030151367,9.16249942779541,23549544
2024-04-11,WBT-USD,9.16114616394043,9.310874938964844,9.144909858703613,9.264975547790527,18771034
2024-04-12,WBT-USD,9.265020370483398,9.310609817504883,8.93834400177002,9.07656478881836,17554434
2024-04-13,WBT-USD,9.077637672424316,9.230405807495117,8.793313026428223,8.952390670776367,21078146
2024-04-14,WBT-USD,8.953054428100586,9.098267555236816,8.875091552734375,9.094317436218262,18698040
2024-04-15,WBT-USD,9.094342231750488,9.36630916595459,8.919942855834961,8.931182861328125,17457649
2024-04-16,WBT-USD,8.931259155273438,9.308095932006836,8.911002159118652,9.276630401611328,20563643
2024-04-17,WBT-USD,9.276775360107422,9.322578430175781,9.107917785644531,9.22743034362793,19009913
2024-04-18,WBT-USD,9.227391242980957,9.398588180541992,9.167413711547852,9.39139461517334,18164861
2024-04-19,WBT-USD,9.391671180725098,9.689231872558594,9.186184883117676,9.665916442871094,20847150
2024-04-20,WBT-USD,9.667283058166504,9.802785873413086,9.60998821258545,9.761585235595703,17946948
2024-04-21,WBT-USD,9.761565208435059,9.870224952697754,9.739973068237305,9.865443229675293,17070880
2024-04-22,WBT-USD,9.86708927154541,9.99600887298584,9.82761001586914,9.957865715026855,16690783
2024-04-23,WBT-USD,9.957261085510254,10.176895141601562,9.914676666259766,9.926009178161621,17535266
2024-04-24,WBT-USD,9.926307678222656,9.962844848632812,9.820581436157227,9.88503646850586,19633404
2024-04-25,WBT-USD,9.886521339416504,9.911652565002441,9.838929176330566,9.856959342956543,21058912
2024-04-26,WBT-USD,9.85559368133545,10.041933059692383,9.838244438171387,10.002281188964844,22925159
2024-04-27,WBT-USD,10.001202583312988,10.079414367675781,9.934864044189453,10.074118614196777,22682333
2024-04-28,WBT-USD,10.07304573059082,10.252693176269531,10.066000938415527,10.200510025024414,22046643
2024-04-29,WBT-USD,10.200766563415527,10.216476440429688,10.145191192626953,10.195221900939941,21881060
2024-04-30,WBT-USD,10.19541072845459,10.24326229095459,10.126818656921387,10.21245002746582,14915075
2024-05-01,WBT-USD,10.213473320007324,10.232685089111328,9.924222946166992,10.00468921661377,10938895
2024-05-02,WBT-USD,10.004562377929688,10.02285385131836,9.846986770629883,9.884512901306152,10751657
2024-05-03,WBT-USD,9.88633918762207,10.009686470031738,9.865442276000977,9.993197441101074,10006795
2024-05-04,WBT-USD,9.993122100830078,10.035703659057617,9.975667953491211,10.02038860321045,11499872
2024-05-05,WBT-USD,10.0194091796875,10.034660339355469,9.989092826843262,10.013957023620605,8801623
2024-05-06,WBT-USD,10.01414966583252,10.104761123657227,9.97270393371582,10.006366729736328,10982652
2024-05-07,WBT-USD,10.005453109741211,10.054983139038086,9.955402374267578,9.959023475646973,9911270
2024-05-08,WBT-USD,9.959131240844727,9.992369651794434,9.872513771057129,9.87974739074707,11175208
2024-05-09,WBT-USD,9.879274368286133,10.229684829711914,9.852745056152344,9.950467109680176,10846035
2024-05-10,WBT-USD,9.950484275817871,10.209490776062012,9.824769020080566,9.865792274475098,10585578
2024-05-11,WBT-USD,9.86581039428711,9.890082359313965,9.825881958007812,9.855300903320312,10378906
2024-05-12,WBT-USD,9.854907035827637,9.91804313659668,9.827086448669434,9.896446228027344,10657702
2024-05-13,WBT-USD,9.896387100219727,9.928620338439941,9.871898651123047,9.909923553466797,8955314
2024-05-14,WBT-USD,9.909707069396973,9.922877311706543,9.813328742980957,9.831225395202637,9695989
2024-05-15,WBT-USD,9.831336975097656,9.927969932556152,9.820115089416504,9.894322395324707,11264094
2024-05-16,WBT-USD,9.894209861755371,10.115842819213867,9.77148723602295,9.797545433044434,12397023
2024-05-17,WBT-USD,9.797881126403809,10.026904106140137,9.745074272155762,9.875782012939453,11233653
2024-05-18,WBT-USD,9.876480102539062,9.893255233764648,9.847911834716797,9.875020980834961,11606205
2024-05-19,WBT-USD,9.875670433044434,9.905200004577637,9.809344291687012,9.823003768920898,9010341
2024-05-20,WBT-USD,9.82322883605957,10.075284004211426,9.801488876342773,10.073233604431152,14482158
2024-05-21,WBT-USD,10.073203086853027,10.106922149658203,10.008793830871582,10.03044605255127,12206361
2024-05-22,WBT-USD,10.031005859375,10.072714805603027,9.978463172912598,9.986664772033691,11797897
2024-05-23,WBT-USD,9.986664772033691,10.046049118041992,9.83568000793457,9.889281272888184,10483106
2024-05-24,WBT-USD,9.889192581176758,9.968156814575195,9.855561256408691,9.927482604980469,11799259
2024-05-25,WBT-USD,9.92750358581543,9.963550567626953,9.891197204589844,9.919681549072266,12234978
2024-05-26,WBT-USD,9.91981029510498,9.92113208770752,9.87143325805664,9.872843742370605,12018058
2024-05-27,WBT-USD,9.872879981994629,9.915820121765137,9.850451469421387,9.897259712219238,9119665
2024-05-28,WBT-USD,9.897247314453125,9.903697967529297,9.815566062927246,9.828612327575684,6831391
2024-05-29,WBT-USD,9.828817367553711,9.94360065460205,9.821051597595215,9.899136543273926,6667992
2024-05-30,WBT-USD,9.89907455444336,9.93104076385498,9.875724792480469,9.910612106323242,4725578
2024-05-31,WBT-USD,9.911317825317383,9.931686401367188,9.795159339904785,9.823201179504395,5688871
2024-06-01,WBT-USD,9.821587562561035,9.922962188720703,9.812856674194336,9.915393829345703,7551248
2024-06-02,WBT-USD,9.91534423828125,10.045097351074219,9.862663269042969,9.892643928527832,7485577
2024-06-03,WBT-USD,9.892321586608887,9.911930084228516,9.865160942077637,9.894366264343262,6003527
2024-06-04,WBT-USD,9.894256591796875,10.04158878326416,9.862211227416992,9.908411979675293,7304629
2024-06-05,WBT-USD,9.908699989318848,9.953332901000977,9.86417293548584,9.930109024047852,13420112
2024-06-06,WBT-USD,9.930031776428223,9.945867538452148,9.823650360107422,9.869473457336426,5201286
2024-06-07,WBT-USD,9.868974685668945,9.9168062210083,9.831548690795898,9.869874000549316,4960469
2024-06-08,WBT-USD,9.870505332946777,9.88259506225586,9.830279350280762,9.864962577819824,4944404
2024-06-09,WBT-USD,9.864845275878906,9.917581558227539,9.843622207641602,9.88625431060791,4760082
2024-06-10,WBT-USD,9.886473655700684,9.924738883972168,9.843031883239746,9.889198303222656,7365474
2024-06-11,WBT-USD,9.889334678649902,9.902365684509277,9.750617980957031,9.766278266906738,6913117
2024-06-12,WBT-USD,9.766226768493652,9.82564640045166,9.719986915588379,9.766572952270508,4577953
2024-06-13,WBT-USD,9.766378402709961,9.779056549072266,9.616131782531738,9.627670288085938,7497655
2024-06-14,WBT-USD,9.627553939819336,9.653210639953613,9.538297653198242,9.556742668151855,6623376
2024-06-15,WBT-USD,9.55675220489502,9.643077850341797,9.506370544433594,9.614985466003418,7197681
2024-06-16,WBT-USD,9.615070343017578,9.658891677856445,9.607114791870117,9.628948211669922,4195691
2024-06-17,WBT-USD,9.628644943237305,9.638537406921387,9.501172065734863,9.521509170532227,4650350
2024-06-18,WBT-USD,9.521562576293945,9.587923049926758,9.445520401000977,9.46310043334961,5495525
2024-06-19,WBT-USD,9.463955879211426,9.557080268859863,9.460104942321777,9.503503799438477,5099855
2024-06-20,WBT-USD,9.503503799438477,9.537581443786621,9.494962692260742,9.51430892944336,4478608
2024-06-21,WBT-USD,9.51462173461914,9.51462173461914,9.410126686096191,9.441478729248047,4030695
2024-06-22,WBT-USD,9.44153881072998,9.466456413269043,9.423422813415527,9.460843086242676,4651044
2024-06-23,WBT-USD,9.460542678833008,9.476020812988281,9.422751426696777,9.42318058013916,4483771
2024-06-24,WBT-USD,9.423418045043945,9.452088356018066,9.180968284606934,9.250090599060059,7533011
2024-06-25,WBT-USD,9.249687194824219,9.399188995361328,9.236982345581055,9.37607192993164,8468496
2024-06-26,WBT-USD,9.375849723815918,9.467657089233398,9.353318214416504,9.431680679321289,4374727
2024-06-27,WBT-USD,9.431371688842773,9.450791358947754,9.378822326660156,9.431228637695312,5131400
2024-06-28,WBT-USD,9.430359840393066,9.559564590454102,9.407535552978516,9.448286056518555,5797272
2024-06-29,WBT-USD,9.44762134552002,9.524771690368652,9.447038650512695,9.51997184753418,4594094
2024-06-30,WBT-USD,9.52051830291748,9.62784194946289,9.510313987731934,9.62385368347168,5004896
2024-07-01,WBT-USD,9.622702598571777,9.72607421875,9.613104820251465,9.713172912597656,6885057
2024-07-02,WBT-USD,9.712089538574219,9.767945289611816,9.69361400604248,9.748636245727539,5424361
2024-07-03,WBT-USD,9.74907398223877,9.751708984375,9.461255073547363,9.486510276794434,8021550
2024-07-04,WBT-USD,9.486968994140625,9.496052742004395,9.304776191711426,9.40845012664795,5522107
2024-07-05,WBT-USD,9.405072212219238,9.405072212219238,9.163261413574219,9.25054931640625,5302041
2024-07-06,WBT-USD,9.249225616455078,9.321562767028809,9.243537902832031,9.312212944030762,4421848
2024-07-07,WBT-USD,9.311338424682617,9.43602466583252,9.300352096557617,9.36629867553711,5152765
2024-07-08,WBT-USD,9.365121841430664,9.407427787780762,9.278573036193848,9.389532089233398,4696307
2024-07-09,WBT-USD,9.38915729522705,9.546828269958496,9.375711441040039,9.518775939941406,6142781
2024-07-10,WBT-USD,9.521222114562988,9.680980682373047,9.499086380004883,9.566317558288574,5001317
2024-07-11,WBT-USD,9.5598783493042,9.587104797363281,9.545256614685059,9.557544708251953,6229282
2024-07-12,WBT-USD,9.556705474853516,9.562666893005371,9.507577896118164,9.560176849365234,4486028
2024-07-13,WBT-USD,9.55984115600586,9.565081596374512,9.517919540405273,9.532294273376465,4050665
2024-07-14,WBT-USD,9.53291130065918,9.596041679382324,9.528566360473633,9.585021018981934,7367057
2024-07-15,WBT-USD,9.584527015686035,9.705073356628418,9.580025672912598,9.69126033782959,6228533
2024-07-16,WBT-USD,9.69167423248291,9.711715698242188,9.629390716552734,9.682873725891113,4725524
2024-07-17,WBT-USD,9.6828031539917,9.784871101379395,9.680805206298828,9.732672691345215,4398267
2024-07-18,WBT-USD,9.73305606842041,9.849478721618652,9.717052459716797,9.717484474182129,6331513
2024-07-19,WBT-USD,9.721972465515137,10.069019317626953,9.721972465515137,10.05709457397461,9845162
2024-07-20,WBT-USD,10.057062149047852,10.145899772644043,10.02789306640625,10.11677360534668,4555110
2024-07-21,WBT-USD,10.116533279418945,10.229429244995117,10.08332633972168,10.141103744506836,4205221
2024-07-22,WBT-USD,10.141559600830078,10.231069564819336,10.120552062988281,10.181556701660156,4380196
2024-07-23,WBT-USD,10.181056022644043,10.194201469421387,10.097724914550781,10.130505561828613,4205886
2024-07-24,WBT-USD,10.130802154541016,10.199538230895996,10.089221000671387,10.108627319335938,4183127
2024-07-25,WBT-USD,10.108551025390625,10.110555648803711,10.02503776550293,10.098587036132812,4592113
2024-07-26,WBT-USD,10.098666191101074,10.117863655090332,10.049338340759277,10.10145378112793,4281846
2024-07-27,WBT-USD,10.101846694946289,10.142127990722656,10.097626686096191,10.126675605773926,5602737
2024-07-28,WBT-USD,10.126668930053711,10.224555969238281,10.100345611572266,10.214698791503906,5701795
2024-07-29,WBT-USD,10.214815139770508,10.380859375,10.078088760375977,10.174942016601562,6424470
2024-07-30,WBT-USD,10.17485523223877,10.255703926086426,10.134544372558594,10.206486701965332,4945348
2024-07-31,WBT-USD,10.207784652709961,10.362296104431152,10.196318626403809,10.334209442138672,4387731
2024-08-01,WBT-USD,10.334156036376953,10.385905265808105,10.31736946105957,10.36317253112793,4544421
2024-08-02,WBT-USD,10.362747192382812,10.429208755493164,10.313528060913086,10.335200309753418,4357377
2024-08-03,WBT-USD,10.33510684967041,10.365341186523438,10.23073673248291,10.27095890045166,3765793
2024-08-04,WBT-USD,10.271034240722656,10.300020217895508,10.219630241394043,10.270600318908691,3438378
2024-08-05,WBT-USD,10.269248008728027,10.308923721313477,10.021413803100586,10.025833129882812,5828042
2024-08-06,WBT-USD,10.025754928588867,10.17928409576416,10.025408744812012,10.154419898986816,4423503
2024-08-07,WBT-USD,10.154608726501465,10.25678825378418,10.085919380187988,10.09744930267334,4251392
2024-08-08,WBT-USD,10.096878051757812,10.271690368652344,10.096061706542969,10.2384033203125,4316033
2024-08-09,WBT-USD,10.238533020019531,10.298419952392578,10.210658073425293,10.251728057861328,3943493
2024-08-10,WBT-USD,10.251635551452637,10.284186363220215,10.23697280883789,10.270763397216797,4165206
2024-08-11,WBT-USD,10.270631790161133,10.342979431152344,10.256951332092285,10.273310661315918,5814672
2024-08-12,WBT-USD,10.273406028747559,10.283825874328613,10.188255310058594,10.228630065917969,3925261
2024-08-13,WBT-USD,10.228601455688477,10.452829360961914,10.226961135864258,10.430978775024414,6476922
2024-08-14,WBT-USD,10.431432723999023,10.653987884521484,10.427639961242676,10.634204864501953,9710078
2024-08-15,WBT-USD,10.63421630859375,10.704028129577637,10.519582748413086,10.601154327392578,4607656
2024-08-16,WBT-USD,10.599591255187988,10.68775463104248,10.596174240112305,10.65539264678955,3383586
2024-08-17,WBT-USD,10.655838012695312,10.709006309509277,10.643452644348145,10.661786079406738,3602447
2024-08-18,WBT-USD,10.661855697631836,10.714302062988281,10.621621131896973,10.627668380737305,3307771
2024-08-19,WBT-USD,10.627643585205078,10.643075942993164,10.561635971069336,10.582164764404297,3945856
2024-08-20,WBT-USD,10.582121849060059,10.690108299255371,10.555331230163574,10.60008716583252,4277680
2024-08-21,WBT-USD,10.602280616760254,10.72409725189209,10.587043762207031,10.688684463500977,6004221
2024-08-22,WBT-USD,10.688762664794922,10.729914665222168,10.629912376403809,10.716498374938965,4079378
2024-08-23,WBT-USD,10.716622352600098,10.952300071716309,10.672245979309082,10.951025009155273,7834972
2024-08-24,WBT-USD,10.950393676757812,11.011260032653809,10.935494422912598,10.988767623901367,4732502
2024-08-25,WBT-USD,10.989072799682617,11.02722454071045,10.958297729492188,10.998400688171387,4257193
2024-08-26,WBT-USD,10.997702598571777,11.037094116210938,10.963839530944824,10.975712776184082,4358265
2024-08-27,WBT-USD,10.975794792175293,11.000595092773438,10.66971492767334,10.716686248779297,4779428
2024-08-28,WBT-USD,10.717757225036621,10.789454460144043,10.654764175415039,10.766408920288086,6073855
2024-08-29,WBT-USD,10.766510963439941,10.887519836425781,10.744344711303711,10.847299575805664,4356303
2024-08-30,WBT-USD,10.846938133239746,10.900212287902832,10.77518367767334,10.820940017700195,4673186
2024-08-31,WBT-USD,10.821233749389648,10.900266647338867,10.812433242797852,10.881908416748047,4071141
2024-09-01,WBT-USD,10.881908416748047,10.894172668457031,10.770988464355469,10.781329154968262,4341418
2024-09-02,WBT-USD,10.781808853149414,10.879253387451172,10.751651763916016,10.860862731933594,3890122
2024-09-03,WBT-USD,10.860794067382812,10.886239051818848,10.83724594116211,10.853182792663574,2425599
2024-09-04,WBT-USD,10.853423118591309,10.865097999572754,10.714337348937988,10.826691627502441,3203910
2024-09-05,WBT-USD,10.826692581176758,10.874547958374023,10.780156135559082,10.797016143798828,2598639
2024-09-06,WBT-USD,10.801650047302246,10.818668365478516,10.54572868347168,10.602286338806152,3192870
2024-09-07,WBT-USD,10.602054595947266,10.738861083984375,10.601791381835938,10.738739967346191,2393578
2024-09-08,WBT-USD,10.738471031188965,10.817490577697754,10.682002067565918,10.774012565612793,3058578
2024-09-09,WBT-USD,10.774643898010254,10.864598274230957,10.766702651977539,10.784078598022461,2740778
2024-09-10,WBT-USD,10.78421401977539,10.996352195739746,10.779857635498047,10.889697074890137,4018485
2024-09-11,WBT-USD,10.889464378356934,11.004990577697754,10.851622581481934,10.927207946777344,4561805
2024-09-12,WBT-USD,10.927339553833008,10.99427604675293,10.92186164855957,10.97634506225586,4206409
2024-09-13,WBT-USD,10.97634506225586,11.045276641845703,10.916589736938477,10.977032661437988,4458159
2024-09-14,WBT-USD,10.976887702941895,10.996169090270996,10.95028018951416,10.967841148376465,4381707
2024-09-15,WBT-USD,10.966951370239258,10.992157936096191,10.907062530517578,10.926431655883789,3245815
2024-09-16,WBT-USD,10.92566204071045,10.935507774353027,10.800451278686523,10.865835189819336,4044035
2024-09-17,WBT-USD,10.865544319152832,11.018777847290039,10.84701156616211,10.934120178222656,4095721
2024-09-18,WBT-USD,10.935111999511719,10.960102081298828,10.845712661743164,10.901602745056152,3728715
2024-09-19,WBT-USD,10.900077819824219,11.271953582763672,10.889260292053223,11.230904579162598,8716253
2024-09-20,WBT-USD,11.231498718261719,11.42412281036377,11.188931465148926,11.207812309265137,4770863
2024-09-21,WBT-USD,11.211725234985352,11.313020706176758,11.15852165222168,11.312433242797852,4701681
2024-09-22,WBT-USD,11.309734344482422,11.373891830444336,11.244784355163574,11.269743919372559,4299649
2024-09-23,WBT-USD,11.269743919372559,11.38312816619873,11.188826560974121,11.197773933410645,3658246
2024-09-24,WBT-USD,11.199159622192383,11.276490211486816,11.174368858337402,11.222403526306152,2957030
2024-09-25,WBT-USD,11.2228422164917,11.334848403930664,11.185012817382812,11.222823143005371,4021553
2024-09-26,WBT-USD,11.222891807556152,11.291150093078613,11.164177894592285,11.231228828430176,3952955
2024-09-27,WBT-USD,11.231402397155762,11.615642547607422,11.196553230285645,11.550707817077637,6264417
2024-09-28,WBT-USD,11.550443649291992,11.670438766479492,11.489706039428711,11.593557357788086,3087803
2024-09-29,WBT-USD,11.594054222106934,11.66014289855957,11.548012733459473,11.63720703125,2900792
2024-09-30,WBT-USD,11.636869430541992,11.637463569641113,11.42428970336914,11.443473815917969,3686438
2024-10-01,WBT-USD,11.443268775939941,11.553352355957031,11.350048065185547,11.374382019042969,6875946
2024-10-02,WBT-USD,11.372275352478027,11.462279319763184,11.291027069091797,11.319211959838867,6218712
2024-10-03,WBT-USD,11.319211959838867,11.377199172973633,11.269403457641602,11.342480659484863,5941296
2024-10-04,WBT-USD,11.342679977416992,11.517088890075684,11.324254989624023,11.42524242401123,7260356
2024-10-05,WBT-USD,11.425297737121582,11.544356346130371,11.417963981628418,11.477773666381836,3301399
2024-10-06,WBT-USD,11.477773666381836,11.626870155334473,11.461162567138672,11.484354972839355,3505185
2024-10-07,WBT-USD,11.484686851501465,11.703230857849121,11.477187156677246,11.602923393249512,5896123
2024-10-08,WBT-USD,11.602989196777344,11.73723030090332,11.588793754577637,11.648758888244629,4559509
2024-10-09,WBT-USD,11.648855209350586,11.678786277770996,11.56633472442627,11.58345890045166,5071670
2024-10-10,WBT-USD,11.583417892456055,11.702375411987305,11.536924362182617,11.636812210083008,5017671
2024-10-11,WBT-USD,11.636883735656738,15.161982536315918,11.627113342285156,15.161956787109375,42276655
2024-10-12,WBT-USD,15.16196060180664,15.243538856506348,14.89159870147705,15.19532299041748,6274045
2024-10-13,WBT-USD,15.19532299041748,15.381821632385254,15.137124061584473,15.302693367004395,4590107
2024-10-14,WBT-USD,15.302693367004395,16.15980339050293,15.272538185119629,16.113853454589844,8400311
2024-10-15,WBT-USD,16.118127822875977,16.450605392456055,16.00911521911621,16.405784606933594,7441853
2024-10-16,WBT-USD,16.405494689941406,16.499195098876953,16.337018966674805,16.360578536987305,6743401
2024-10-17,WBT-USD,16.360746383666992,17.131471633911133,16.241512298583984,17.051992416381836,8401547
2024-10-18,WBT-USD,17.051904678344727,17.71900749206543,17.01016616821289,17.687469482421875,9807449
2024-10-19,WBT-USD,17.687347412109375,17.69062614440918,17.647815704345703,17.665969848632812,2609610
2024-10-20,WBT-USD,17.665552139282227,18.043764114379883,17.649505615234375,17.914043426513672,3495904
2024-10-21,WBT-USD,17.914642333984375,18.03020668029785,17.79700469970703,17.82491111755371,5916435
2024-10-22,WBT-USD,17.82505989074707,18.279193878173828,17.775787353515625,18.17833709716797,6228211
2024-10-23,WBT-USD,18.17833137512207,18.356609344482422,18.11649513244629,18.28816795349121,6168389
2024-10-24,WBT-USD,18.278528213500977,18.703296661376953,18.270673751831055,18.607481002807617,6502412
2024-10-25,WBT-USD,18.607765197753906,18.68745231628418,18.42211151123047,18.44908332824707,8324416
2024-10-26,WBT-USD,18.4487361907959,18.699018478393555,18.431257247924805,18.678089141845703,4063570
2024-10-27,WBT-USD,18.679019927978516,18.692829132080078,18.544824600219727,18.545469284057617,3869283
2024-10-28,WBT-USD,18.545469284057617,18.923994064331055,18.509803771972656,18.90393829345703,7124663
2024-10-29,WBT-USD,18.904024124145508,19.147855758666992,18.82832145690918,19.043119430541992,8242237
2024-10-30,WBT-USD,19.043153762817383,19.067543029785156,18.816755294799805,18.817951202392578,6188519
2024-10-31,WBT-USD,18.818201065063477,18.839828491210938,18.682294845581055,18.756847381591797,6101255
2024-11-01,WBT-USD,18.756996154785156,19.13579750061035,18.722734451293945,19.067657470703125,9010556
2024-11-02,WBT-USD,19.066869735717773,19.104644775390625,18.905973434448242,18.912885665893555,3472322
2024-11-03,WBT-USD,18.912885665893555,19.069608688354492,18.81513023376465,19.028430938720703,6141767
2024-11-04,WBT-USD,19.028520584106445,19.06780242919922,18.808027267456055,18.957489013671875,7484732
2024-11-05,WBT-USD,18.957500457763672,19.134464263916016,18.866735458374023,19.095247268676758,8390583
2024-11-06,WBT-USD,19.095056533813477,19.43756103515625,19.094663619995117,19.330495834350586,15935962
2024-11-07,WBT-USD,19.330537796020508,19.75037956237793,19.20635223388672,19.640506744384766,13298993
2024-11-08,WBT-USD,19.64032554626465,19.970069885253906,19.5360164642334,19.906597137451172,9187151
2024-11-09,WBT-USD,19.90650177001953,20.08302879333496,19.89354133605957,19.999784469604492,7626032
2024-11-10,WBT-USD,19.99967384338379,20.818572998046875,19.89850425720215,20.780597686767578,29760226
2024-11-11,WBT-USD,20.7806396484375,21.77846336364746,20.653200149536133,21.669092178344727,32541321
2024-11-12,WBT-USD,21.669105529785156,21.907787322998047,21.518077850341797,21.776409149169922,34762962
2024-11-13,WBT-USD,21.776317596435547,22.53436851501465,21.6895809173584,22.341100692749023,38935906
2024-11-14,WBT-USD,22.341073989868164,22.460346221923828,22.050703048706055,22.069107055664062,32343003
2024-11-15,WBT-USD,22.06964111328125,22.357858657836914,22.057247161865234,22.22890281677246,31555773
2024-11-16,WBT-USD,22.22348976135254,22.32438087463379,22.106788635253906,22.154394149780273,19506749
2024-11-17,WBT-USD,22.23601722717285,22.257282257080078,21.940248489379883,22.022991180419922,22319112
2024-11-18,WBT-USD,22.02300262451172,22.206602096557617,21.981624603271484,22.009033203125,29032641
2024-11-19,WBT-USD,22.009021759033203,23.946380615234375,21.988391876220703,23.812606811523438,38128766
2024-11-20,WBT-USD,23.812530517578125,24.082029342651367,23.730348587036133,23.948564529418945,29236585
2024-11-21,WBT-USD,23.948610305786133,24.857824325561523,23.917007446289062,24.74748420715332,46399472
2024-11-22,WBT-USD,24.747663497924805,24.8741397857666,24.617956161499023,24.668867111206055,29997743
2024-11-23,WBT-USD,24.668771743774414,24.769718170166016,24.569332122802734,24.630756378173828,18139130
2024-11-24,WBT-USD,24.630767822265625,24.763254165649414,24.15711212158203,24.336835861206055,22552045
2024-11-25,WBT-USD,24.337129592895508,24.422643661499023,23.869237899780273,23.992448806762695,38594651
2024-11-26,WBT-USD,23.992464065551758,24.05299186706543,23.551555633544922,23.607688903808594,52073434
2024-11-27,WBT-USD,23.607654571533203,23.874547958374023,23.51881217956543,23.649173736572266,38076652
2024-11-28,WBT-USD,23.649137496948242,23.757173538208008,23.26409912109375,23.336999893188477,29596250
2024-11-29,WBT-USD,23.337013244628906,23.625019073486328,23.31189727783203,23.58309555053711,31909663
2024-11-30,WBT-USD,23.58309555053711,23.586301803588867,23.47224235534668,23.488025665283203,19295965
2024-12-01,WBT-USD,23.488021850585938,23.54442024230957,23.393339157104492,23.420068740844727,17773137
2024-12-02,WBT-USD,23.420427322387695,23.600522994995117,23.27387046813965,23.298677444458008,35772494
2024-12-03,WBT-USD,23.2987060546875,23.52010154724121,23.26884651184082,23.45795249938965,31916296
2024-12-04,WBT-USD,23.457935333251953,23.661235809326172,23.41004180908203,23.54422378540039,40660458
2024-12-05,WBT-USD,23.544265747070312,25.26361656188965,23.46357536315918,25.077926635742188,64049492
2024-12-06,WBT-USD,24.9743595123291,25.369157791137695,24.895544052124023,25.084999084472656,35934644
2024-12-07,WBT-USD,25.08518409729004,25.24443244934082,24.97997283935547,25.115550994873047,20820453
2024-12-08,WBT-USD,25.13258171081543,25.239452362060547,25.004987716674805,25.073280334472656,20797393
2024-12-09,WBT-USD,25.110563278198242,25.183208465576172,24.632661819458008,24.89307975769043,53053014
2024-12-10,WBT-USD,24.893047332763672,25.024805068969727,24.671876907348633,24.885183334350586,55629225
2024-12-11,WBT-USD,24.885740280151367,25.165721893310547,24.760147094726562,25.06418228149414,39645484
2024-12-12,WBT-USD,25.064193725585938,25.085384368896484,24.810726165771484,24.912450790405273,33821969
2024-12-13,WBT-USD,24.912443161010742,25.246767044067383,24.854110717773438,25.123193740844727,25756944
2024-12-14,WBT-USD,25.123136520385742,25.26919174194336,25.04915428161621,25.110424041748047,20422031
2024-12-15,WBT-USD,25.110401153564453,25.366619110107422,25.068960189819336,25.1318302154541,29492296
2024-12-16,WBT-USD,25.129987716674805,25.384273529052734,25.006366729736328,25.209840774536133,37377749
2024-12-17,WBT-USD,25.209775924682617,25.430274963378906,25.098918914794922,25.228343963623047,36004173
2024-12-18,WBT-USD,25.228252410888672,25.328872680664062,24.740646362304688,24.859209060668945,49263337
2024-12-19,WBT-USD,24.8591251373291,25.285268783569336,24.785642623901367,25.000364303588867,58600385
2024-12-20,WBT-USD,25.000408172607422,25.000408172607422,24.39828109741211,24.52206039428711,79557244
2024-12-21,WBT-USD,24.52201271057129,24.65028953552246,24.417741775512695,24.489736557006836,39840651
2024-12-22,WBT-USD,24.489761352539062,24.619468688964844,24.250396728515625,24.45850372314453,35505874
2024-12-23,WBT-USD,24.45962142944336,24.613834381103516,24.24848747253418,24.43084144592285,51627728
2024-12-24,WBT-USD,24.430843353271484,25.056297302246094,24.301876068115234,25.01835060119629,39782242
2024-12-25,WBT-USD,25.018354415893555,25.074291229248047,24.79074478149414,25.059968948364258,40721669
2024-12-26,WBT-USD,25.06056022644043,25.077964782714844,24.519813537597656,24.652124404907227,40241344
2024-12-27,WBT-USD,24.75385284423828,24.766773223876953,24.49918556213379,24.58838653564453,44625873
2024-12-28,WBT-USD,24.58827781677246,24.93134307861328,24.567171096801758,24.76476287841797,23093731
2024-12-29,WBT-USD,24.7647762298584,25.004863739013672,24.655107498168945,24.702926635742188,23872022
2024-12-30,WBT-USD,24.70147132873535,24.822248458862305,24.424489974975586,24.575319290161133,39925312
2024-12-31,WBT-USD,24.575353622436523,24.80681037902832,24.48428726196289,24.596599578857422,35505884
2025-01-01,WBT-USD,24.59660530090332,24.767444610595703,24.52555274963379,24.752546310424805,24196077
2025-01-02,WBT-USD,24.75347900390625,24.84461784362793,24.61519432067871,24.65647315979004,36810549
2025-01-03,WBT-USD,24.656644821166992,24.958070755004883,24.620649337768555,24.922441482543945,24407139
2025-01-04,WBT-USD,24.922441482543945,25.12628936767578,24.79967498779297,25.100475311279297,16054088
2025-01-05,WBT-USD,25.10028648376465,25.77178192138672,24.81382942199707,25.63334846496582,22742101
2025-01-06,WBT-USD,25.63334846496582,27.24293327331543,25.629304885864258,27.215328216552734,38004268
2025-01-07,WBT-USD,27.215621948242188,27.261592864990234,26.845319747924805,27.003385543823242,33912543
2025-01-08,WBT-USD,27.003381729125977,27.107433319091797,26.515592575073242,26.580596923828125,45767890
2025-01-09,WBT-USD,26.580583572387695,26.654741287231445,26.218374252319336,26.300216674804688,46078001
2025-01-10,WBT-USD,26.300193786621094,26.76654815673828,26.280548095703125,26.666780471801758,44973638
2025-01-11,WBT-USD,26.666650772094727,26.790828704833984,26.56133460998535,26.631986618041992,20386230
2025-01-12,WBT-USD,26.63201332092285,26.907535552978516,26.591564178466797,26.74976348876953,19500007
2025-01-13,WBT-USD,26.74974250793457,26.949953079223633,26.5072078704834,26.85767364501953,69815497
2025-01-14,WBT-USD,26.908937454223633,27.083858489990234,26.851024627685547,26.95601463317871,37677577
2025-01-15,WBT-USD,26.95602798461914,27.165300369262695,26.84942626953125,27.06258201599121,34672695
2025-01-16,WBT-USD,27.062646865844727,27.247360229492188,26.893535614013672,27.168630599975586,37459762
2025-01-17,WBT-USD,27.168628692626953,28.091941833496094,27.066287994384766,27.957958221435547,38910040
2025-01-18,WBT-USD,28.0252742767334,28.097143173217773,27.791303634643555,28.00442886352539,33260728
2025-01-19,WBT-USD,28.00442886352539,28.770278930664062,28.000728607177734,28.424211502075195,49516656
2025-01-20,WBT-USD,28.424135208129883,28.617658615112305,28.242795944213867,28.42731475830078,99264308
2025-01-21,WBT-USD,28.42723274230957,28.708738327026367,28.31052017211914,28.629491806030273,67341170
2025-01-22,WBT-USD,28.629505157470703,28.647144317626953,28.458572387695312,28.548952102661133,40801564
2025-01-23,WBT-USD,28.548952102661133,28.79351234436035,28.19353675842285,28.231910705566406,71498465
2025-01-24,WBT-USD,28.231830596923828,28.562843322753906,28.126649856567383,28.53130340576172,41180012
2025-01-25,WBT-USD,28.53130531311035,28.595684051513672,28.378170013427734,28.378170013427734,18483932
2025-01-26,WBT-USD,28.378236770629883,28.643041610717773,28.28632926940918,28.433116912841797,14898486
2025-01-27,WBT-USD,28.433250427246094,28.43367576599121,28.034578323364258,28.16602325439453,63805449
2025-01-28,WBT-USD,28.165985107421875,28.470500946044922,28.121822357177734,28.293392181396484,35342456
2025-01-29,WBT-USD,28.29339599609375,28.566959381103516,28.293371200561523,28.418718338012695,36111550
2025-01-30,WBT-USD,28.418914794921875,28.6409854888916,28.36627960205078,28.526870727539062,32601168
2025-01-31,WBT-USD,28.52679443359375,28.629098892211914,28.159334182739258,28.250017166137695,34994653
2025-02-01,WBT-USD,28.249988555908203,28.46803855895996,28.12977409362793,28.22299575805664,20971287
2025-02-02,WBT-USD,28.223005294799805,28.398439407348633,27.881799697875977,27.96280288696289,50896293
2025-02-03,WBT-USD,27.962757110595703,28.46059226989746,27.722911834716797,28.28101921081543,102018300
2025-02-04,WBT-USD,28.281036376953125,28.315689086914062,27.695093154907227,27.780170440673828,60815477
2025-02-05,WBT-USD,27.780139923095703,27.847789764404297,27.407428741455078,27.442211151123047,37144543
2025-02-06,WBT-USD,27.442195892333984,27.80656623840332,27.43808364868164,27.641950607299805,41065064
2025-02-07,WBT-USD,27.641925811767578,27.916166305541992,27.42255973815918,27.53144645690918,45415740
2025-02-08,WBT-USD,27.531442642211914,27.53387451171875,27.208314895629883,27.260372161865234,17885267
2025-02-09,WBT-USD,27.260332107543945,27.337799072265625,27.12358856201172,27.29547691345215,19691484
2025-02-10,WBT-USD,27.295490264892578,27.78700065612793,27.255285263061523,27.64909553527832,30865536
2025-02-11,WBT-USD,27.649110794067383,27.925264358520508,27.297250747680664,27.3356876373291,28371565
2025-02-12,WBT-USD,27.335615158081055,27.607372283935547,27.210132598876953,27.39549446105957,42206839
2025-02-13,WBT-USD,27.39553451538086,27.420351028442383,27.074623107910156,27.161001205444336,40423926
2025-02-14,WBT-USD,27.16105842590332,27.22995948791504,27.024938583374023,27.08463478088379,30589455
2025-02-15,WBT-USD,27.084606170654297,27.245569229125977,27.049598693847656,27.18341636657715,17982834
2025-02-16,WBT-USD,27.183414459228516,27.399166107177734,27.122604370117188,27.28114891052246,17468479
2025-02-17,WBT-USD,27.28105926513672,27.325927734375,27.209285736083984,27.255199432373047,27002463
2025-02-18,WBT-USD,27.255197525024414,27.284774780273438,26.98129653930664,27.22250747680664,35859522
2025-02-19,WBT-USD,27.22246742248535,27.28496742248535,27.10643196105957,27.219398498535156,28860318
2025-02-20,WBT-USD,27.219324111938477,27.52035140991211,27.18312644958496,27.487932205200195,25405249
2025-02-21,WBT-USD,27.48786163330078,27.800594329833984,27.219810485839844,27.334060668945312,38488554
2025-02-22,WBT-USD,27.334020614624023,27.513385772705078,27.31454086303711,27.499235153198242,15208096
2025-02-23,WBT-USD,27.49892807006836,28.337560653686523,27.414386749267578,28.3367862701416,15438142
2025-02-24,WBT-USD,28.336679458618164,28.403377532958984,27.16904067993164,27.1690673828125,42923052
2025-02-25,WBT-USD,27.16905403137207,27.343339920043945,26.788555145263672,26.904613494873047,89186019
2025-02-26,WBT-USD,26.90460205078125,26.91283416748047,26.10659408569336,26.278945922851562,81101840
2025-02-27,WBT-USD,26.27895164489746,26.53102684020996,26.019670486450195,26.172645568847656,66087766
2025-02-28,WBT-USD,26.17279815673828,26.65704917907715,25.579702377319336,26.656959533691406,132960762
2025-03-01,WBT-USD,26.6569881439209,26.722774505615234,26.395103454589844,26.495515823364258,30701853
2025-03-02,WBT-USD,26.495515823364258,31.180221557617188,26.424104690551758,31.00735092163086,103199657
2025-03-03,WBT-USD,31.007341384887695,31.00742530822754,29.858449935913086,29.94136619567871,118348343
2025-03-04,WBT-USD,29.941457748413086,29.988014221191406,29.160804748535156,29.500476837158203,135667342
2025-03-05,WBT-USD,29.500438690185547,30.489580154418945,29.420440673828125,30.45807647705078,65858569
2025-03-06,WBT-USD,30.458087921142578,30.496170043945312,29.527542114257812,29.62595558166504,55889470
2025-03-07,WBT-USD,29.625934600830078,29.650705337524414,28.793540954589844,28.94294548034668,83098986
2025-03-08,WBT-USD,28.94295883178711,29.024839401245117,28.77672576904297,28.926956176757812,21684033
2025-03-09,WBT-USD,28.926868438720703,29.096736907958984,28.497957229614258,28.513574600219727,33956528
2025-03-10,WBT-USD,28.5135498046875,28.848712921142578,27.903675079345703,28.449920654296875,126426278
2025-03-11,WBT-USD,28.44868278503418,29.231693267822266,28.234249114990234,29.103273391723633,119399400
2025-03-12,WBT-USD,29.10258674621582,29.2216796875,28.6633358001709,28.78512191772461,86251821
2025-03-13,WBT-USD,28.783308029174805,28.795063018798828,28.06000518798828,28.06354331970215,124499603
2025-03-14,WBT-USD,28.063140869140625,28.527219772338867,28.036001205444336,28.44208526611328,61140939
2025-03-15,WBT-USD,28.4385929107666,28.9609432220459,28.396408081054688,28.92597198486328,17447284
2025-03-16,WBT-USD,28.925973892211914,28.9281005859375,28.289791107177734,28.333162307739258,32244534
2025-03-17,WBT-USD,28.332218170166016,28.592134475708008,28.227495193481445,28.502328872680664,41167274
2025-03-18,WBT-USD,28.501571655273438,28.501571655273438,28.09712791442871,28.167184829711914,38578631
2025-03-19,WBT-USD,28.167076110839844,28.903175354003906,28.069894790649414,28.804548263549805,51921983
2025-03-20,WBT-USD,28.805774688720703,28.881574630737305,28.512535095214844,28.576478958129883,36320811
2025-03-21,WBT-USD,28.57390594482422,28.700544357299805,28.42848014831543,28.534725189208984,26854921
2025-03-22,WBT-USD,28.534751892089844,29.03902244567871,28.51421356201172,28.745569229125977,12463525
2025-03-23,WBT-USD,28.745569229125977,29.120046615600586,28.743244171142578,28.993328094482422,24463482
2025-03-24,WBT-USD,28.9898681640625,29.437227249145508,28.895883560180664,29.26245880126953,32775634
2025-03-25,WBT-USD,29.2625732421875,29.371488571166992,29.152545928955078,29.191078186035156,26735039
2025-03-26,WBT-USD,29.190696716308594,29.310569763183594,28.93882179260254,29.002273559570312,23732740
2025-03-27,WBT-USD,29.002378463745117,29.317018508911133,28.99285888671875,29.109445571899414,22361062
2025-03-28,WBT-USD,29.11006736755371,29.169788360595703,28.876449584960938,28.91584587097168,26982730
2025-03-29,WBT-USD,28.91584587097168,28.936208724975586,28.388643264770508,28.465633392333984,19483009
2025-03-30,WBT-USD,28.465593338012695,28.58603286743164,28.173179626464844,28.26171112060547,16356039
2025-03-31,WBT-USD,28.26226043701172,28.538888931274414,28.164880752563477,28.302635192871094,33738131
2025-04-01,WBT-USD,28.302690505981445,28.418392181396484,28.134660720825195,28.17303466796875,30883018
2025-04-02,WBT-USD,28.172996520996094,28.253143310546875,27.583845138549805,27.632007598876953,54383952
2025-04-03,WBT-USD,27.631868362426758,27.930147171020508,27.514217376708984,27.665746688842773,43378113
2025-04-04,WBT-USD,27.66573143005371,27.959842681884766,27.53534698486328,27.607444763183594,53140338
2025-04-05,WBT-USD,27.60750961303711,28.1846866607666,27.448360443115234,28.116979598999023,22143167
2025-04-06,WBT-USD,28.117155075073242,28.264719009399414,27.589778900146484,27.6702938079834,46780292
2025-04-07,WBT-USD,27.67049789428711,28.26279640197754,27.289953231811523,27.965543746948242,123372605
2025-04-08,WBT-USD,27.965892791748047,28.0570011138916,27.569978713989258,27.581754684448242,52278556
2025-04-09,WBT-USD,27.58195686340332,28.24089241027832,27.441631317138672,28.099416732788086,92895491
2025-04-10,WBT-USD,28.099397659301758,28.12531280517578,27.73923683166504,27.881113052368164,45927351
2025-04-11,WBT-USD,27.881399154663086,28.215808868408203,27.803077697753906,27.96790313720703,39864194
2025-04-12,WBT-USD,27.967891693115234,28.00017547607422,27.65005111694336,27.749248504638672,21905655
2025-04-13,WBT-USD,27.749256134033203,27.93577003479004,27.66220474243164,27.761695861816406,26032190
2025-04-14,WBT-USD,27.761966705322266,27.969871520996094,27.7211971282959,27.794748306274414,29678880
2025-04-15,WBT-USD,27.794687271118164,28.0226993560791,27.62198829650879,27.651302337646484,26909569
2025-04-16,WBT-USD,27.651552200317383,27.86031150817871,27.601816177368164,27.743526458740234,29343023
2025-04-17,WBT-USD,27.74353790283203,27.889434814453125,27.716703414916992,27.854543685913086,19359121
2025-04-18,WBT-USD,27.854568481445312,28.070322036743164,27.811683654785156,28.05866241455078,11072203
2025-04-19,WBT-USD,28.05866241455078,28.238941192626953,27.88007354736328,27.97576904296875,13305037
2025-04-20,WBT-USD,27.975412368774414,28.147146224975586,27.916948318481445,28.033367156982422,13102552
2025-04-21,WBT-USD,28.03327178955078,28.450056076049805,28.025331497192383,28.262989044189453,27530986
2025-04-22,WBT-USD,28.263111114501953,28.642757415771484,28.231660842895508,28.500829696655273,33788258
2025-04-23,WBT-USD,28.50069808959961,28.733983993530273,28.38603973388672,28.672962188720703,30399376
2025-04-24,WBT-USD,28.672924041748047,28.77568817138672,28.552473068237305,28.764249801635742,20052530
2025-04-25,WBT-USD,28.765296936035156,29.148496627807617,28.764911651611328,29.083675384521484,23145831
2025-04-26,WBT-USD,29.083650588989258,29.391956329345703,29.083372116088867,29.37868309020996,11820095
2025-04-27,WBT-USD,29.37868309020996,29.435903549194336,29.13456916809082,29.148475646972656,11896524
2025-04-28,WBT-USD,29.148391723632812,29.42914390563965,29.102951049804688,29.391645431518555,23900863
2025-04-29,WBT-USD,29.391538619995117,29.514629364013672,29.0249080657959,29.089099884033203,21036375
2025-04-30,WBT-USD,29.089143753051758,29.195375442504883,28.922578811645508,28.934696197509766,17786285
2025-05-01,WBT-USD,28.934722900390625,29.469982147216797,28.906442642211914,29.31014060974121,21219059
2025-05-02,WBT-USD,29.310775756835938,29.365890502929688,28.99399185180664,29.015636444091797,20104547
2025-05-03,WBT-USD,29.015636444091797,29.021804809570312,28.840763092041016,28.865047454833984,10237980
2025-05-04,WBT-USD,28.865034103393555,28.882787704467773,28.4783992767334,28.503326416015625,11050102
2025-05-05,WBT-USD,28.50397491455078,28.651607513427734,28.473295211791992,28.600248336791992,17692136
2025-05-06,WBT-USD,28.600261688232422,28.62131118774414,28.202787399291992,28.35513687133789,20369950
2025-05-07,WBT-USD,28.35329246520996,28.875747680664062,28.106327056884766,28.57256507873535,29717245
2025-05-08,WBT-USD,28.572574615478516,30.4686336517334,28.5284423828125,30.381574630737305,51679081
2025-05-09,WBT-USD,30.381406784057617,30.460102081298828,30.146982192993164,30.297060012817383,36245384
2025-05-10,WBT-USD,30.297060012817383,30.426578521728516,30.135488510131836,30.234712600708008,19966666
2025-05-11,WBT-USD,30.234678268432617,30.36148452758789,30.080549240112305,30.16170883178711,25955777
2025-05-12,WBT-USD,30.161943435668945,30.370664596557617,30.096820831298828,30.223812103271484,39235382
2025-05-13,WBT-USD,30.201923370361328,30.299728393554688,30.111940383911133,30.20677375793457,33466408
2025-05-14,WBT-USD,30.206825256347656,30.367576599121094,30.080644607543945,30.359359741210938,24925440
2025-05-15,WBT-USD,30.35934829711914,30.41420555114746,30.168622970581055,30.230730056762695,25218889
2025-05-16,WBT-USD,30.230735778808594,30.340621948242188,30.110471725463867,30.12387466430664,26377221
2025-05-17,WBT-USD,30.123807907104492,30.197021484375,30.072479248046875,30.15876007080078,17720598
2025-05-18,WBT-USD,30.158653259277344,30.537548065185547,30.1506290435791,30.356327056884766,27934550
2025-05-19,WBT-USD,30.354387283325195,30.370641708374023,30.003562927246094,30.219451904296875,43067107
2025-05-20,WBT-USD,30.219463348388672,30.30498695373535,30.09217643737793,30.223888397216797,35256840
2025-05-21,WBT-USD,30.22389793395996,30.563871383666992,30.08070182800293,30.12751579284668,60463785
2025-05-22,WBT-USD,30.127635955810547,32.03147506713867,30.082294464111328,31.847047805786133,73590552
2025-05-23,WBT-USD,31.847328186035156,32.0533332824707,31.6831111907959,31.71483612060547,58428521
2025-05-24,WBT-USD,31.715055465698242,31.99274444580078,31.686382293701172,31.758127212524414,31962992
2025-05-25,WBT-USD,31.757997512817383,32.325355529785156,31.649866104125977,32.27577590942383,30781787
2025-05-26,WBT-USD,32.27573776245117,32.41560745239258,32.027313232421875,32.065120697021484,24606926
2025-05-27,WBT-USD,32.06513977050781,32.095191955566406,31.7366886138916,31.78119659423828,28929480
2025-05-28,WBT-USD,31.781078338623047,31.808040618896484,31.341066360473633,31.50238800048828,24257633
2025-05-29,WBT-USD,31.502458572387695,31.54540252685547,31.04276466369629,31.044275283813477,30419402
2025-05-30,WBT-USD,31.044275283813477,31.525083541870117,30.96186065673828,31.18454360961914,45278031
2025-05-31,WBT-USD,31.184263229370117,31.215686798095703,30.98878288269043,31.161035537719727,21757441
2025-06-01,WBT-USD,31.161035537719727,31.191137313842773,30.9644718170166,31.11594009399414,16414054
2025-06-02,WBT-USD,31.115680694580078,31.304607391357422,30.89475440979004,31.303871154785156,27232654
2025-06-03,WBT-USD,31.303794860839844,31.51025390625,31.208284378051758,31.3283634185791,25570682
2025-06-04,WBT-USD,31.3282470703125,31.36371421813965,31.166431427001953,31.209144592285156,20587871
2025-06-05,WBT-USD,31.20867919921875,31.46442222595215,30.847028732299805,30.9201717376709,35627496
2025-06-06,WBT-USD,30.9201717376709,31.524635314941406,30.9086856842041,31.33133888244629,24280425
2025-06-07,WBT-USD,31.33125877380371,31.513153076171875,31.27890396118164,31.350971221923828,18621790
2025-06-08,WBT-USD,31.350971221923828,31.379777908325195,31.18120765686035,31.186752319335938,13821120
2025-06-09,WBT-USD,31.18701934814453,31.734251022338867,31.172109603881836,31.661191940307617,26123788
2025-06-10,WBT-USD,31.673095703125,31.673465728759766,31.281938552856445,31.361719131469727,92091364
2025-06-11,WBT-USD,31.360122680664062,32.034576416015625,31.18608856201172,31.991674423217773,98285106
2025-06-12,WBT-USD,31.991601943969727,34.29768753051758,31.9208984375,34.00965881347656,96536315
2025-06-13,WBT-USD,34.00965881347656,37.538841247558594,33.527259826660156,37.51930236816406,144707911
2025-06-14,WBT-USD,37.51930236816406,39.75341033935547,37.51038360595703,39.71464157104492,54944981
2025-06-15,WBT-USD,39.71157455444336,40.08940505981445,38.85995864868164,39.579254150390625,58599845
2025-06-16,WBT-USD,39.579254150390625,51.88328552246094,39.49564743041992,51.50436782836914,121268155
2025-06-17,WBT-USD,51.50343704223633,51.61387252807617,47.384708404541016,48.108211517333984,149324245
2025-06-18,WBT-USD,48.108070373535156,49.287437438964844,47.62247848510742,49.209625244140625,85275690
2025-06-19,WBT-USD,49.21318054199219,49.54137420654297,49.169837951660156,49.22214126586914,38838013
2025-06-20,WBT-USD,49.221988677978516,49.5991096496582,48.78477478027344,48.87644577026367,49751141
2025-06-21,WBT-USD,48.87599563598633,49.04701232910156,48.3019905090332,48.43672561645508,36219474
2025-06-22,WBT-USD,48.442100524902344,48.551876068115234,47.8347282409668,48.14238739013672,78924455
2025-06-23,WBT-USD,48.14191818237305,48.30575180053711,47.37554168701172,47.913021087646484,80642925
2025-06-24,WBT-USD,47.913021087646484,48.490840911865234,47.76555633544922,48.026126861572266,55691002
2025-06-25,WBT-USD,48.02508544921875,48.10311508178711,47.87643051147461,47.900211334228516,45695115
2025-06-26,WBT-USD,47.901588439941406,48.022239685058594,47.3013916015625,47.555259704589844,38109020
2025-06-27,WBT-USD,47.55654525756836,47.79779815673828,45.1678581237793,46.106849670410156,51653902
2025-06-28,WBT-USD,46.106849670410156,47.292083740234375,46.030269622802734,47.05076217651367,24605388
2025-06-29,WBT-USD,47.05069351196289,47.40549087524414,46.4876823425293,46.82448196411133,28462361
2025-06-30,WBT-USD,46.82327651977539,46.90965270996094,43.499267578125,44.36591339111328,73152504
2025-07-01,WBT-USD,44.36591339111328,44.77531814575195,42.20547103881836,43.933204650878906,91576736
2025-07-02,WBT-USD,43.932838439941406,44.22454071044922,43.44519805908203,43.6086311340332,68053956
2025-07-03,WBT-USD,43.60868835449219,43.94035339355469,43.56003952026367,43.7702751159668,53971717
2025-07-04,WBT-USD,43.769744873046875,45.024871826171875,43.51963424682617,44.90769958496094,60528763
2025-07-05,WBT-USD,44.90752410888672,45.700042724609375,44.818115234375,45.146297454833984,30919253
2025-07-06,WBT-USD,45.146297454833984,45.20615768432617,44.80433654785156,44.97327423095703,35974345
2025-07-07,WBT-USD,44.97298049926758,45.073936462402344,44.53070068359375,44.96284103393555,52082457
2025-07-08,WBT-USD,44.96284103393555,45.04106140136719,44.68375015258789,44.82978057861328,32174577
2025-07-09,WBT-USD,44.8295783996582,46.892173767089844,44.70247268676758,46.544898986816406,52080219
2025-07-10,WBT-USD,46.544898986816406,46.71426010131836,46.31340408325195,46.54323959350586,40789849
2025-07-11,WBT-USD,46.54319381713867,46.8039665222168,46.39744186401367,46.56882858276367,47552458
2025-07-12,WBT-USD,46.56884002685547,46.728797912597656,45.6840705871582,45.956993103027344,25397544
2025-07-13,WBT-USD,45.956993103027344,46.22292709350586,45.92639923095703,46.1306266784668,24076714
2025-07-14,WBT-USD,46.130550384521484,46.42313766479492,45.67707061767578,45.72793197631836,46515513
2025-07-15,WBT-USD,45.72813415527344,45.854766845703125,43.63665771484375,44.17576217651367,129991811
2025-07-16,WBT-USD,44.175758361816406,45.271080017089844,43.973480224609375,44.91873550415039,126580284
2025-07-17,WBT-USD,44.91870880126953,45.60861587524414,44.682552337646484,45.26564025878906,110360297
2025-07-18,WBT-USD,45.26552963256836,45.92451858520508,43.69785690307617,44.03044891357422,136885395
2025-07-19,WBT-USD,44.030460357666016,44.30978775024414,43.85163879394531,44.09516525268555,73309696
2025-07-20,WBT-USD,44.0952033996582,44.793601989746094,43.99614715576172,44.386390686035156,91995269
2025-07-21,WBT-USD,44.38645935058594,44.942955017089844,44.025550842285156,44.3078727722168,90535609
2025-07-22,WBT-USD,44.30778884887695,44.83056640625,43.86586380004883,44.83056640625,96796503
2025-07-23,WBT-USD,44.83056640625,44.84535217285156,43.599544525146484,44.120243072509766,74756253
2025-07-24,WBT-USD,44.12035369873047,44.51137924194336,43.542423248291016,44.112548828125,77486397
2025-07-25,WBT-USD,44.112548828125,44.11776351928711,43.03743362426758,43.90454864501953,96169032
2025-07-26,WBT-USD,43.90454864501953,44.13296890258789,43.73102951049805,43.99756622314453,38065399
2025-07-27,WBT-USD,43.99756622314453,44.76484298706055,43.88939666748047,44.704219818115234,49157513
2025-07-28,WBT-USD,44.70420455932617,44.83552932739258,43.747764587402344,43.87013244628906,73145865
2025-07-29,WBT-USD,43.87030029296875,44.491455078125,43.530494689941406,43.87239074707031,65573810
2025-07-30,WBT-USD,43.872352600097656,44.10377883911133,43.249820709228516,43.86368942260742,65758828
2025-07-31,WBT-USD,43.86368942260742,44.32941818237305,42.959232330322266,43.1037712097168,61955922
2025-08-01,WBT-USD,43.1037712097168,43.26763153076172,41.97319793701172,42.188045501708984,107806239
2025-08-02,WBT-USD,42.18804168701172,42.4903564453125,41.6003532409668,41.76732635498047,71025073
2025-08-03,WBT-USD,41.76734161376953,42.57112121582031,41.62571334838867,42.42399215698242,48270078
2025-08-04,WBT-USD,42.42399215698242,43.205543518066406,42.350257873535156,43.087921142578125,65662614
2025-08-05,WBT-USD,43.087921142578125,43.08814239501953,42.19342803955078,42.61994552612305,88491795
2025-08-06,WBT-USD,42.61994552612305,43.17272186279297,42.352317810058594,42.94190979003906,62942840
2025-08-07,WBT-USD,42.94192123413086,44.02672576904297,42.67106246948242,43.962562561035156,59086498
2025-08-08,WBT-USD,43.962562561035156,44.15422058105469,43.61801528930664,44.014705657958984,49329512
2025-08-09,WBT-USD,44.014705657958984,44.65690994262695,43.91929244995117,44.34660720825195,41801746
2025-08-10,WBT-USD,44.34660720825195,45.02278518676758,44.320552825927734,45.02275085449219,50548053
2025-08-11,WBT-USD,45.022823333740234,45.791587829589844,44.45655059814453,44.64903259277344,87598659
2025-08-12,WBT-USD,44.6490364074707,45.76833724975586,44.577171325683594,45.700408935546875,78629042
2025-08-13,WBT-USD,45.700382232666016,46.86210632324219,45.49896240234375,46.81517791748047,97774231
2025-08-14,WBT-USD,46.81507110595703,46.88807678222656,44.85886764526367,45.31577682495117,133749035
2025-08-15,WBT-USD,45.31586456298828,45.74348068237305,44.43214416503906,44.625083923339844,83818485
2025-08-16,WBT-USD,44.62511444091797,44.900333404541016,44.50361633300781,44.62733840942383,34162098
2025-08-17,WBT-USD,44.62733840942383,45.173797607421875,44.56336212158203,44.79989242553711,39739177
2025-08-18,WBT-USD,44.79990005493164,44.800148010253906,43.491329193115234,44.01462936401367,78225687
2025-08-19,WBT-USD,44.014564514160156,44.141448974609375,42.48752212524414,42.48919677734375,76876691
2025-08-20,WBT-USD,42.488311767578125,43.382572174072266,42.43422317504883,43.23268127441406,78953832
2025-08-21,WBT-USD,43.23280715942383,43.268409729003906,42.29171371459961,42.47403335571289,59948086
2025-08-22,WBT-USD,42.473976135253906,44.6387939453125,42.1219596862793,44.51124572753906,94774988
2025-08-23,WBT-USD,44.51130294799805,44.51261520385742,43.637550354003906,43.89747619628906,56138245
2025-08-24,WBT-USD,43.8974494934082,44.090091705322266,43.52062225341797,44.00297164916992,100254635
2025-08-25,WBT-USD,44.002967834472656,44.00324249267578,42.36567306518555,42.635433197021484,133777593
2025-08-26,WBT-USD,42.63483810424805,43.534542083740234,42.307861328125,43.38731002807617,122635123
2025-08-27,WBT-USD,43.386985778808594,43.447242736816406,42.850250244140625,42.87983703613281,102310949
2025-08-28,WBT-USD,42.88002014160156,43.720699310302734,42.8107795715332,43.2833137512207,75906694
2025-08-29,WBT-USD,43.28300476074219,43.28449249267578,41.767269134521484,42.11517333984375,142683700
2025-08-30,WBT-USD,42.11517333984375,42.22113037109375,41.6573486328125,42.1639518737793,58777174
2025-08-31,WBT-USD,42.1639518737793,42.489341735839844,42.02773666381836,42.049034118652344,60953210
2025-09-01,WBT-USD,42.049034118652344,42.53111267089844,41.677345275878906,42.16410827636719,109577932
2025-09-02,WBT-USD,42.164066314697266,42.70042419433594,41.822811126708984,42.552982330322266,91647864
2025-09-03,WBT-USD,42.55308532714844,43.0897102355957,42.28166580200195,42.80207443237305,65344061
2025-09-04,WBT-USD,42.80208969116211,42.94667053222656,41.72434997558594,42.00523376464844,62374834
2025-09-05,WBT-USD,42.00539016723633,42.92424011230469,41.906612396240234,42.19514846801758,89717128
2025-09-06,WBT-USD,42.19500732421875,42.407859802246094,41.84321975708008,41.91801071166992,23768013
2025-09-07,WBT-USD,41.91801452636719,42.40938949584961,41.91798400878906,42.215213775634766,20646609
2025-09-08,WBT-USD,42.21527862548828,42.74615478515625,42.053802490234375,42.33420944213867,45146685
2025-09-09,WBT-USD,42.33420944213867,42.76308059692383,41.984222412109375,42.2026481628418,48156342
2025-09-10,WBT-USD,42.2026481628418,43.26298522949219,42.016136169433594,42.95487594604492,49244036
2025-09-11,WBT-USD,42.95488739013672,43.585636138916016,42.90555191040039,43.58544921875,56323054
2025-09-12,WBT-USD,43.58555221557617,44.20731735229492,43.404869079589844,44.1334114074707,61797951
2025-09-13,WBT-USD,44.133182525634766,44.22006607055664,43.67742919921875,44.0177001953125,45882635
2025-09-14,WBT-USD,44.0177001953125,44.07682800292969,43.637054443359375,43.777122497558594,44681525
2025-09-15,WBT-USD,43.77699661254883,44.189910888671875,43.143775939941406,43.48735427856445,76224000
2025-09-16,WBT-USD,43.48731231689453,43.778289794921875,43.086673736572266,43.74073791503906,49196792
2025-09-17,WBT-USD,43.740264892578125,43.90738296508789,43.11770248413086,43.799861907958984,94477301
2025-09-18,WBT-USD,43.797401428222656,44.17951202392578,43.73794174194336,43.89991760253906,82943052
2025-09-19,WBT-USD,43.90046691894531,44.01716232299805,43.01603317260742,43.24163055419922,63885798
2025-09-20,WBT-USD,43.24165725708008,43.44932174682617,43.172855377197266,43.32277297973633,24533165
2025-09-21,WBT-USD,43.32277297973633,43.34771728515625,43.1109504699707,43.12572479248047,25469385
2025-09-22,WBT-USD,43.12572479248047,43.15339660644531,41.88254165649414,42.16779327392578,96145885
2025-09-23,WBT-USD,42.16789627075195,42.254966735839844,41.590736389160156,41.741607666015625,70246499
2025-09-24,WBT-USD,41.741573333740234,42.32854080200195,41.49530029296875,42.077667236328125,64370745
2025-09-25,WBT-USD,42.077667236328125,42.15770721435547,40.32695770263672,40.33009719848633,115719264
2025-09-26,WBT-USD,40.33076477050781,40.91704177856445,40.32712936401367,40.762664794921875,93892382
2025-09-27,WBT-USD,40.764217376708984,40.7643928527832,40.46508026123047,40.66663360595703,25955346
2025-09-28,WBT-USD,40.66926956176758,41.510860443115234,40.476566314697266,41.47262954711914,40777851
2025-09-29,WBT-USD,41.47245788574219,42.144161224365234,41.24143981933594,42.11468505859375,77146912
2025-09-30,WBT-USD,42.119239807128906,42.21457290649414,41.537601470947266,41.8525505065918,71582699
2025-10-01,WBT-USD,41.84391403198242,43.118255615234375,41.82215118408203,43.118255615234375,84044525
2025-10-02,WBT-USD,43.12189865112305,43.93233871459961,43.118690490722656,43.72679138183594,87167435
2025-10-03,WBT-USD,43.72669219970703,44.49169921875,43.33719253540039,44.22492980957031,92386595
2025-10-04,WBT-USD,44.22492980957031,44.30779266357422,43.83621597290039,44.104225158691406,38649238
2025-10-05,WBT-USD,44.104225158691406,44.82431411743164,44.02217483520508,44.31840133666992,81747652
2025-10-06,WBT-USD,44.31843185424805,45.239646911621094,44.242374420166016,44.88810729980469,92102665
2025-10-07,WBT-USD,44.88884353637695,45.02363967895508,43.716407775878906,43.744384765625,101574674
2025-10-08,WBT-USD,43.74494171142578,44.48298263549805,43.63233947753906,44.17001724243164,88015879
2025-10-09,WBT-USD,44.16863250732422,44.172821044921875,42.781272888183594,43.42498016357422,102827885
2025-10-10,WBT-USD,43.426788330078125,43.60358428955078,40.57387924194336,42.291587829589844,243706231
2025-10-11,WBT-USD,42.290767669677734,42.42439651489258,41.22145080566406,41.63608932495117,167682526
2025-10-12,WBT-USD,41.63553237915039,43.329681396484375,41.25437927246094,43.30068588256836,146445688
2025-10-13,WBT-USD,43.29941940307617,43.57933807373047,42.874176025390625,43.34340286254883,179612021
2025-10-14,WBT-USD,43.34336853027344,43.42878341674805,41.566871643066406,42.822818756103516,235132713
2025-10-15,WBT-USD,42.82322692871094,42.939884185791016,41.74821853637695,41.9547004699707,141604211
2025-10-16,WBT-USD,41.954349517822266,42.39830780029297,40.987754821777344,41.18075942993164,179053283
2025-10-17,WBT-USD,41.18069839477539,41.564144134521484,39.72693634033203,40.567562103271484,199152897
2025-10-18,WBT-USD,40.567543029785156,41.04587936401367,40.55847930908203,40.95699691772461,65204424
2025-10-19,WBT-USD,40.95699691772461,41.65617370605469,40.625465393066406,41.35321807861328,82403241
2025-10-20,WBT-USD,41.348663330078125,42.09977722167969,40.92013931274414,41.79597473144531,139374013
2025-10-21,WBT-USD,41.7957649230957,42.447845458984375,40.769012451171875,41.200439453125,158189737
2025-10-22,WBT-USD,41.202945709228516,41.282203674316406,40.6644172668457,41.04732894897461,125428752
2025-10-23,WBT-USD,41.04372024536133,42.117733001708984,41.02716064453125,41.75210189819336,84180645
2025-10-24,WBT-USD,41.75267791748047,42.37252426147461,41.71136474609375,42.136905670166016,66855256
2025-10-25,WBT-USD,42.136905670166016,42.451515197753906,42.03762435913086,42.35324478149414,23535655
2025-10-26,WBT-USD,42.353721618652344,43.344261169433594,42.13337326049805,43.237754821777344,44021362
2025-10-27,WBT-USD,43.241607666015625,43.924747467041016,42.95333480834961,42.97989273071289,71448436
2025-10-28,WBT-USD,42.98177719116211,43.63480758666992,42.39455795288086,42.6081657409668,109705341
2025-10-29,WBT-USD,42.60731887817383,42.894840240478516,41.741580963134766,41.939762115478516,114695924
2025-10-30,WBT-USD,41.93972396850586,42.340721130371094,40.555206298828125,42.291996002197266,145558754
2025-10-31,WBT-USD,42.246707916259766,47.07181930541992,42.24663543701172,47.045616149902344,142626299
2025-11-01,WBT-USD,47.044189453125,50.51095199584961,46.7946891784668,50.51063919067383,99303918
2025-11-02,WBT-USD,50.50865936279297,55.35860824584961,49.7077522277832,55.358123779296875,115867808
2025-11-03,WBT-USD,55.35509490966797,55.42052459716797,53.4736442565918,54.059303283691406,216773461
2025-11-04,WBT-USD,54.058963775634766,54.229488372802734,50.6839485168457,52.017459869384766,288097570
2025-11-05,WBT-USD,52.017372131347656,53.06608200073242,50.9776725769043,52.72119903564453,143796695
2025-11-06,WBT-USD,52.71931838989258,52.829261779785156,51.272159576416016,51.6081428527832,137074136
2025-11-07,WBT-USD,51.64901351928711,54.38709259033203,50.69945526123047,54.076412200927734,170670669
2025-11-08,WBT-USD,54.076412200927734,54.07749938964844,53.14925003051758,53.5736198425293,72343880
2025-11-09,WBT-USD,53.573543548583984,54.784732818603516,53.1524658203125,54.55084228515625,81277777
2025-11-10,WBT-USD,54.55133819580078,55.23080062866211,54.43644714355469,55.14574432373047,98281151
2025-11-11,WBT-USD,55.14545822143555,55.72110366821289,53.78456115722656,54.05138397216797,103173034
2025-11-12,WBT-USD,54.04927444458008,55.50117111206055,53.913368225097656,54.343257904052734,106609801
2025-11-13,WBT-USD,54.34347152709961,55.89419937133789,52.8737678527832,53.7730598449707,168542240
2025-11-14,WBT-USD,53.77437210083008,53.8072509765625,52.13566589355469,52.54627990722656,217160400
2025-11-15,WBT-USD,52.54727554321289,53.356876373291016,52.42339324951172,52.850215911865234,89444601
2025-11-16,WBT-USD,52.850093841552734,53.469608306884766,51.69515609741211,52.452022552490234,118209130
2025-11-17,WBT-USD,52.45079040527344,53.073123931884766,50.80415725708008,51.14801025390625,169853832
2025-11-18,WBT-USD,51.15021514892578,65.29808807373047,50.34208679199219,61.433563232421875,261542774
2025-11-19,WBT-USD,61.43391418457031,61.43391418457031,58.81856155395508,60.10124206542969,200491553
2025-11-20,WBT-USD,60.104331970214844,60.889892578125,56.741153717041016,56.938636779785156,217804606
2025-11-21,WBT-USD,56.93204879760742,57.66548156738281,55.83900833129883,57.101783752441406,328153122
2025-11-22,WBT-USD,57.10322570800781,57.17146301269531,55.8967399597168,56.40205383300781,104002225
2025-11-23,WBT-USD,56.40205383300781,57.645198822021484,56.400917053222656,56.95246124267578,117959258
2025-11-24,WBT-USD,56.95424270629883,58.935604095458984,56.00135040283203,58.24223709106445,156084726
2025-11-25,WBT-USD,58.24167251586914,58.50397872924805,56.61610794067383,58.00215148925781,131513282
2025-11-26,WBT-USD,58.001564025878906,58.84437561035156,57.044559478759766,58.698753356933594,111757387
2025-11-27,WBT-USD,58.697872161865234,60.0617561340332,58.51756286621094,59.4166374206543,90773434
2025-11-28,WBT-USD,59.417476654052734,60.01259994506836,58.55574035644531,58.846248626708984,99889101
2025-11-29,WBT-USD,58.845611572265625,58.957435607910156,58.25853729248047,58.51701736450195,58745740
2025-11-30,WBT-USD,58.51701736450195,59.252254486083984,57.95325469970703,57.958030700683594,53090116
2025-12-01,WBT-USD,57.948551177978516,58.65092086791992,55.17957305908203,57.82757568359375,225496176
2025-12-02,WBT-USD,57.827816009521484,62.11045837402344,57.45420837402344,61.471500396728516,173854386
2025-12-03,WBT-USD,61.47163391113281,63.046592712402344,61.39470291137695,62.853607177734375,187305507
2025-12-04,WBT-USD,62.853031158447266,63.14125442504883,61.443504333496094,62.02356719970703,140991305
2025-12-05,WBT-USD,62.02106475830078,62.38871383666992,60.32052993774414,60.59078598022461,146620325
2025-12-06,WBT-USD,60.59089660644531,60.89093017578125,60.27881622314453,60.42510223388672,58480246
2025-12-07,WBT-USD,60.425010681152344,61.71493148803711,59.821720123291016,60.67768478393555,101886224
2025-12-08,WBT-USD,60.67229080200195,61.615840911865234,60.63936996459961,61.00223922729492,134370808
2025-12-09,WBT-USD,61.00159454345703,62.8375358581543,60.475528717041016,61.90205001831055,143939443
2025-12-10,WBT-USD,61.90205001831055,64.25138854980469,61.413917541503906,62.937931060791016,156084656
2025-12-11,WBT-USD,62.933536529541016,62.93951416015625,60.6569938659668,61.7346076965332,160753081
2025-12-12,WBT-USD,61.73447036743164,61.770137786865234,60.013641357421875,60.31977462768555,101285017
2025-12-13,WBT-USD,60.320091247558594,60.64314651489258,60.08045959472656,60.25318145751953,30151261
2025-12-14,WBT-USD,60.25180435180664,60.56048583984375,59.14341354370117,59.187381744384766,40577448
2025-12-15,WBT-USD,59.18501281738281,60.050941467285156,57.25468444824219,57.75883865356445,82873631
2025-12-16,WBT-USD,57.75800323486328,57.975040435791016,57.051231384277344,57.76578903198242,98888763
2025-12-17,WBT-USD,57.76369094848633,60.277523040771484,56.78830337524414,57.770668029785156,120315580
2025-12-18,WBT-USD,57.770668029785156,59.15693664550781,56.476192474365234,56.686126708984375,137337072
2025-12-19,WBT-USD,56.68701171875,58.344120025634766,56.53141403198242,57.48311233520508,113866165
2025-12-20,WBT-USD,57.483280181884766,57.57938003540039,57.365116119384766,57.42891311645508,22221675
2025-12-21,WBT-USD,57.42876052856445,57.77350997924805,57.1949577331543,57.5942268371582,38505919
2025-12-22,WBT-USD,57.593299865722656,58.54095458984375,57.20356369018555,57.513580322265625,110652381
2025-12-23,WBT-USD,57.51543426513672,57.705291748046875,56.27839279174805,56.41666030883789,59886554
2025-12-24,WBT-USD,56.409751892089844,56.63077926635742,55.9481201171875,56.41761016845703,42155727
2025-12-25,WBT-USD,56.41761016845703,56.8220329284668,55.90037536621094,56.068668365478516,24432840
2025-12-26,WBT-USD,56.068607330322266,57.008697509765625,55.610748291015625,55.92223358154297,42570155
2025-12-27,WBT-USD,55.921634674072266,56.17359924316406,55.88751220703125,56.1201057434082,11455494
2025-12-28,WBT-USD,56.11967849731445,56.38041687011719,55.90977478027344,55.997623443603516,10787674
2025-12-29,WBT-USD,55.9998664855957,57.138248443603516,55.40326690673828,56.39212417602539,84675732
2025-12-30,WBT-USD,56.392826080322266,57.2109489440918,56.16814041137695,56.74690628051758,77296754
2025-12-31,WBT-USD,56.747169494628906,57.18132400512695,56.02722930908203,56.181034088134766,59786006
2026-01-01,WBT-USD,56.18109130859375,56.81869888305664,56.11486053466797,56.806819915771484,20798070
2026-01-02,WBT-USD,56.80741500854492,57.609493255615234,56.518428802490234,57.09457778930664,92278327
2026-01-03,WBT-USD,57.09497833251953,57.32664489746094,56.60702896118164,57.29719161987305,27837085
2026-01-04,WBT-USD,57.296939849853516,57.697998046875,57.27522659301758,57.48945617675781,43454593
2026-01-05,WBT-USD,57.49067687988281,58.76813888549805,57.490257263183594,58.40386199951172,111220741
2026-01-06,WBT-USD,58.4027099609375,58.654441833496094,57.10721969604492,58.02239990234375,89828479
2026-01-07,WBT-USD,58.02238082885742,58.06412124633789,56.08606719970703,56.44633102416992,85328401
2026-01-08,WBT-USD,56.446163177490234,56.51661682128906,55.15424728393555,55.81089782714844,95869495
2026-01-09,WBT-USD,55.811092376708984,56.03193664550781,54.67839813232422,54.89414978027344,95604534
2026-01-10,WBT-USD,54.89293670654297,55.01222229003906,54.72332763671875,54.78219985961914,28248908
2026-01-11,WBT-USD,54.78642272949219,55.3267936706543,54.74034881591797,55.01129150390625,36918984
2026-01-12,WBT-USD,55.01081085205078,55.663326263427734,54.41256332397461,54.64101791381836,92185047
2026-01-13,WBT-USD,54.64101791381836,57.2021484375,54.56562805175781,56.890079498291016,87189151
2026-01-14,WBT-USD,56.89012908935547,58.2447624206543,56.52235794067383,57.856849670410156,104667383
2026-01-15,WBT-USD,57.85750198364258,58.04584503173828,56.968116760253906,57.25611877441406,114972992
2026-01-16,WBT-USD,57.25619125366211,57.38230895996094,56.59595489501953,57.24671936035156,63044872
2026-01-17,WBT-USD,57.247318267822266,57.36616897583008,57.009185791015625,57.09320068359375,19354979
2026-01-18,WBT-USD,57.094058990478516,57.56315612792969,56.475765228271484,56.47719955444336,32315513
2026-01-19,WBT-USD,56.47795486450195,56.478763580322266,55.53719711303711,55.75392150878906,87432588
2026-01-20,WBT-USD,55.75407409667969,55.87160110473633,53.048255920410156,53.2617073059082,125238471
2026-01-21,WBT-USD,53.26102828979492,54.31193542480469,52.49689483642578,53.66156768798828,146258953
2026-01-22,WBT-USD,53.66373062133789,54.91420364379883,53.64868927001953,54.31830978393555,58848601
2026-01-23,WBT-USD,54.31843566894531,55.0639762878418,53.78012466430664,54.2523078918457,66131468
2026-01-24,WBT-USD,54.2537727355957,54.48630142211914,54.05463790893555,54.08909225463867,14479761
2026-01-25,WBT-USD,54.08845520019531,54.14479446411133,52.263858795166016,52.476646423339844,77025762
2026-01-26,WBT-USD,52.47657012939453,53.77095413208008,52.47657012939453,53.55399703979492,88879997
2026-01-27,WBT-USD,53.52598571777344,54.34239959716797,52.96159362792969,54.24687194824219,63464883
2026-01-28,WBT-USD,54.24675750732422,54.74606704711914,53.8875617980957,54.118507385253906,70127427
2026-01-29,WBT-USD,54.112831115722656,54.11943817138672,50.68120574951172,51.415000915527344,124656684
2026-01-30,WBT-USD,51.415321350097656,51.44075393676758,49.93889236450195,51.069522857666016,168918499
2026-01-31,WBT-USD,51.069366455078125,51.255088806152344,48.171470642089844,49.20471954345703,226695631
2026-02-01,WBT-USD,49.20468521118164,49.954280853271484,47.67689895629883,49.00996017456055,150398410
2026-02-02,WBT-USD,49.010189056396484,51.87757110595703,47.04663848876953,51.4496955871582,220288051
2026-02-03,WBT-USD,51.44406509399414,51.62165451049805,47.581485748291016,48.877777099609375,159857712
2026-02-04,WBT-USD,48.87778854370117,54.36612319946289,48.806148529052734,52.178138732910156,203080856
2026-02-05,WBT-USD,52.178138732910156,52.45588684082031,47.50547790527344,47.70956039428711,272578529
2026-02-06,WBT-USD,47.7052001953125,53.67070007324219,46.35594177246094,53.18257141113281,176146048
2026-02-07,WBT-USD,53.182254791259766,53.69890594482422,51.532493591308594,52.61406326293945,61170680
2026-02-08,WBT-USD,52.6158561706543,54.22736740112305,52.37665939331055,53.332149505615234,44925526
2026-02-09,WBT-USD,53.327613830566406,53.8405647277832,51.742103576660156,52.739925384521484,125722030
2026-02-10,WBT-USD,52.74061965942383,53.03739929199219,51.21269226074219,51.47990036010742,110810304
