date,symbol,open,high,low,close,volume
2021-10-07,WSTETH-USD,3694.98193359375,3770.137939453125,3665.212646484375,3767.548095703125,947820
2021-10-08,WSTETH-USD,3767.275146484375,3772.22216796875,3723.00439453125,3723.784423828125,1098914
2021-10-09,WSTETH-USD,3723.484619140625,3739.8994140625,3721.91259765625,3739.667724609375,205426
2021-10-10,WSTETH-USD,3740.39990234375,3740.39990234375,3624.61328125,3625.785888671875,1293441
2021-10-11,WSTETH-USD,3625.44140625,3694.029052734375,3552.014892578125,3658.277099609375,1377212
2021-10-12,WSTETH-USD,3658.02099609375,3664.047119140625,3595.59423828125,3627.57568359375,1069408
2021-10-13,WSTETH-USD,3627.466796875,3706.119873046875,3597.64453125,3705.888427734375,1375786
2021-10-14,WSTETH-USD,3706.053955078125,3929.82568359375,3705.581787109375,3925.743896484375,1106683
2021-10-15,WSTETH-USD,3925.89208984375,4007.8984375,3922.3193359375,4004.518798828125,957482
2021-10-16,WSTETH-USD,4004.825439453125,4063.7568359375,3973.8740234375,3976.294189453125,369600
2021-10-17,WSTETH-USD,3976.453369140625,4009.54736328125,3853.217529296875,3978.87158203125,766936
2021-10-18,WSTETH-USD,3978.811767578125,4012.23095703125,3854.610107421875,3862.9814453125,732068
2021-10-19,WSTETH-USD,3862.96923828125,4011.44677734375,3860.775146484375,4009.06591796875,609771
2021-10-20,WSTETH-USD,4009.11767578125,4295.94287109375,3996.39599609375,4294.9765625,794299
2021-10-21,WSTETH-USD,4295.138671875,4510.3798828125,4213.220703125,4239.583984375,2174347
2021-10-22,WSTETH-USD,4239.70361328125,4301.40771484375,4084.028076171875,4127.6787109375,1186823
2021-10-23,WSTETH-USD,4127.63818359375,4324.74755859375,4059.5517578125,4324.5380859375,1754577
2021-10-24,WSTETH-USD,4324.94482421875,4325.125,4154.669921875,4223.98193359375,608324
2021-10-25,WSTETH-USD,4224.0546875,4375.69140625,4221.728515625,4367.2412109375,453646
2021-10-26,WSTETH-USD,4367.5732421875,4407.171875,4290.984375,4292.94921875,682365
2021-10-27,WSTETH-USD,4292.83544921875,4435.36181640625,4101.2998046875,4101.2998046875,1185561
2021-10-28,WSTETH-USD,4101.39404296875,4435.0224609375,4095.578369140625,4433.3798828125,1087977
2021-10-29,WSTETH-USD,4433.232421875,4599.23681640625,4432.07421875,4595.001953125,727919
2021-10-30,WSTETH-USD,4594.95068359375,4595.11474609375,4444.88525390625,4446.79296875,445448
2021-10-31,WSTETH-USD,4446.599609375,4542.8935546875,4368.76171875,4457.81103515625,893895
2021-11-01,WSTETH-USD,4458.06591796875,4521.4208984375,4354.9365234375,4492.09033203125,627949
2021-11-02,WSTETH-USD,4492.49951171875,4733.72119140625,4471.861328125,4732.75048828125,504756
2021-11-03,WSTETH-USD,4732.84423828125,4817.2314453125,4697.99853515625,4814.26171875,433131
2021-11-04,WSTETH-USD,4813.75732421875,4814.55810546875,4633.20703125,4686.3017578125,397383
2021-11-05,WSTETH-USD,4686.45703125,4691.431640625,4661.13720703125,4665.95654296875,44455
2021-11-06,WSTETH-USD,4665.77783203125,4672.4365234375,4516.380859375,4672.1650390625,528058
2021-11-07,WSTETH-USD,4671.78759765625,4800.0595703125,4671.05419921875,4782.388671875,258119
2021-11-08,WSTETH-USD,4782.9013671875,4976.7626953125,4781.232421875,4976.2490234375,364468
2021-11-09,WSTETH-USD,4976.36865234375,5002.59765625,4931.62109375,4961.57666015625,231349
2021-11-10,WSTETH-USD,4961.68310546875,5061.10791015625,4701.19287109375,4710.69873046875,764016
2021-11-11,WSTETH-USD,4711.46875,4967.2900390625,4711.46875,4957.33251953125,319324
2021-11-12,WSTETH-USD,4961.54052734375,5038.3955078125,4716.40625,4876.162109375,879446
2021-11-13,WSTETH-USD,4874.74658203125,4885.45458984375,4762.3046875,4848.62060546875,313485
2021-11-14,WSTETH-USD,4847.67333984375,4875.52734375,4731.8408203125,4799.06005859375,371959
2021-11-15,WSTETH-USD,4799.8681640625,4948.88671875,4767.7744140625,4789.44775390625,550648
2021-11-16,WSTETH-USD,4790.2978515625,4795.685546875,4323.2080078125,4419.73583984375,1422541
2021-11-17,WSTETH-USD,4417.80126953125,6452.81591796875,4306.09423828125,4474.99072265625,1589723
2021-11-18,WSTETH-USD,4475.2060546875,4540.1953125,4156.05908203125,4156.453125,1344190
2021-11-19,WSTETH-USD,4156.94140625,4471.11572265625,4155.65087890625,4468.58544921875,1034798
2021-11-20,WSTETH-USD,4468.41552734375,4635.03271484375,4443.990234375,4630.58984375,880722
2021-11-21,WSTETH-USD,4628.24267578125,4630.75830078125,4478.77099609375,4478.77099609375,530360
2021-11-22,WSTETH-USD,4478.36572265625,4478.36572265625,4211.87744140625,4253.60791015625,1450036
2021-11-23,WSTETH-USD,4253.525390625,4566.22509765625,4252.6396484375,4563.93505859375,986997
2021-11-24,WSTETH-USD,4562.6064453125,4570.91650390625,4356.95068359375,4473.5361328125,1047360
2021-11-25,WSTETH-USD,4427.501953125,4738.33642578125,4422.60986328125,4478.17138671875,644637
2021-11-26,WSTETH-USD,4735.9462890625,4739.77685546875,4150.5322265625,4256.21435546875,1404385
2021-11-27,WSTETH-USD,4257.01220703125,4340.99267578125,4227.35888671875,4261.90673828125,429580
2021-11-28,WSTETH-USD,4263.5966796875,4461.56884765625,4185.85546875,4448.99609375,1044148
2021-11-29,WSTETH-USD,4448.7978515625,4634.37890625,4446.7451171875,4630.3486328125,941905
2021-11-30,WSTETH-USD,4630.78515625,4917.58984375,4573.46435546875,4851.33935546875,1507713
2021-12-01,WSTETH-USD,4852.00146484375,5020.15966796875,4723.3134765625,4749.1044921875,4045101
2021-12-02,WSTETH-USD,4749.021484375,4776.32763671875,4649.4384765625,4696.60986328125,1024939
2021-12-03,WSTETH-USD,4691.146484375,4819.3818359375,4283.505859375,4397.4814453125,2178670
2021-12-04,WSTETH-USD,4395.7568359375,4396.59423828125,3901.856689453125,4285.04638671875,2950476
2021-12-05,WSTETH-USD,4287.13671875,4411.9326171875,4223.6162109375,4335.8046875,1012858
2021-12-06,WSTETH-USD,4337.0283203125,4552.5556640625,4116.9931640625,4546.9814453125,1742617
2021-12-07,WSTETH-USD,4546.666015625,4596.43212890625,4477.72705078125,4484.599609375,506874
2021-12-08,WSTETH-USD,4484.9755859375,4611.10986328125,4425.607421875,4599.92822265625,623209
2021-12-09,WSTETH-USD,4598.86962890625,4646.27197265625,4276.4013671875,4328.5849609375,1017317
2021-12-10,WSTETH-USD,4326.29150390625,4405.24267578125,4088.30078125,4100.611328125,1414315
2021-12-11,WSTETH-USD,4102.27392578125,4266.6787109375,4017.0869140625,4266.6787109375,1481909
2021-12-12,WSTETH-USD,4265.3017578125,4341.36669921875,4193.27197265625,4332.16943359375,434274
2021-12-13,WSTETH-USD,4332.27880859375,4335.669921875,3859.48046875,3940.18798828125,1435365
2021-12-14,WSTETH-USD,3939.86767578125,4026.38818359375,3880.078369140625,4023.695068359375,1169594
2021-12-15,WSTETH-USD,4022.9794921875,4276.67919921875,3827.2197265625,4202.8056640625,1724346
2021-12-16,WSTETH-USD,4201.90478515625,4272.84228515625,4139.05224609375,4140.41259765625,1455744
2021-12-17,WSTETH-USD,4141.482421875,4145.15478515625,3865.120849609375,4042.791259765625,1414589
2021-12-18,WSTETH-USD,4044.18408203125,4148.3701171875,3942.005859375,4145.8583984375,843185
2021-12-19,WSTETH-USD,4145.197265625,4198.26708984375,4094.3974609375,4126.65576171875,800515
2021-12-20,WSTETH-USD,4125.96826171875,4151.134765625,3938.62548828125,4119.8173828125,1034333
2021-12-21,WSTETH-USD,4119.62353515625,4251.876953125,4118.560546875,4230.109375,583229
2021-12-22,WSTETH-USD,4231.248046875,4272.06298828125,4153.9677734375,4181.00390625,287488
2021-12-23,WSTETH-USD,4181.81201171875,4359.5380859375,4109.255859375,4323.1767578125,943545
2021-12-24,WSTETH-USD,4323.3603515625,4340.06591796875,4244.93310546875,4250.87158203125,316639
2021-12-25,WSTETH-USD,4251.7255859375,4330.09619140625,4238.39599609375,4319.3486328125,155707
2021-12-26,WSTETH-USD,4321.19287109375,4327.0341796875,4228.720703125,4274.09912109375,254653
2021-12-27,WSTETH-USD,4274.583984375,4313.9990234375,4245.14697265625,4245.6708984375,231203
2021-12-28,WSTETH-USD,4247.76611328125,4251.45703125,3952.665771484375,3976.446044921875,687952
2021-12-29,WSTETH-USD,3977.55126953125,3990.70361328125,3803.81787109375,3804.471923828125,653028
2021-12-30,WSTETH-USD,3804.554931640625,3935.065673828125,3795.702392578125,3900.654052734375,443343
2021-12-31,WSTETH-USD,3901.485595703125,3986.635009765625,3844.54931640625,3878.53857421875,759351
2022-01-01,WSTETH-USD,3878.602294921875,3927.952392578125,3877.92919921875,3925.9521484375,313312
2022-01-02,WSTETH-USD,3925.98583984375,4011.63134765625,3921.135498046875,4009.76904296875,197973
2022-01-03,WSTETH-USD,4009.7724609375,4018.632568359375,3895.84375,3951.66552734375,502869
2022-01-04,WSTETH-USD,3951.691650390625,4057.64013671875,3931.0458984375,3992.730224609375,462882
2022-01-05,WSTETH-USD,3992.886962890625,4012.20068359375,3634.502197265625,3733.18603515625,1215178
2022-01-06,WSTETH-USD,3733.083251953125,3735.450927734375,3489.22216796875,3609.691650390625,1341638
2022-01-07,WSTETH-USD,3609.41552734375,3609.41552734375,3273.47998046875,3372.082763671875,3791319
2022-01-08,WSTETH-USD,3372.03076171875,3398.76123046875,3154.216796875,3271.561767578125,1567604
2022-01-09,WSTETH-USD,3271.77978515625,3356.052978515625,3249.673095703125,3328.5400390625,600863
2022-01-10,WSTETH-USD,3328.631103515625,3352.9921875,3117.251953125,3238.604248046875,1455750
2022-01-11,WSTETH-USD,3238.224853515625,3430.935546875,3234.599609375,3416.901123046875,678837
2022-01-12,WSTETH-USD,3416.97607421875,3591.500732421875,3415.06396484375,3565.376708984375,783547
2022-01-13,WSTETH-USD,3565.368408203125,3580.345947265625,3437.3583984375,3441.42236328125,491341
2022-01-14,WSTETH-USD,3441.60986328125,3502.2958984375,3379.482421875,3499.604736328125,595835
2022-01-15,WSTETH-USD,3499.552490234375,3539.2919921875,3471.1572265625,3534.018310546875,207737
2022-01-16,WSTETH-USD,3534.0498046875,3560.796630859375,3470.39892578125,3530.017333984375,510499
2022-01-17,WSTETH-USD,3529.93994140625,3532.807373046875,3339.02978515625,3371.966064453125,744493
2022-01-18,WSTETH-USD,3371.958740234375,3396.80322265625,3275.94677734375,3355.4267578125,640528
2022-01-19,WSTETH-USD,3355.421630859375,3357.773193359375,3230.589111328125,3290.71337890625,940006
2022-01-20,WSTETH-USD,3290.83154296875,3440.537109375,3172.404052734375,3172.453125,999819
2022-01-21,WSTETH-USD,3172.494384765625,3175.549560546875,2627.517822265625,2700.076171875,3052790
2022-01-22,WSTETH-USD,2700.061767578125,2747.70263671875,2464.1005859375,2534.353759765625,4258680
2022-01-23,WSTETH-USD,2534.29150390625,2683.68701171875,2518.94873046875,2669.22607421875,1625103
2022-01-24,WSTETH-USD,2669.160888671875,2670.186767578125,2274.64697265625,2572.12060546875,3914717
2022-01-25,WSTETH-USD,2571.990966796875,2639.18017578125,2507.7470703125,2595.565673828125,1201859
2022-01-26,WSTETH-USD,2595.574951171875,2862.606201171875,2557.3671875,2620.6806640625,2534718
2022-01-27,WSTETH-USD,2620.44091796875,2654.267333984375,2461.037841796875,2546.484130859375,2259472
2022-01-28,WSTETH-USD,2546.421142578125,2681.323486328125,2513.914794921875,2680.30224609375,1428150
2022-01-29,WSTETH-USD,2680.304443359375,2764.966552734375,2675.16455078125,2740.872802734375,831389
2022-01-30,WSTETH-USD,2740.896484375,2763.46923828125,2707.93701171875,2756.62158203125,445116
2022-01-31,WSTETH-USD,2756.6298828125,2846.553955078125,2641.39404296875,2845.74267578125,1210833
2022-02-01,WSTETH-USD,2845.744140625,2958.76513671875,2844.7939453125,2954.337646484375,903709
2022-02-02,WSTETH-USD,2954.322509765625,2961.343017578125,2783.8076171875,2833.916748046875,1055146
2022-02-03,WSTETH-USD,2833.71728515625,2859.662109375,2747.241455078125,2821.50732421875,903231
2022-02-04,WSTETH-USD,2821.1123046875,3149.5498046875,2821.1123046875,3148.381591796875,1553652
2022-02-05,WSTETH-USD,3148.455322265625,3215.832763671875,3145.5615234375,3193.33154296875,388952
2022-02-06,WSTETH-USD,3193.300048828125,3229.979736328125,3142.949462890625,3228.844482421875,435222
2022-02-07,WSTETH-USD,3228.582763671875,3357.148193359375,3185.07421875,3330.3916015625,682299
2022-02-08,WSTETH-USD,3330.49658203125,3398.037353515625,3226.3515625,3302.68994140625,888040
2022-02-09,WSTETH-USD,3302.481689453125,3440.569091796875,3263.578857421875,3438.6962890625,634636
2022-02-10,WSTETH-USD,3438.616943359375,3462.58837890625,3264.9794921875,3264.9794921875,1888694
2022-02-11,WSTETH-USD,3264.9521484375,3308.88818359375,3073.130859375,3099.1640625,1791008
2022-02-12,WSTETH-USD,3099.21044921875,3149.24658203125,3050.42236328125,3078.01708984375,819870
2022-02-13,WSTETH-USD,3078.01953125,3111.75830078125,3025.46533203125,3048.776123046875,522281
2022-02-14,WSTETH-USD,3048.82666015625,3122.616943359375,3022.59423828125,3106.063720703125,755825
2022-02-15,WSTETH-USD,3106.0556640625,3369.740966796875,3103.18408203125,3367.449462890625,927603
2022-02-16,WSTETH-USD,3367.2529296875,3367.30712890625,3247.220947265625,3324.1630859375,758216
2022-02-17,WSTETH-USD,3324.103271484375,3331.94873046875,3043.31982421875,3058.090576171875,1318802
2022-02-18,WSTETH-USD,3058.144775390625,3103.810302734375,2936.511474609375,2949.2060546875,792221
2022-02-19,WSTETH-USD,2949.147216796875,2989.613037109375,2876.431640625,2923.018798828125,881739
2022-02-20,WSTETH-USD,2922.849609375,2924.080322265625,2749.5380859375,2795.9228515625,2052372
2022-02-21,WSTETH-USD,2795.886962890625,2912.776123046875,2738.411376953125,2738.492919921875,2725397
2022-02-22,WSTETH-USD,2738.713623046875,2806.19482421875,2667.66064453125,2795.425048828125,1282802
2022-02-23,WSTETH-USD,2795.34521484375,2902.996337890625,2755.852294921875,2757.431396484375,994787
2022-02-24,WSTETH-USD,2757.418701171875,2842.1796875,2451.723876953125,2750.565185546875,4830941
2022-02-25,WSTETH-USD,2750.648193359375,2985.358154296875,2741.648681640625,2938.142333984375,2224909
2022-02-26,WSTETH-USD,2938.233154296875,3005.35693359375,2920.49169921875,2952.376953125,1213996
2022-02-27,WSTETH-USD,2952.2841796875,2997.925048828125,2752.624755859375,2781.479736328125,2094255
2022-02-28,WSTETH-USD,2781.5166015625,3096.2236328125,2754.87890625,3092.857177734375,1400450
2022-03-01,WSTETH-USD,3092.96240234375,3211.24853515625,3052.714111328125,3151.7060546875,2131979
2022-03-02,WSTETH-USD,3151.684326171875,3206.83251953125,3111.400146484375,3141.802490234375,1959169
2022-03-03,WSTETH-USD,3141.755615234375,3146.77099609375,2966.963623046875,3010.0927734375,1082472
2022-03-04,WSTETH-USD,3010.127685546875,3010.127685546875,2757.6298828125,2777.684326171875,1470778
2022-03-05,WSTETH-USD,2777.681884765625,2842.5517578125,2771.053466796875,2827.397705078125,1039379
2022-03-06,WSTETH-USD,2827.452880859375,2833.648193359375,2716.517333984375,2719.219970703125,1053957
2022-03-07,WSTETH-USD,2719.22998046875,2800.419921875,2610.968017578125,2653.854248046875,2331670
2022-03-08,WSTETH-USD,2653.807373046875,2775.68798828125,2653.807373046875,2735.103759765625,2140727
2022-03-09,WSTETH-USD,2734.957275390625,2931.747802734375,2732.809326171875,2894.6865234375,1486695
2022-03-10,WSTETH-USD,2894.611572265625,2895.109619140625,2728.071533203125,2774.0791015625,6325497
2022-03-11,WSTETH-USD,2774.060791015625,2831.259521484375,2699.96484375,2726.864990234375,14201621
2022-03-12,WSTETH-USD,2726.88671875,2771.775146484375,2726.17041015625,2745.11962890625,1605264
2022-03-13,WSTETH-USD,2745.14306640625,2760.729736328125,2663.947021484375,2675.542236328125,3585317
2022-03-14,WSTETH-USD,2675.53369140625,2764.357177734375,2669.55126953125,2752.545166015625,1940325
2022-03-15,WSTETH-USD,2752.566650390625,2821.47509765625,2682.581298828125,2789.820556640625,1608379
2022-03-16,WSTETH-USD,2789.808349609375,2954.810302734375,2777.780029296875,2943.0849609375,3718788
2022-03-17,WSTETH-USD,2943.144775390625,3005.005615234375,2931.611572265625,2995.157958984375,2502132
2022-03-18,WSTETH-USD,2995.15234375,3162.228271484375,2954.1162109375,3135.687744140625,2115880
2022-03-19,WSTETH-USD,3135.686767578125,3170.14306640625,3106.69873046875,3134.3330078125,1014583
2022-03-20,WSTETH-USD,3134.336181640625,3144.08154296875,3009.802734375,3047.7255859375,1142054
2022-03-21,WSTETH-USD,3047.71875,3142.702392578125,3022.515625,3086.630859375,1471443
2022-03-22,WSTETH-USD,3086.60498046875,3232.453857421875,3085.48583984375,3163.5576171875,1625759
2022-03-23,WSTETH-USD,3163.5693359375,3227.405517578125,3125.4130859375,3217.676513671875,1532185
2022-03-24,WSTETH-USD,3217.690185546875,3318.006103515625,3208.704833984375,3311.96435546875,1566140
2022-03-25,WSTETH-USD,3311.961181640625,3387.75048828125,3289.291748046875,3303.544677734375,1935986
2022-03-26,WSTETH-USD,3303.566162109375,3348.716552734375,3298.488037109375,3344.864990234375,4793312
2022-03-27,WSTETH-USD,3344.8603515625,3501.50537109375,3340.54638671875,3500.95263671875,1409501
2022-03-28,WSTETH-USD,3500.998046875,3647.1279296875,3497.1787109375,3543.28759765625,2353970
2022-03-29,WSTETH-USD,3543.223876953125,3696.422119140625,3543.223876953125,3615.631103515625,3429769
2022-03-30,WSTETH-USD,3615.652587890625,3659.516845703125,3564.624267578125,3608.608154296875,1100128
2022-03-31,WSTETH-USD,3608.589599609375,3664.020751953125,3492.457763671875,3495.332275390625,1109811
2022-04-01,WSTETH-USD,3495.498291015625,3696.687744140625,3437.943115234375,3676.57861328125,2775266
2022-04-02,WSTETH-USD,3676.52001953125,3744.736328125,3675.4384765625,3679.365234375,1498598
2022-04-03,WSTETH-USD,3679.361328125,3803.9716796875,3653.1962890625,3758.3623046875,1450508
2022-04-04,WSTETH-USD,3758.343017578125,3761.0654296875,3647.780029296875,3753.85400390625,839865
2022-04-05,WSTETH-USD,3753.841064453125,3775.265625,3644.12841796875,3644.12841796875,1026645
2022-04-06,WSTETH-USD,3643.770751953125,3643.770751953125,3384.859619140625,3384.891357421875,2993581
2022-04-07,WSTETH-USD,3384.8701171875,3475.40966796875,3367.0,3450.28271484375,2572795
2022-04-08,WSTETH-USD,3450.2734375,3514.58349609375,3397.3232421875,3398.56103515625,1216071
2022-04-09,WSTETH-USD,3398.60546875,3475.15234375,3398.60546875,3475.15234375,1511209
2022-04-10,WSTETH-USD,3475.15283203125,3521.894775390625,3433.134765625,3436.72119140625,3876730
2022-04-11,WSTETH-USD,3436.72509765625,3436.72509765625,3163.021728515625,3185.67919921875,2495311
2022-04-12,WSTETH-USD,3185.699462890625,3279.27392578125,3154.921142578125,3229.252685546875,4337616
2022-04-13,WSTETH-USD,3229.220703125,3328.29931640625,3212.39453125,3326.78955078125,943073
2022-04-14,WSTETH-USD,3326.74658203125,3344.604736328125,3193.72216796875,3222.30517578125,616933
2022-04-15,WSTETH-USD,3222.26953125,3248.4248046875,3206.50927734375,3242.807373046875,1458183
2022-04-16,WSTETH-USD,3242.79541015625,3282.583984375,3225.623046875,3273.2373046875,540425
2022-04-17,WSTETH-USD,3273.236572265625,3276.572265625,3194.568115234375,3195.43896484375,1875357
2022-04-18,WSTETH-USD,3195.47216796875,3262.951904296875,3089.493896484375,3262.230224609375,2160014
2022-04-19,WSTETH-USD,3262.25830078125,3329.301513671875,3243.053466796875,3314.961181640625,2931276
2022-04-20,WSTETH-USD,3314.952880859375,3369.277587890625,3257.183349609375,3288.5576171875,589557
2022-04-21,WSTETH-USD,3288.559814453125,3382.15185546875,3165.3720703125,3187.67041015625,1960834
2022-04-22,WSTETH-USD,3187.660888671875,3225.73828125,3153.85693359375,3170.427978515625,795893
2022-04-23,WSTETH-USD,3170.433837890625,3171.6787109375,3138.640869140625,3141.684814453125,147181
2022-04-24,WSTETH-USD,3141.661865234375,3157.20556640625,3125.621337890625,3126.688232421875,373362
2022-04-25,WSTETH-USD,3126.6640625,3219.062744140625,3000.66748046875,3217.57177734375,1287970
2022-04-26,WSTETH-USD,3217.473876953125,3224.612548828125,2982.6611328125,2995.12548828125,2197842
2022-04-27,WSTETH-USD,2995.107666015625,3110.69970703125,2995.107666015625,3086.5791015625,458229
2022-04-28,WSTETH-USD,3086.647216796875,3173.3896484375,3065.77880859375,3137.26806640625,572499
2022-04-29,WSTETH-USD,3137.322265625,3141.39111328125,2976.005126953125,3003.4248046875,368941
2022-04-30,WSTETH-USD,3003.385498046875,3033.9267578125,2916.4794921875,2917.714599609375,495987
2022-05-01,WSTETH-USD,2917.66259765625,3032.021728515625,2915.2607421875,3025.02978515625,497379
2022-05-02,WSTETH-USD,3025.009033203125,3063.60400390625,2989.654541015625,3056.514404296875,375296
2022-05-03,WSTETH-USD,3056.621826171875,3056.621826171875,2958.132080078125,2976.949951171875,764264
2022-05-04,WSTETH-USD,2976.95458984375,3156.176025390625,2974.409912109375,3140.4072265625,562571
2022-05-05,WSTETH-USD,3140.3955078125,3155.89404296875,2897.440673828125,2935.530029296875,3154374
2022-05-06,WSTETH-USD,2935.533447265625,2944.4208984375,2836.48095703125,2881.218017578125,421628
2022-05-07,WSTETH-USD,2881.202392578125,2881.202392578125,2779.88818359375,2823.035888671875,3104927
2022-05-08,WSTETH-USD,2823.028564453125,2823.028564453125,2661.029541015625,2680.727294921875,3056322
2022-05-09,WSTETH-USD,2680.7099609375,2690.2822265625,2380.305419921875,2397.13330078125,3232851
2022-05-10,WSTETH-USD,2397.188232421875,2605.706787109375,2351.79931640625,2490.661865234375,1108406
2022-05-11,WSTETH-USD,2490.65673828125,2587.922119140625,2142.74951171875,2205.296142578125,5252823
2022-05-12,WSTETH-USD,2205.312744140625,2290.43505859375,1755.33935546875,2069.408935546875,3713342
2022-05-13,WSTETH-USD,2069.3330078125,2219.58251953125,2046.555908203125,2103.8076171875,388838
2022-05-14,WSTETH-USD,2103.77685546875,2156.315185546875,2049.144287109375,2156.315185546875,1078488
2022-05-15,WSTETH-USD,2156.309814453125,2266.6259765625,2103.520751953125,2262.396484375,1194091
2022-05-16,WSTETH-USD,2262.376953125,2262.376953125,2092.77978515625,2134.559326171875,206848
2022-05-17,WSTETH-USD,2134.556640625,2229.385009765625,2122.107421875,2208.21923828125,3419004
2022-05-18,WSTETH-USD,2208.140380859375,2216.697509765625,2020.7901611328125,2020.9453125,2685913
2022-05-19,WSTETH-USD,2020.943115234375,2138.09912109375,2008.9222412109375,2131.248046875,2138907
2022-05-20,WSTETH-USD,2131.265625,2165.8388671875,2034.9503173828125,2072.551513671875,237078
2022-05-21,WSTETH-USD,2072.587158203125,2088.266845703125,2045.219482421875,2064.26611328125,969115
2022-05-22,WSTETH-USD,2064.26611328125,2143.159912109375,2058.924560546875,2143.15478515625,187211
2022-05-23,WSTETH-USD,2143.152587890625,2183.8271484375,2065.052490234375,2071.896728515625,3282535
2022-05-24,WSTETH-USD,2071.893310546875,2086.64892578125,2014.691162109375,2079.69677734375,73092
2022-05-25,WSTETH-USD,2079.69873046875,2114.119873046875,2037.3753662109375,2040.277587890625,497214
2022-05-26,WSTETH-USD,2040.2742919921875,2054.655517578125,1842.3673095703125,1894.640869140625,523449
2022-05-27,WSTETH-USD,1894.639404296875,1900.9315185546875,1797.732666015625,1800.844970703125,463903
2022-05-28,WSTETH-USD,1800.8450927734375,1837.705322265625,1800.8450927734375,1837.705322265625,378706
2022-05-29,WSTETH-USD,1884.6778564453125,1910.052001953125,1851.264892578125,1904.40869140625,339145
2022-05-30,WSTETH-USD,1904.407958984375,2106.11279296875,1897.6612548828125,2095.33740234375,74424
2022-05-31,WSTETH-USD,2095.33544921875,2102.149658203125,2034.4691162109375,2048.009033203125,139409
2022-06-01,WSTETH-USD,2048.00537109375,2065.658203125,1871.4671630859375,1925.41650390625,295099
2022-06-02,WSTETH-USD,1925.38037109375,1938.807373046875,1885.6063232421875,1931.6129150390625,412020
2022-06-03,WSTETH-USD,1931.6126708984375,1931.81103515625,1833.8114013671875,1865.5118408203125,70516
2022-06-04,WSTETH-USD,1865.5089111328125,1906.4625244140625,1841.63330078125,1891.97216796875,15843
2022-06-05,WSTETH-USD,1891.9697265625,1915.49169921875,1870.24951171875,1900.6334228515625,21713
2022-06-06,WSTETH-USD,1900.62353515625,2011.67236328125,1900.2911376953125,1952.73046875,69442
2022-06-07,WSTETH-USD,1952.73583984375,1952.865234375,1811.669921875,1920.1549072265625,237798
2022-06-08,WSTETH-USD,1920.1512451171875,1926.362548828125,1863.97021484375,1878.7247314453125,502214
2022-06-09,WSTETH-USD,1879.3367919921875,1912.00439453125,1852.330322265625,1852.7999267578125,62295
2022-06-10,WSTETH-USD,1852.798583984375,1879.232666015625,1684.109130859375,1684.28173828125,802908
2022-06-11,WSTETH-USD,1684.283447265625,1718.7203369140625,1550.6727294921875,1581.909423828125,2513521
2022-06-12,WSTETH-USD,1581.9078369140625,1591.4384765625,1478.9154052734375,1495.3946533203125,671749
2022-06-13,WSTETH-USD,1495.4154052734375,1496.1080322265625,1161.3787841796875,1243.3912353515625,4835328
2022-06-14,WSTETH-USD,1243.391357421875,1274.1876220703125,1115.2237548828125,1240.6351318359375,1991814
2022-06-15,WSTETH-USD,1240.6304931640625,1249.037841796875,1032.5303955078125,1240.3055419921875,2419704
2022-06-16,WSTETH-USD,1240.319091796875,1263.732666015625,1072.773681640625,1076.8056640625,718054
2022-06-17,WSTETH-USD,1076.808837890625,1119.684326171875,1068.0787353515625,1094.032958984375,1003638
2022-06-18,WSTETH-USD,1094.029541015625,1102.205810546875,894.2926025390625,999.2755126953125,2338232
2022-06-19,WSTETH-USD,999.2752075195312,1161.6646728515625,948.013427734375,1133.55615234375,3846365
2022-06-20,WSTETH-USD,1133.5584716796875,1174.47265625,1072.6728515625,1142.745361328125,112609
2022-06-21,WSTETH-USD,1142.717041015625,1206.0333251953125,1125.58447265625,1145.291015625,1583305
2022-06-22,WSTETH-USD,1144.6416015625,1145.2298583984375,1064.7392578125,1072.0185546875,257839
2022-06-23,WSTETH-USD,1072.017822265625,1174.22021484375,1070.5943603515625,1172.415283203125,1211983
2022-06-24,WSTETH-USD,1172.4542236328125,1278.182373046875,1171.47265625,1268.430419921875,3010922
2022-06-25,WSTETH-USD,1268.4388427734375,1295.80517578125,1229.9171142578125,1290.9185791015625,633562
2022-06-26,WSTETH-USD,1290.9154052734375,1319.7611083984375,1247.0914306640625,1247.10107421875,156026
2022-06-27,WSTETH-USD,1247.0885009765625,1280.7718505859375,1227.5875244140625,1238.88134765625,251687
2022-06-28,WSTETH-USD,1238.8763427734375,1276.7249755859375,1182.2325439453125,1182.6497802734375,446499
2022-06-29,WSTETH-USD,1182.6497802734375,1192.1878662109375,1127.185791015625,1132.35400390625,2166953
2022-06-30,WSTETH-USD,1132.3292236328125,1138.240966796875,1042.4300537109375,1105.1739501953125,170184
2022-07-01,WSTETH-USD,1105.1846923828125,1138.7313232421875,1075.3421630859375,1097.8203125,141755
2022-07-02,WSTETH-USD,1097.8226318359375,1110.791015625,1070.1265869140625,1104.744873046875,56017
2022-07-03,WSTETH-USD,1104.7479248046875,1123.419677734375,1082.2747802734375,1116.0628662109375,471804
2022-07-04,WSTETH-USD,1116.0635986328125,1198.632568359375,1089.699951171875,1198.4866943359375,41685
2022-07-05,WSTETH-USD,1198.41748046875,1213.1513671875,1129.988037109375,1183.659912109375,367215
2022-07-06,WSTETH-USD,1183.6583251953125,1254.2264404296875,1162.8895263671875,1246.5830078125,395841
2022-07-07,WSTETH-USD,1246.5819091796875,1311.1632080078125,1222.022705078125,1301.7847900390625,727604
2022-07-08,WSTETH-USD,1301.78759765625,1330.33251953125,1259.591796875,1289.9847412109375,475066
2022-07-09,WSTETH-USD,1289.94482421875,1289.94482421875,1268.7686767578125,1277.217041015625,53602
2022-07-10,WSTETH-USD,1277.22412109375,1278.1058349609375,1217.076416015625,1225.3153076171875,9187
2022-07-11,WSTETH-USD,1225.30810546875,1226.305419921875,1149.712890625,1152.6600341796875,384349
2022-07-12,WSTETH-USD,1152.6502685546875,1152.74658203125,1080.1837158203125,1080.1837158203125,714198
2022-07-13,WSTETH-USD,1080.0736083984375,1156.7105712890625,1058.58837890625,1156.7105712890625,2031666
2022-07-14,WSTETH-USD,1156.7227783203125,1250.7489013671875,1119.5008544921875,1239.4853515625,187287
2022-07-15,WSTETH-USD,1239.4766845703125,1331.7606201171875,1230.865234375,1286.2711181640625,222909
2022-07-16,WSTETH-USD,1286.26953125,1420.65869140625,1248.8470458984375,1414.502197265625,2725254
2022-07-17,WSTETH-USD,1414.49560546875,1441.1656494140625,1393.2017822265625,1409.099609375,557607
2022-07-18,WSTETH-USD,1409.0850830078125,1651.921142578125,1405.887939453125,1648.709228515625,1502538
2022-07-19,WSTETH-USD,1648.7080078125,1683.8939208984375,1581.8775634765625,1627.9967041015625,424068
2022-07-20,WSTETH-USD,1627.9957275390625,1698.3460693359375,1581.386962890625,1609.3021240234375,105346
2022-07-21,WSTETH-USD,1609.3114013671875,1680.6484375,1556.716552734375,1665.24658203125,84857
2022-07-22,WSTETH-USD,1665.2515869140625,1731.646484375,1609.3277587890625,1621.98779296875,158385
2022-07-23,WSTETH-USD,1621.990478515625,1678.3692626953125,1583.0972900390625,1638.0318603515625,62770
2022-07-24,WSTETH-USD,1638.0289306640625,1746.9901123046875,1637.411376953125,1695.2979736328125,307718
2022-07-25,WSTETH-USD,1695.294921875,1695.580322265625,1530.2718505859375,1530.2733154296875,315028
2022-07-26,WSTETH-USD,1530.167724609375,1530.167724609375,1440.1671142578125,1519.51513671875,780844
2022-07-27,WSTETH-USD,1519.593994140625,1731.224609375,1506.0718994140625,1731.224609375,218987
2022-07-28,WSTETH-USD,1731.22265625,1865.627197265625,1696.4635009765625,1814.9495849609375,381526
2022-07-29,WSTETH-USD,1814.952880859375,1844.5318603515625,1743.7291259765625,1813.6884765625,467138
2022-07-30,WSTETH-USD,1813.72998046875,1823.180908203125,1764.1671142578125,1778.5406494140625,126246
2022-07-31,WSTETH-USD,1778.5338134765625,1832.159912109375,1758.4129638671875,1770.65234375,108072
2022-08-01,WSTETH-USD,1770.6552734375,1785.172607421875,1697.6236572265625,1716.676025390625,86540
2022-08-02,WSTETH-USD,1716.6754150390625,1757.7352294921875,1649.36083984375,1723.2733154296875,162513
2022-08-03,WSTETH-USD,1723.261474609375,1763.2764892578125,1678.0645751953125,1703.858154296875,269310
2022-08-04,WSTETH-USD,1703.8646240234375,1745.49560546875,1672.1502685546875,1692.531982421875,560023
2022-08-05,WSTETH-USD,1692.5235595703125,1807.79638671875,1692.4713134765625,1807.79638671875,5976525
2022-08-06,WSTETH-USD,1807.8001708984375,1820.740966796875,1770.67138671875,1771.4493408203125,60810
2022-08-07,WSTETH-USD,1771.4005126953125,1800.2431640625,1748.8690185546875,1773.1734619140625,112766
2022-08-08,WSTETH-USD,1773.1759033203125,1885.621826171875,1773.1759033203125,1853.00341796875,386901
2022-08-09,WSTETH-USD,1853.045654296875,1863.990478515625,1751.427001953125,1776.1322021484375,3519326
2022-08-10,WSTETH-USD,1776.1107177734375,1944.482177734375,1737.5223388671875,1934.51806640625,388667
2022-08-11,WSTETH-USD,1934.9644775390625,2014.86962890625,1934.3935546875,1972.571533203125,4849482
2022-08-12,WSTETH-USD,1972.50634765625,2047.1820068359375,1954.037353515625,2047.1820068359375,836793
2022-08-13,WSTETH-USD,2047.6461181640625,2108.3671875,2039.633544921875,2087.10009765625,2829275
2022-08-14,WSTETH-USD,2087.59765625,2125.55224609375,2019.6617431640625,2038.06494140625,675990
2022-08-15,WSTETH-USD,2036.8819580078125,2107.184326171875,1982.55908203125,2000.3968505859375,217028
2022-08-16,WSTETH-USD,1999.5640869140625,2010.2508544921875,1956.6878662109375,1975.40966796875,329100
2022-08-17,WSTETH-USD,1975.26171875,2052.44580078125,1922.3751220703125,1932.355712890625,153640
2022-08-18,WSTETH-USD,1932.306884765625,1970.3199462890625,1926.048828125,1946.9041748046875,241708
2022-08-19,WSTETH-USD,1947.1990966796875,1947.2838134765625,1697.6346435546875,1699.4080810546875,112732
2022-08-20,WSTETH-USD,1699.053955078125,1735.4971923828125,1616.2138671875,1657.62939453125,93599
2022-08-21,WSTETH-USD,1657.6229248046875,1728.2484130859375,1656.4884033203125,1706.0023193359375,795251
2022-08-22,WSTETH-USD,1706.6025390625,1708.2978515625,1621.7999267578125,1708.2978515625,612231
2022-08-23,WSTETH-USD,1707.1207275390625,1755.0989990234375,1658.29150390625,1751.750732421875,214175
2022-08-24,WSTETH-USD,1751.9359130859375,1775.9317626953125,1702.589599609375,1752.2965087890625,219383
2022-08-25,WSTETH-USD,1751.6787109375,1807.616943359375,1751.4237060546875,1791.364501953125,4939404
2022-08-26,WSTETH-USD,1790.873046875,1790.873046875,1583.92236328125,1588.2906494140625,1379962
2022-08-27,WSTETH-USD,1588.6749267578125,1596.099365234375,1532.8427734375,1567.9412841796875,449407
2022-08-28,WSTETH-USD,1567.5440673828125,1582.2730712890625,1508.74462890625,1508.74462890625,2010078
2022-08-29,WSTETH-USD,1508.6011962890625,1636.031005859375,1505.0313720703125,1633.4697265625,668386
2022-08-30,WSTETH-USD,1633.01708984375,1679.3489990234375,1563.22021484375,1607.840087890625,317253
2022-08-31,WSTETH-USD,1607.7923583984375,1695.0828857421875,1607.7923583984375,1636.5179443359375,526579
2022-09-01,WSTETH-USD,1637.74609375,1674.1146240234375,1605.261962890625,1668.8055419921875,679412
2022-09-02,WSTETH-USD,1669.220458984375,1724.1741943359375,1634.286865234375,1656.2742919921875,447966
2022-09-03,WSTETH-USD,1655.0064697265625,1657.3411865234375,1620.6038818359375,1634.5159912109375,79840
2022-09-04,WSTETH-USD,1634.532958984375,1654.244873046875,1623.7049560546875,1654.1041259765625,179087
2022-09-05,WSTETH-USD,1654.1326904296875,1699.2244873046875,1642.38134765625,1697.1070556640625,1756220
2022-09-06,WSTETH-USD,1697.1983642578125,1763.303955078125,1624.17578125,1625.7369384765625,1229618
2022-09-07,WSTETH-USD,1625.7685546875,1716.8402099609375,1556.64892578125,1697.32958984375,126057
2022-09-08,WSTETH-USD,1697.32958984375,1724.7847900390625,1673.42626953125,1713.554443359375,67448
2022-09-09,WSTETH-USD,1713.57470703125,1811.114990234375,1712.332763671875,1803.268310546875,72459
2022-09-10,WSTETH-USD,1803.4371337890625,1872.26318359375,1799.09521484375,1867.5230712890625,117975
2022-09-11,WSTETH-USD,1867.86181640625,1874.6143798828125,1833.524658203125,1854.0247802734375,55837
2022-09-12,WSTETH-USD,1854.4732666015625,1868.844482421875,1799.14892578125,1808.81884765625,63155
2022-09-13,WSTETH-USD,1809.2408447265625,1836.90234375,1647.3670654296875,1658.958984375,97678
2022-09-14,WSTETH-USD,1658.5172119140625,1723.085693359375,1647.3670654296875,1719.1199951171875,66736
2022-09-15,WSTETH-USD,1719.1185302734375,1729.6495361328125,1547.0537109375,1549.3505859375,426310
2022-09-16,WSTETH-USD,1550.651611328125,1555.1129150390625,1492.675537109375,1507.8582763671875,314322
2022-09-17,WSTETH-USD,1507.942626953125,1546.93408203125,1492.3004150390625,1544.418212890625,222973
2022-09-18,WSTETH-USD,1545.156982421875,1545.156982421875,1404.935546875,1406.566162109375,477898
2022-09-19,WSTETH-USD,1407.5897216796875,1458.0010986328125,1358.7061767578125,1450.540771484375,236769
2022-09-20,WSTETH-USD,1449.516845703125,1454.4041748046875,1391.518310546875,1395.009521484375,268282
2022-09-21,WSTETH-USD,1394.796875,1450.0487060546875,1297.1461181640625,1319.5009765625,124954
2022-09-22,WSTETH-USD,1318.8583984375,1407.4095458984375,1307.266845703125,1399.32421875,144893
2022-09-23,WSTETH-USD,1399.345703125,1423.536865234375,1340.6817626953125,1397.6563720703125,93097
2022-09-24,WSTETH-USD,1397.35107421875,1415.05615234375,1383.8350830078125,1389.315185546875,55743
2022-09-25,WSTETH-USD,1388.8109130859375,1402.2001953125,1345.804931640625,1362.8167724609375,159851
2022-09-26,WSTETH-USD,1362.2801513671875,1436.357666015625,1360.8397216796875,1435.9696044921875,1108
2022-09-27,WSTETH-USD,1436.5458984375,1496.4595947265625,1433.337158203125,1436.128662109375,2431
2022-09-28,WSTETH-USD,1435.8785400390625,1441.388671875,1403.86669921875,1439.05224609375,2109
2022-09-29,WSTETH-USD,1439.1689453125,1453.8856201171875,1428.340087890625,1442.97119140625,1184
2022-09-30,WSTETH-USD,1442.688720703125,1474.4609375,1441.1011962890625,1459.2127685546875,1021
2022-10-01,WSTETH-USD,1451.8948974609375,1452.2391357421875,1427.98681640625,1428.376953125,520
2022-10-02,WSTETH-USD,1428.38671875,1429.4290771484375,1389.5321044921875,1390.4954833984375,754
2022-10-03,WSTETH-USD,1390.690673828125,2968.12060546875,1390.013427734375,1429.1365966796875,110576
2022-10-04,WSTETH-USD,1429.06005859375,1465.613525390625,1427.9364013671875,1465.1868896484375,749
2022-10-05,WSTETH-USD,1465.0787353515625,1467.24951171875,1456.489501953125,1457.53466796875,301
2022-10-06,WSTETH-USD,1457.6741943359375,1490.093994140625,1457.5128173828125,1486.169189453125,1089
2022-10-07,WSTETH-USD,1486.283203125,1487.2059326171875,1454.4801025390625,1455.761962890625,559
2022-10-08,WSTETH-USD,1455.8724365234375,1456.5361328125,1440.91064453125,1442.236083984375,148
2022-10-09,WSTETH-USD,1442.448974609375,1442.917724609375,1441.2655029296875,1442.41259765625,0
2022-10-10,WSTETH-USD,1442.40478515625,1442.4346923828125,1411.90576171875,1412.7225341796875,614
2022-10-11,WSTETH-USD,1412.69921875,1413.368896484375,1403.4459228515625,1404.70361328125,32
2022-10-12,WSTETH-USD,1404.70361328125,1413.7213134765625,1399.4415283203125,1404.658935546875,137
2022-10-13,WSTETH-USD,1404.583984375,1406.1243896484375,1215.2208251953125,1374.8349609375,11434
2022-10-14,WSTETH-USD,1374.8533935546875,1435.9674072265625,1374.5355224609375,1411.113037109375,1604
2022-10-15,WSTETH-USD,1411.1280517578125,1411.3077392578125,1393.735107421875,1394.5489501953125,40
2022-10-16,WSTETH-USD,1394.4783935546875,1435.2353515625,1375.894775390625,1415.2513427734375,466
2022-10-17,WSTETH-USD,1415.2503662109375,1433.6617431640625,1414.2320556640625,1432.094970703125,133
2022-10-18,WSTETH-USD,1432.10205078125,1445.0870361328125,1418.7554931640625,1419.8076171875,798
2022-10-19,WSTETH-USD,1419.9693603515625,1420.963623046875,1393.314208984375,1395.1619873046875,265
2022-10-20,WSTETH-USD,1394.702880859375,1428.7203369140625,1393.0628662109375,1399.843017578125,2773
2022-10-21,WSTETH-USD,1399.76220703125,1400.6474609375,1379.3492431640625,1399.3411865234375,1119
2022-10-22,WSTETH-USD,1399.3858642578125,1436.1826171875,1398.2529296875,1430.9417724609375,0
2022-10-23,WSTETH-USD,1431.0079345703125,1481.3919677734375,1402.758056640625,1480.076171875,1308
2022-10-24,WSTETH-USD,1480.353515625,1481.052001953125,1462.4151611328125,1463.5814208984375,346
2022-10-25,WSTETH-USD,1463.5814208984375,1636.3402099609375,1452.995361328125,1614.04345703125,4263
2022-10-26,WSTETH-USD,1613.5235595703125,1712.4505615234375,1611.8621826171875,1710.05126953125,2744
2022-10-27,WSTETH-USD,1710.05126953125,1842.4693603515625,1670.1044921875,1671.634765625,9256
2022-10-28,WSTETH-USD,1671.634765625,1692.04443359375,1642.9599609375,1689.2080078125,1358
2022-10-29,WSTETH-USD,1689.2080078125,1889.8765869140625,1688.7659912109375,1759.55712890625,13168
2022-10-30,WSTETH-USD,1759.55712890625,1760.4962158203125,1740.6048583984375,1743.9002685546875,416
2022-10-31,WSTETH-USD,1743.9002685546875,1905.889404296875,1704.3717041015625,1708.453369140625,11954
2022-11-01,WSTETH-USD,1708.453369140625,2051.2373046875,1697.2366943359375,1739.95068359375,20940
2022-11-02,WSTETH-USD,1739.95068359375,1743.9854736328125,1663.1875,1665.4735107421875,2779
2022-11-03,WSTETH-USD,1665.4735107421875,1713.2188720703125,1661.5462646484375,1695.682861328125,1333
2022-11-04,WSTETH-USD,1695.563720703125,1777.2633056640625,1692.14892578125,1774.5377197265625,2546
2022-11-05,WSTETH-USD,1773.5225830078125,1820.34375,1770.7567138671875,1793.3140869140625,19907
2022-11-06,WSTETH-USD,1793.53076171875,1795.0205078125,1729.5447998046875,1730.2447509765625,988
2022-11-07,WSTETH-USD,1729.802734375,1772.9234619140625,1720.8094482421875,1721.080810546875,3074
2022-11-08,WSTETH-USD,1721.080810546875,1723.3629150390625,1367.41650390625,1447.3587646484375,36346001
2022-11-09,WSTETH-USD,1447.3587646484375,1449.8475341796875,1160.3873291015625,1189.215087890625,20329244
2022-11-10,WSTETH-USD,1186.408447265625,1463.62353515625,1178.428955078125,1413.322998046875,30969593
2022-11-11,WSTETH-USD,1411.9490966796875,1420.385009765625,1314.663330078125,1395.2666015625,10574138
2022-11-12,WSTETH-USD,1395.1732177734375,1397.5267333984375,1340.896484375,1355.661376953125,29687082
2022-11-13,WSTETH-USD,1356.648193359375,1376.5,1306.4942626953125,1321.896484375,8494381
2022-11-14,WSTETH-USD,1322.197265625,1391.1298828125,1270.6446533203125,1344.753662109375,18137912
2022-11-15,WSTETH-USD,1344.8948974609375,1395.86181640625,1340.96630859375,1359.672607421875,10382895
2022-11-16,WSTETH-USD,1360.0899658203125,1374.8328857421875,1290.768798828125,1320.903076171875,9752761
2022-11-17,WSTETH-USD,1320.0692138671875,1334.05078125,1288.30224609375,1302.7452392578125,8544237
2022-11-18,WSTETH-USD,1303.1065673828125,1334.5511474609375,1301.7528076171875,1314.814208984375,9344674
2022-11-19,WSTETH-USD,1313.85302734375,1331.141357421875,1299.618408203125,1321.6802978515625,1560627
2022-11-20,WSTETH-USD,1321.6802978515625,1327.6370849609375,1232.5396728515625,1239.2471923828125,2547341
2022-11-21,WSTETH-USD,1238.72265625,1239.797607421875,1169.6474609375,1197.208740234375,19611878
2022-11-22,WSTETH-USD,1197.333984375,1230.7176513671875,1166.59228515625,1227.0592041015625,6470243
2022-11-23,WSTETH-USD,1226.8758544921875,1281.583740234375,1219.5091552734375,1278.87158203125,7206018
2022-11-24,WSTETH-USD,1278.9588623046875,1311.5369873046875,1275.178466796875,1293.73681640625,44891176
2022-11-25,WSTETH-USD,1293.73681640625,1297.8978271484375,1255.2603759765625,1291.31298828125,4942844
2022-11-26,WSTETH-USD,1291.2017822265625,1324.2852783203125,1289.603515625,1299.532958984375,2888956
2022-11-27,WSTETH-USD,1298.7275390625,1317.4852294921875,1287.669921875,1289.0316162109375,3445013
2022-11-28,WSTETH-USD,1289.0316162109375,1295.4166259765625,1248.383544921875,1262.8887939453125,4996481
2022-11-29,WSTETH-USD,1262.459228515625,1328.966552734375,1257.1212158203125,1320.8831787109375,17615339
2022-11-30,WSTETH-USD,1320.8831787109375,1417.2166748046875,1319.7952880859375,1407.6932373046875,16759750
2022-12-01,WSTETH-USD,1407.6932373046875,1408.9224853515625,1376.0679931640625,1386.230712890625,8971517
2022-12-02,WSTETH-USD,1387.18212890625,1408.41845703125,1377.927978515625,1408.41845703125,8489674
2022-12-03,WSTETH-USD,1407.3052978515625,1414.2283935546875,1347.391845703125,1349.2662353515625,6301444
2022-12-04,WSTETH-USD,1350.3212890625,1394.29736328125,1348.7877197265625,1394.0531005859375,7293619
2022-12-05,WSTETH-USD,1393.4512939453125,1417.935302734375,1358.3646240234375,1369.38427734375,10043333
2022-12-06,WSTETH-USD,1369.38427734375,1384.45751953125,1351.6075439453125,1381.0616455078125,10440414
2022-12-07,WSTETH-USD,1383.7696533203125,1383.7696533203125,1326.220947265625,1336.8133544921875,8648753
2022-12-08,WSTETH-USD,1336.8133544921875,1397.6766357421875,1324.892333984375,1392.59130859375,9179701
2022-12-09,WSTETH-USD,1392.59130859375,1404.91162109375,1367.2642822265625,1376.6903076171875,10520965
2022-12-10,WSTETH-USD,1376.6903076171875,1392.193603515625,1370.1314697265625,1380.211181640625,3900720
2022-12-11,WSTETH-USD,1380.211181640625,1396.978271484375,1371.2548828125,1375.106689453125,5999442
2022-12-12,WSTETH-USD,1375.106689453125,1391.8818359375,1349.5511474609375,1389.0909423828125,11289027
2022-12-13,WSTETH-USD,1389.168701171875,1461.3292236328125,1371.1324462890625,1434.434326171875,12216731
2022-12-14,WSTETH-USD,1436.415771484375,1465.998291015625,1424.8060302734375,1425.1502685546875,14733512
2022-12-15,WSTETH-USD,1426.169921875,1428.22021484375,1374.5047607421875,1378.69091796875,8184528
2022-12-16,WSTETH-USD,1380.4388427734375,1389.0225830078125,1265.2415771484375,1276.3997802734375,15174959
2022-12-17,WSTETH-USD,1276.005615234375,1293.48046875,1265.4141845703125,1291.3590087890625,9342352
2022-12-18,WSTETH-USD,1291.58203125,1301.294921875,1272.3011474609375,1280.9730224609375,6014742
2022-12-19,WSTETH-USD,1280.9730224609375,1295.1773681640625,1251.107666015625,1262.16357421875,8772708
2022-12-20,WSTETH-USD,1262.16357421875,1331.4005126953125,1257.8812255859375,1326.154296875,11114837
2022-12-21,WSTETH-USD,1325.596923828125,1326.9739990234375,1309.452392578125,1319.931640625,8856622
2022-12-22,WSTETH-USD,1320.38623046875,1330.5865478515625,1286.4761962890625,1321.4827880859375,11714622
2022-12-23,WSTETH-USD,1320.52294921875,1335.30029296875,1316.1942138671875,1331.80224609375,8732879
2022-12-24,WSTETH-USD,1331.548828125,1335.5423583984375,1323.229248046875,1331.8255615234375,3616075
2022-12-25,WSTETH-USD,1331.8255615234375,1334.7296142578125,1312.0582275390625,1328.60888671875,6954394
2022-12-26,WSTETH-USD,1329.613525390625,1340.7291259765625,1324.900634765625,1339.723388671875,4568514
2022-12-27,WSTETH-USD,1339.5916748046875,1344.9278564453125,1315.2115478515625,1322.5916748046875,6739622
2022-12-28,WSTETH-USD,1322.4385986328125,1324.7115478515625,1291.8895263671875,1297.7503662109375,8135434
2022-12-29,WSTETH-USD,1297.7503662109375,1313.953857421875,1295.595703125,1309.4144287109375,8138578
2022-12-30,WSTETH-USD,1309.4144287109375,1310.34375,1292.33203125,1306.66748046875,6425613
2022-12-31,WSTETH-USD,1307.4442138671875,1315.5235595703125,1298.712158203125,1301.491455078125,28021544
2023-01-01,WSTETH-USD,1302.2337646484375,1310.4349365234375,1296.7188720703125,1306.793212890625,4358005
2023-01-02,WSTETH-USD,1306.793212890625,1329.40966796875,1299.8961181640625,1322.24462890625,7158158
2023-01-03,WSTETH-USD,1321.88427734375,1328.6865234375,1314.464599609375,1323.59033203125,8455670
2023-01-04,WSTETH-USD,1323.59033203125,1375.6180419921875,1322.011962890625,1368.9617919921875,12861703
2023-01-05,WSTETH-USD,1368.2606201171875,1372.3648681640625,1357.7947998046875,1363.841796875,7642462
2023-01-06,WSTETH-USD,1363.592041015625,1385.68115234375,1350.5252685546875,1379.939697265625,8312886
2023-01-07,WSTETH-USD,1380.4840087890625,1385.1182861328125,1371.641357421875,1382.5018310546875,9142842
2023-01-08,WSTETH-USD,1383.4197998046875,1413.9547119140625,1378.3929443359375,1413.9547119140625,7583192
2023-01-09,WSTETH-USD,1409.885009765625,1471.3831787109375,1408.1746826171875,1447.3385009765625,13787403
2023-01-10,WSTETH-USD,1448.0008544921875,1471.857666015625,1443.039306640625,1463.0567626953125,7916624
2023-01-11,WSTETH-USD,1463.0567626953125,1523.4053955078125,1449.515869140625,1523.4053955078125,10706204
2023-01-12,WSTETH-USD,1544.0118408203125,1572.704345703125,1507.9847412109375,1554.9261474609375,15747346
2023-01-13,WSTETH-USD,1554.97216796875,1605.9681396484375,1539.0770263671875,1591.7967529296875,10136710
2023-01-14,WSTETH-USD,1591.814453125,1714.8880615234375,1591.5186767578125,1701.2520751953125,18124713
2023-01-15,WSTETH-USD,1701.547119140625,1712.8115234375,1666.4774169921875,1703.725830078125,10531753
2023-01-16,WSTETH-USD,1704.4627685546875,1753.905517578125,1677.861572265625,1732.2926025390625,14855897
2023-01-17,WSTETH-USD,1732.2926025390625,1756.36962890625,1703.476318359375,1718.322998046875,13510771
2023-01-18,WSTETH-USD,1716.486328125,1766.791259765625,1651.0357666015625,1664.2991943359375,18571584
2023-01-19,WSTETH-USD,1665.3900146484375,1719.27392578125,1661.6571044921875,1712.775390625,25674379
2023-01-20,WSTETH-USD,1713.0936279296875,1830.0211181640625,1695.9615478515625,1830.0211181640625,14138912
2023-01-21,WSTETH-USD,1830.0211181640625,1842.0875244140625,1787.7017822265625,1795.0174560546875,15884857
2023-01-22,WSTETH-USD,1796.6409912109375,1827.4505615234375,1772.098388671875,1793.0897216796875,12806504
2023-01-23,WSTETH-USD,1791.8787841796875,1816.1536865234375,1767.39404296875,1803.5516357421875,30114165
2023-01-24,WSTETH-USD,1802.9376220703125,1816.1251220703125,1706.51513671875,1721.7777099609375,16290420
2023-01-25,WSTETH-USD,1721.83056640625,1799.7431640625,1686.554931640625,1777.83544921875,31322859
2023-01-26,WSTETH-USD,1778.683837890625,1790.3734130859375,1751.6058349609375,1770.8665771484375,16963077
2023-01-27,WSTETH-USD,1770.157470703125,1792.1795654296875,1723.851318359375,1764.6641845703125,9480926
2023-01-28,WSTETH-USD,1764.3406982421875,1774.437255859375,1720.1632080078125,1735.004150390625,15758443
2023-01-29,WSTETH-USD,1735.004150390625,1826.8287353515625,1727.78125,1821.0721435546875,13321381
2023-01-30,WSTETH-USD,1821.25244140625,1824.967041015625,1707.6004638671875,1733.24951171875,16469085
2023-01-31,WSTETH-USD,1732.676513671875,1766.35400390625,1723.7078857421875,1754.9478759765625,23290476
2023-02-01,WSTETH-USD,1754.167724609375,1816.408935546875,1728.33544921875,1809.7662353515625,11752473
2023-02-02,WSTETH-USD,1809.7188720703125,1888.44091796875,1802.27978515625,1812.4156494140625,18647254
2023-02-03,WSTETH-USD,1812.988525390625,1851.6090087890625,1800.0426025390625,1844.72607421875,16282435
2023-02-04,WSTETH-USD,1844.8441162109375,1866.5826416015625,1817.4857177734375,1836.8826904296875,12297951
2023-02-05,WSTETH-USD,1838.342041015625,1846.9287109375,1780.9884033203125,1803.6614990234375,12444903
2023-02-06,WSTETH-USD,1803.8089599609375,1839.8194580078125,1779.183349609375,1790.1297607421875,14630561
2023-02-07,WSTETH-USD,1789.15673828125,1859.3653564453125,1786.923828125,1850.2572021484375,23075452
2023-02-08,WSTETH-USD,1850.8206787109375,1877.3406982421875,1803.472900390625,1827.3531494140625,18254961
2023-02-09,WSTETH-USD,1829.9056396484375,1835.463134765625,1691.6744384765625,1707.52294921875,42035651
2023-02-10,WSTETH-USD,1707.427001953125,1720.1356201171875,1668.2857666015625,1684.5792236328125,30529536
2023-02-11,WSTETH-USD,1684.491455078125,1710.338134765625,1672.031982421875,1706.52734375,14705420
2023-02-12,WSTETH-USD,1705.9375,1711.8441162109375,1657.4967041015625,1677.9415283203125,13104534
2023-02-13,WSTETH-USD,1678.9554443359375,1689.6068115234375,1624.3638916015625,1667.7696533203125,27203050
2023-02-14,WSTETH-USD,1668.6060791015625,1731.1527099609375,1654.381103515625,1721.7481689453125,22817475
2023-02-15,WSTETH-USD,1721.273681640625,1849.383056640625,1707.5511474609375,1848.086669921875,14560506
2023-02-16,WSTETH-USD,1848.7840576171875,1925.3494873046875,1810.7774658203125,1820.1690673828125,25135660
2023-02-17,WSTETH-USD,1823.7864990234375,1900.5303955078125,1815.378662109375,1875.9237060546875,19743709
2023-02-18,WSTETH-USD,1875.9237060546875,1897.112060546875,1865.897216796875,1877.5614013671875,12538449
2023-02-19,WSTETH-USD,1878.4273681640625,1907.751953125,1846.1441650390625,1857.805908203125,13084671
2023-02-20,WSTETH-USD,1859.0867919921875,1900.505126953125,1829.8106689453125,1888.71240234375,16409078
2023-02-21,WSTETH-USD,1888.7265625,1908.8985595703125,1820.21142578125,1843.7564697265625,26056221
2023-02-22,WSTETH-USD,1842.7994384765625,1850.2562255859375,1776.3819580078125,1823.188720703125,26757952
2023-02-23,WSTETH-USD,1826.60498046875,1858.893310546875,1814.22412109375,1827.073974609375,24936423
2023-02-24,WSTETH-USD,1827.073974609375,1840.69384765625,1762.3704833984375,1789.9019775390625,27781500
2023-02-25,WSTETH-USD,1789.9019775390625,1790.552001953125,1729.5894775390625,1767.612060546875,11062109
2023-02-26,WSTETH-USD,1767.5194091796875,1831.5797119140625,1760.8646240234375,1821.2633056640625,17067349
2023-02-27,WSTETH-USD,1820.6942138671875,1847.9034423828125,1794.7523193359375,1817.603515625,23626920
2023-02-28,WSTETH-USD,1818.825439453125,1823.5938720703125,1777.114501953125,1781.3118896484375,15191247
2023-03-01,WSTETH-USD,1781.5203857421875,1849.5675048828125,1779.4935302734375,1843.9290771484375,18703966
2023-03-02,WSTETH-USD,1843.9290771484375,1862.5634765625,1801.2274169921875,1841.093505859375,15450268
2023-03-03,WSTETH-USD,1840.7166748046875,1846.02197265625,1725.5406494140625,1744.06982421875,26444562
2023-03-04,WSTETH-USD,1744.2476806640625,1759.2509765625,1718.342041015625,1734.8807373046875,9768140
2023-03-05,WSTETH-USD,1734.6513671875,1765.05322265625,1729.05224609375,1739.9415283203125,9501594
2023-03-06,WSTETH-USD,1739.732666015625,1757.744140625,1729.62451171875,1742.1209716796875,11855036
2023-03-07,WSTETH-USD,1742.5933837890625,1757.35302734375,1707.935791015625,1738.470947265625,18423098
2023-03-08,WSTETH-USD,1737.6302490234375,1746.833740234375,1706.631103515625,1708.9517822265625,17854682
2023-03-09,WSTETH-USD,1709.6444091796875,1728.595947265625,1574.850830078125,1596.79833984375,19252035
2023-03-10,WSTETH-USD,1597.3741455078125,1603.180908203125,1527.0810546875,1598.795654296875,25538586
2023-03-11,WSTETH-USD,1598.7574462890625,1728.3394775390625,1552.238525390625,1651.9041748046875,99827888
2023-03-12,WSTETH-USD,1650.8511962890625,1779.856689453125,1623.199951171875,1769.9078369140625,45283981
2023-03-13,WSTETH-USD,1770.732421875,1890.502685546875,1739.73583984375,1862.5953369140625,124914242
2023-03-14,WSTETH-USD,1863.7227783203125,1979.3438720703125,1849.6256103515625,1893.7012939453125,32199298
2023-03-15,WSTETH-USD,1893.8170166015625,1911.6624755859375,1785.2908935546875,1835.0823974609375,33715295
2023-03-16,WSTETH-USD,1835.9732666015625,1876.9080810546875,1815.4986572265625,1864.6588134765625,29659763
2023-03-17,WSTETH-USD,1866.524658203125,1999.911865234375,1850.2587890625,1991.524169921875,40146412
2023-03-18,WSTETH-USD,1993.616943359375,2044.8531494140625,1955.783447265625,1960.3792724609375,38336656
2023-03-19,WSTETH-USD,1960.3792724609375,2052.570556640625,1958.39794921875,1988.2568359375,24747791
2023-03-20,WSTETH-USD,1988.6962890625,2012.8238525390625,1926.1651611328125,1928.875732421875,19369776
2023-03-21,WSTETH-USD,1928.7550048828125,2038.4078369140625,1916.5360107421875,2010.5523681640625,15486737
2023-03-22,WSTETH-USD,2011.1754150390625,2028.0618896484375,1915.5538330078125,1937.3448486328125,22139769
2023-03-23,WSTETH-USD,1937.529296875,2062.9013671875,1925.32958984375,2014.509033203125,19815559
2023-03-24,WSTETH-USD,2014.509033203125,2024.4998779296875,1928.3072509765625,1952.7119140625,17754991
2023-03-25,WSTETH-USD,1953.325439453125,1965.73974609375,1913.980712890625,1941.8035888671875,22010655
2023-03-26,WSTETH-USD,1942.0638427734375,2002.7705078125,1940.1385498046875,1979.9967041015625,12398162
2023-03-27,WSTETH-USD,1980.334228515625,1985.3057861328125,1884.6981201171875,1912.6160888671875,16050312
2023-03-28,WSTETH-USD,1912.6160888671875,2000.1080322265625,1897.2174072265625,1974.6092529296875,8784093
2023-03-29,WSTETH-USD,1974.320068359375,2028.9395751953125,1974.320068359375,1986.49853515625,14873589
2023-03-30,WSTETH-USD,1987.380126953125,2023.9295654296875,1965.2943115234375,1998.307861328125,17112892
2023-03-31,WSTETH-USD,1998.148193359375,2055.6533203125,1989.1798095703125,2033.79296875,21273883
2023-04-01,WSTETH-USD,2033.93896484375,2049.6591796875,2020.9134521484375,2026.77099609375,12793930
2023-04-02,WSTETH-USD,2035.197265625,2039.2161865234375,1977.3922119140625,1997.7835693359375,7933971
2023-04-03,WSTETH-USD,1997.7393798828125,2045.004638671875,1969.3277587890625,2019.6046142578125,25025174
2023-04-04,WSTETH-USD,2019.6046142578125,2109.481689453125,2009.857421875,2097.50830078125,18024188
2023-04-05,WSTETH-USD,2096.055908203125,2156.319091796875,2096.05126953125,2129.31298828125,19839775
2023-04-06,WSTETH-USD,2128.998291015625,2130.549560546875,2070.073486328125,2096.41943359375,13507675
2023-04-07,WSTETH-USD,2096.60498046875,2104.15771484375,2054.65869140625,2080.88525390625,9411006
2023-04-08,WSTETH-USD,2080.614990234375,2093.685791015625,2062.1591796875,2066.7373046875,13342512
2023-04-09,WSTETH-USD,2066.2587890625,2089.619873046875,2037.6585693359375,2074.520751953125,32086514
2023-04-10,WSTETH-USD,2074.02001953125,2137.313720703125,2061.07763671875,2132.498046875,16244581
2023-04-11,WSTETH-USD,2132.439208984375,2153.619873046875,2101.8564453125,2111.894775390625,29335269
2023-04-12,WSTETH-USD,2112.333251953125,2147.821533203125,2069.21484375,2138.42822265625,45411343
2023-04-13,WSTETH-USD,2138.64990234375,2261.6953125,2121.44580078125,2230.96826171875,52103544
2023-04-14,WSTETH-USD,2231.1416015625,2375.037841796875,2231.102783203125,2348.89697265625,46307146
2023-04-15,WSTETH-USD,2348.47119140625,2369.001220703125,2313.470458984375,2339.764404296875,15145340
2023-04-16,WSTETH-USD,2340.194580078125,2382.396240234375,2315.425048828125,2365.95263671875,18834352
2023-04-17,WSTETH-USD,2365.332275390625,2365.332275390625,2307.907470703125,2317.296142578125,11965229
2023-04-18,WSTETH-USD,2318.3271484375,2369.716064453125,2301.9296875,2355.2451171875,3590730
2023-04-19,WSTETH-USD,2353.665283203125,2353.665283203125,2158.326171875,2171.555419921875,3059664
2023-04-20,WSTETH-USD,2169.767822265625,2209.19921875,2130.641357421875,2169.99658203125,7775314
2023-04-21,WSTETH-USD,2171.430908203125,2182.34619140625,2047.8963623046875,2072.59814453125,9095393
2023-04-22,WSTETH-USD,2072.59814453125,2110.432373046875,2062.00146484375,2104.4482421875,8845141
2023-04-23,WSTETH-USD,2104.04296875,2108.157470703125,2043.7606201171875,2087.49072265625,7356523
2023-04-24,WSTETH-USD,2087.42236328125,2116.861572265625,2040.4156494140625,2071.80322265625,2696914
2023-04-25,WSTETH-USD,2072.562255859375,2103.715087890625,2017.11669921875,2086.460693359375,11848300
2023-04-26,WSTETH-USD,2086.755859375,2190.1240234375,2014.3331298828125,2085.818359375,7550761
2023-04-27,WSTETH-USD,2085.8662109375,2162.6123046875,2083.7666015625,2137.726318359375,11693507
2023-04-28,WSTETH-USD,2137.616943359375,2151.29248046875,2098.35693359375,2122.75,5515081
2023-04-29,WSTETH-USD,2122.80126953125,2142.4853515625,2111.707275390625,2135.222412109375,7708997
2023-04-30,WSTETH-USD,2137.058349609375,2171.039306640625,2106.6015625,2106.6015625,3628756
2023-05-01,WSTETH-USD,2104.60888671875,2118.64501953125,2026.92236328125,2049.275390625,5506486
2023-05-02,WSTETH-USD,2049.402587890625,2098.405029296875,2045.810302734375,2096.86767578125,3349756
2023-05-03,WSTETH-USD,2095.892822265625,2146.044189453125,2061.65087890625,2134.429931640625,4811119
2023-05-04,WSTETH-USD,2133.857666015625,2145.235107421875,2094.895263671875,2103.092041015625,2469215
2023-05-05,WSTETH-USD,2102.793212890625,2238.387451171875,2099.14208984375,2234.1162109375,2606980
2023-05-06,WSTETH-USD,2235.1962890625,2260.7470703125,2101.910888671875,2126.779296875,2908818
2023-05-07,WSTETH-USD,2126.57421875,2163.38525390625,2102.203125,2103.205810546875,3119000
2023-05-08,WSTETH-USD,2103.2626953125,2117.04052734375,2024.0164794921875,2072.788330078125,19561181
2023-05-09,WSTETH-USD,2072.687255859375,2085.80029296875,2061.139892578125,2066.5302734375,8790933
2023-05-10,WSTETH-USD,2062.8603515625,2134.63671875,2020.7176513671875,2080.2939453125,6047156
2023-05-11,WSTETH-USD,2080.11865234375,2081.43994140625,1996.35107421875,2019.0108642578125,6761029
2023-05-12,WSTETH-USD,2018.58837890625,2049.91748046875,1970.7236328125,2047.27392578125,10207980
2023-05-13,WSTETH-USD,2046.7376708984375,2047.6580810546875,2013.0849609375,2023.078857421875,2645998
2023-05-14,WSTETH-USD,2022.89453125,2063.965576171875,2011.2166748046875,2033.056640625,4646536
2023-05-15,WSTETH-USD,2032.8013916015625,2073.334228515625,2013.99462890625,2043.5,5300770
2023-05-16,WSTETH-USD,2044.5943603515625,2061.155029296875,2019.1304931640625,2050.12255859375,1932047
2023-05-17,WSTETH-USD,2050.589599609375,2067.77490234375,2007.6669921875,2047.866943359375,6368058
2023-05-18,WSTETH-USD,2047.76953125,2050.5537109375,1991.6451416015625,2019.563232421875,8503240
2023-05-19,WSTETH-USD,2019.701904296875,2054.1484375,2013.2584228515625,2035.969482421875,10377979
2023-05-20,WSTETH-USD,2036.1522216796875,2045.4747314453125,2020.909423828125,2036.0877685546875,2902208
2023-05-21,WSTETH-USD,2036.4539794921875,2046.876708984375,2012.612060546875,2016.9951171875,4411039
2023-05-22,WSTETH-USD,2016.880126953125,2054.6005859375,2000.32275390625,2040.948974609375,5862998
2023-05-23,WSTETH-USD,2040.8526611328125,2104.8359375,2039.27001953125,2085.8447265625,4028561
2023-05-24,WSTETH-USD,2085.246337890625,2087.873046875,2007.955810546875,2034.6326904296875,5414594
2023-05-25,WSTETH-USD,2034.7928466796875,2043.841796875,1991.8145751953125,2033.141357421875,2839510
2023-05-26,WSTETH-USD,2033.1036376953125,2064.43212890625,2022.8787841796875,2059.052978515625,3375548
2023-05-27,WSTETH-USD,2059.0439453125,2066.127197265625,2043.70556640625,2064.333740234375,600822
2023-05-28,WSTETH-USD,2064.4326171875,2145.419189453125,2058.356201171875,2143.04931640625,4953072
2023-05-29,WSTETH-USD,2142.8779296875,2162.378173828125,2107.466064453125,2130.90185546875,2845541
2023-05-30,WSTETH-USD,2130.28759765625,2156.535888671875,2120.699462890625,2138.78271484375,5864459
2023-05-31,WSTETH-USD,2138.81005859375,2147.984130859375,2086.49658203125,2106.0478515625,63712251
2023-06-01,WSTETH-USD,2106.17919921875,2119.05126953125,2076.146728515625,2096.60986328125,7666164
2023-06-02,WSTETH-USD,2096.06298828125,2156.81640625,2078.933349609375,2145.677001953125,5594371
2023-06-03,WSTETH-USD,2146.08349609375,2148.64404296875,2121.609130859375,2130.1943359375,2089832
2023-06-04,WSTETH-USD,2129.8798828125,2153.239990234375,2118.735107421875,2129.65087890625,1994740
2023-06-05,WSTETH-USD,2129.798828125,2129.798828125,2014.775634765625,2043.1451416015625,3203200
2023-06-06,WSTETH-USD,2043.1192626953125,2128.672119140625,2026.931396484375,2119.540771484375,3513534
2023-06-07,WSTETH-USD,2119.609619140625,2132.83251953125,2045.383056640625,2055.1875,4557830
2023-06-08,WSTETH-USD,2055.437744140625,2094.3095703125,2055.437744140625,2079.660888671875,4626471
2023-06-09,WSTETH-USD,2079.52490234375,2093.7626953125,2063.06201171875,2075.041748046875,5995615
2023-06-10,WSTETH-USD,2074.98046875,2075.627197265625,1945.0382080078125,1978.3211669921875,37824653
2023-06-11,WSTETH-USD,1978.4569091796875,2002.3040771484375,1957.2110595703125,1971.3248291015625,4412531
2023-06-12,WSTETH-USD,1971.498046875,1986.0015869140625,1935.9952392578125,1964.056396484375,8911752
2023-06-13,WSTETH-USD,1964.0771484375,1989.015869140625,1944.188232421875,1963.0765380859375,8258910
2023-06-14,WSTETH-USD,1963.072998046875,1974.6512451171875,1854.8426513671875,1865.8526611328125,10490015
2023-06-15,WSTETH-USD,1866.0322265625,1893.974609375,1834.272216796875,1878.6668701171875,10568139
2023-06-16,WSTETH-USD,1878.7584228515625,1941.7689208984375,1865.6380615234375,1936.68798828125,20165946
2023-06-17,WSTETH-USD,1936.5230712890625,1981.37158203125,1929.25341796875,1949.6378173828125,15097730
2023-06-18,WSTETH-USD,1949.3670654296875,1969.6912841796875,1936.209716796875,1939.13037109375,6419111
2023-06-19,WSTETH-USD,1939.1107177734375,1968.845703125,1925.2762451171875,1957.834716796875,32576546
2023-06-20,WSTETH-USD,1959.199951171875,2026.2294921875,1940.0223388671875,2025.0107421875,13784094
2023-06-21,WSTETH-USD,2025.0208740234375,2139.829345703125,2016.9393310546875,2121.24072265625,14566938
2023-06-22,WSTETH-USD,2120.69140625,2175.96923828125,2106.853759765625,2111.8193359375,19430975
2023-06-23,WSTETH-USD,2111.962646484375,2186.04150390625,2107.648681640625,2140.31005859375,15251642
2023-06-24,WSTETH-USD,2140.598876953125,2146.926025390625,2098.018798828125,2119.096923828125,9053673
2023-06-25,WSTETH-USD,2118.8662109375,2176.626953125,2115.16552734375,2147.074951171875,12265089
2023-06-26,WSTETH-USD,2147.274658203125,2149.760009765625,2083.661865234375,2099.23193359375,40020522
2023-06-27,WSTETH-USD,2099.522705078125,2152.625732421875,2095.63720703125,2134.187255859375,163670147
2023-06-28,WSTETH-USD,2134.352294921875,2134.352294921875,2060.3662109375,2065.460205078125,15447664
2023-06-29,WSTETH-USD,2065.4541015625,2117.544677734375,2065.4541015625,2090.223388671875,21901876
2023-06-30,WSTETH-USD,2089.875244140625,2187.71337890625,2071.77197265625,2181.33984375,36552471
2023-07-01,WSTETH-USD,2181.84765625,2189.89453125,2159.34521484375,2179.586669921875,24041069
2023-07-02,WSTETH-USD,2179.591552734375,2208.532958984375,2143.742919921875,2190.45263671875,16727305
2023-07-03,WSTETH-USD,2189.916748046875,2231.981201171875,2183.554443359375,2213.38037109375,16297054
2023-07-04,WSTETH-USD,2213.585693359375,2222.025390625,2187.19775390625,2192.322509765625,11756986
2023-07-05,WSTETH-USD,2192.444580078125,2204.272705078125,2139.025390625,2160.919677734375,8208082
2023-07-06,WSTETH-USD,2160.980224609375,2212.429443359375,2094.713134765625,2094.713134765625,28168857
2023-07-07,WSTETH-USD,2094.8408203125,2124.14892578125,2078.7626953125,2119.848388671875,14528070
2023-07-08,WSTETH-USD,2119.78662109375,2122.672607421875,2083.5234375,2105.384033203125,2828024
2023-07-09,WSTETH-USD,2105.384033203125,2124.540283203125,2103.2900390625,2111.840087890625,11088062
2023-07-10,WSTETH-USD,2111.869140625,2155.005126953125,2082.380126953125,2130.4287109375,13562748
2023-07-11,WSTETH-USD,2130.4287109375,2141.768310546875,2110.2275390625,2126.328857421875,39528133
2023-07-12,WSTETH-USD,2126.21728515625,2147.085693359375,2112.3427734375,2118.39208984375,41204379
2023-07-13,WSTETH-USD,2118.447509765625,2266.8974609375,2111.46142578125,2264.147216796875,35335286
2023-07-14,WSTETH-USD,2264.347412109375,2284.972900390625,2149.580810546875,2190.2099609375,26119966
2023-07-15,WSTETH-USD,2190.789306640625,2200.3623046875,2174.24853515625,2183.547607421875,12673371
2023-07-16,WSTETH-USD,2183.7216796875,2197.40185546875,2159.54052734375,2171.764404296875,4695908
2023-07-17,WSTETH-USD,2171.43701171875,2190.20947265625,2126.999755859375,2162.576416015625,20450793
2023-07-18,WSTETH-USD,2162.410888671875,2166.977294921875,2128.300537109375,2145.11376953125,19935463
2023-07-19,WSTETH-USD,2144.908935546875,2175.77490234375,2137.203857421875,2142.70654296875,30056807
2023-07-20,WSTETH-USD,2142.94873046875,2190.74072265625,2128.52685546875,2139.1376953125,22164286
2023-07-21,WSTETH-USD,2138.97265625,2162.625,2128.069580078125,2145.544921875,10279635
2023-07-22,WSTETH-USD,2145.24462890625,2155.039794921875,2106.902587890625,2113.28369140625,9244693
2023-07-23,WSTETH-USD,2113.36669921875,2150.141845703125,2109.455322265625,2138.393798828125,3853462
2023-07-24,WSTETH-USD,2137.860595703125,2139.705810546875,2077.772705078125,2089.68212890625,5183779
2023-07-25,WSTETH-USD,2089.81396484375,2114.356201171875,2083.487060546875,2104.56884765625,4397900
2023-07-26,WSTETH-USD,2104.6455078125,2138.902099609375,2092.360595703125,2120.21630859375,15450184
2023-07-27,WSTETH-USD,2120.580810546875,2137.763916015625,2100.909423828125,2108.865234375,25261169
2023-07-28,WSTETH-USD,2108.523681640625,2131.806640625,2102.56640625,2126.573974609375,8372561
2023-07-29,WSTETH-USD,2126.370361328125,2141.203125,2118.33544921875,2132.54248046875,6001483
2023-07-30,WSTETH-USD,2132.418212890625,2136.0654296875,2100.072265625,2108.175537109375,48105144
2023-07-31,WSTETH-USD,2107.872802734375,2123.765869140625,2094.1826171875,2105.14697265625,85808601
2023-08-01,WSTETH-USD,2105.078369140625,2118.551025390625,2057.11962890625,2118.10498046875,36152710
2023-08-02,WSTETH-USD,2118.175048828125,2126.24365234375,2063.99853515625,2081.2880859375,27556726
2023-08-03,WSTETH-USD,2081.560546875,2103.350830078125,2070.175048828125,2081.250732421875,11857747
2023-08-04,WSTETH-USD,2081.215087890625,2097.4814453125,2067.115478515625,2071.318603515625,7314716
2023-08-05,WSTETH-USD,2071.50146484375,2088.087646484375,2068.73876953125,2084.869384765625,1523056
2023-08-06,WSTETH-USD,2084.742919921875,2086.70068359375,2073.453125,2078.33837890625,25587271
2023-08-07,WSTETH-USD,2078.75390625,2089.966796875,2050.537109375,2071.2724609375,21543908
2023-08-08,WSTETH-USD,2070.584228515625,2129.760498046875,2069.704345703125,2103.71435546875,17952656
2023-08-09,WSTETH-USD,2103.443115234375,2124.2421875,2095.713623046875,2105.66455078125,5230281
2023-08-10,WSTETH-USD,2105.35302734375,2115.47265625,2094.8310546875,2101.9609375,4068201
2023-08-11,WSTETH-USD,2101.986572265625,2105.597900390625,2086.861572265625,2097.6484375,8062606
2023-08-12,WSTETH-USD,2097.630859375,2107.0146484375,2094.6953125,2098.93798828125,2881693
2023-08-13,WSTETH-USD,2098.880615234375,2111.057861328125,2086.8427734375,2088.25927734375,3396435
2023-08-14,WSTETH-USD,2088.142333984375,2109.255126953125,2083.186279296875,2092.737060546875,4974621
2023-08-15,WSTETH-USD,2092.4150390625,2094.30029296875,2058.545166015625,2073.46533203125,9645752
2023-08-16,WSTETH-USD,2073.53564453125,2077.04833984375,2043.6619873046875,2054.314208984375,3078266
2023-08-17,WSTETH-USD,2054.06689453125,2054.06689453125,1809.4017333984375,1908.6180419921875,9271553
2023-08-18,WSTETH-USD,1909.198974609375,1928.071044921875,1879.22314453125,1891.441162109375,10618301
2023-08-19,WSTETH-USD,1891.32080078125,1921.9317626953125,1880.972412109375,1898.904541015625,5086949
2023-08-20,WSTETH-USD,1899.1763916015625,1921.122314453125,1889.901611328125,1914.399169921875,2913692
2023-08-21,WSTETH-USD,1914.427001953125,1914.850830078125,1873.21728515625,1896.887451171875,4743037
2023-08-22,WSTETH-USD,1897.0177001953125,1897.8397216796875,1818.3765869140625,1858.7525634765625,11319543
2023-08-23,WSTETH-USD,1859.2509765625,1929.1719970703125,1855.2547607421875,1906.9005126953125,7876684
2023-08-24,WSTETH-USD,1907.1436767578125,1911.1370849609375,1866.2093505859375,1884.8865966796875,5823310
2023-08-25,WSTETH-USD,1884.6212158203125,1898.7467041015625,1862.3856201171875,1879.3441162109375,10718394
2023-08-26,WSTETH-USD,1879.3341064453125,1884.2818603515625,1869.538330078125,1870.4600830078125,5992936
2023-08-27,WSTETH-USD,1870.491455078125,1889.196044921875,1870.3875732421875,1883.89599609375,6176243
2023-08-28,WSTETH-USD,1883.8521728515625,1884.142822265625,1853.611328125,1881.2659912109375,11940952
2023-08-29,WSTETH-USD,1881.02001953125,1982.287353515625,1866.5770263671875,1965.225341796875,9459811
2023-08-30,WSTETH-USD,1967.0662841796875,1967.9075927734375,1928.170654296875,1935.9490966796875,10348344
2023-08-31,WSTETH-USD,1935.8331298828125,1954.3477783203125,1867.5704345703125,1870.3048095703125,11548188
2023-09-01,WSTETH-USD,1870.4752197265625,1881.6849365234375,1827.7427978515625,1851.9720458984375,15293411
2023-09-02,WSTETH-USD,1852.02197265625,1866.6485595703125,1851.0242919921875,1861.731201171875,5259745
2023-09-03,WSTETH-USD,1861.84619140625,1869.0247802734375,1847.0625,1861.100341796875,3369378
2023-09-04,WSTETH-USD,1861.0389404296875,1870.756103515625,1842.788818359375,1853.0518798828125,11919396
2023-09-05,WSTETH-USD,1853.185302734375,1873.2666015625,1835.0645751953125,1858.27587890625,23360119
2023-09-06,WSTETH-USD,1858.3565673828125,1882.483642578125,1837.9530029296875,1857.9541015625,19558542
2023-09-07,WSTETH-USD,1857.7330322265625,1882.8243408203125,1848.18505859375,1874.545654296875,18507162
2023-09-08,WSTETH-USD,1874.365478515625,1883.6702880859375,1841.5333251953125,1864.281982421875,14489823
2023-09-09,WSTETH-USD,1864.2969970703125,1865.3546142578125,1849.3060302734375,1860.4267578125,3289698
2023-09-10,WSTETH-USD,1860.4635009765625,1860.552734375,1827.868408203125,1845.379150390625,6735739
2023-09-11,WSTETH-USD,1845.3907470703125,1845.9423828125,1758.03662109375,1767.132568359375,21582242
2023-09-12,WSTETH-USD,1767.0880126953125,1840.7386474609375,1763.7928466796875,1814.3621826171875,8867379
2023-09-13,WSTETH-USD,1814.3182373046875,1839.243896484375,1802.5166015625,1829.978271484375,13805701
2023-09-14,WSTETH-USD,1829.87255859375,1869.1702880859375,1829.757568359375,1854.2930908203125,10523183
2023-09-15,WSTETH-USD,1854.369140625,1881.3807373046875,1839.759765625,1874.4254150390625,22209715
2023-09-16,WSTETH-USD,1874.18408203125,1884.0972900390625,1859.9644775390625,1863.0716552734375,10993379
2023-09-17,WSTETH-USD,1863.0433349609375,1864.0433349609375,1844.09375,1850.5247802734375,6552141
2023-09-18,WSTETH-USD,1850.190673828125,1898.2799072265625,1840.9254150390625,1866.6124267578125,13857603
2023-09-19,WSTETH-USD,1866.6124267578125,1891.3697509765625,1858.974365234375,1874.6939697265625,13944186
2023-09-20,WSTETH-USD,1874.6905517578125,1880.7021484375,1841.7930908203125,1851.7889404296875,4862264
2023-09-21,WSTETH-USD,1851.8607177734375,1854.4671630859375,1798.0469970703125,1804.671630859375,13880319
2023-09-22,WSTETH-USD,1804.665283203125,1824.062744140625,1800.6826171875,1818.2220458984375,7408351
2023-09-23,WSTETH-USD,1818.22119140625,1822.5440673828125,1810.759521484375,1817.2781982421875,9055568
2023-09-24,WSTETH-USD,1817.2452392578125,1827.048095703125,1798.65478515625,1802.4736328125,7769636
2023-09-25,WSTETH-USD,1802.4613037109375,1818.92578125,1788.3984375,1811.42529296875,10101935
2023-09-26,WSTETH-USD,1811.63134765625,1820.4368896484375,1803.64111328125,1815.684814453125,8245796
2023-09-27,WSTETH-USD,1815.625244140625,1857.182373046875,1809.5291748046875,1822.9259033203125,13245277
2023-09-28,WSTETH-USD,1822.959228515625,1898.319091796875,1822.8916015625,1882.37060546875,13626752
2023-09-29,WSTETH-USD,1881.90576171875,1919.208740234375,1878.3504638671875,1903.761474609375,11235116
2023-09-30,WSTETH-USD,1903.555419921875,1932.1864013671875,1901.908203125,1905.637939453125,9137877
2023-10-01,WSTETH-USD,1905.578125,1978.1856689453125,1905.578125,1977.4764404296875,18375484
2023-10-02,WSTETH-USD,1977.5145263671875,1982.9315185546875,1883.686767578125,1899.8233642578125,22273567
2023-10-03,WSTETH-USD,1899.6949462890625,1906.9420166015625,1879.9588623046875,1889.6807861328125,25346580
2023-10-04,WSTETH-USD,1889.9586181640625,1890.7803955078125,1861.5980224609375,1880.42529296875,11133659
2023-10-05,WSTETH-USD,1880.52685546875,1889.265869140625,1840.8592529296875,1841.2994384765625,16165944
2023-10-06,WSTETH-USD,1841.303955078125,1893.1949462890625,1840.98046875,1876.0860595703125,19392914
2023-10-07,WSTETH-USD,1875.9925537109375,1879.3502197265625,1862.5413818359375,1865.16552734375,7994184
2023-10-08,WSTETH-USD,1865.542724609375,1873.193359375,1848.47119140625,1864.1971435546875,51261143
2023-10-09,WSTETH-USD,1864.29052734375,1866.189697265625,1781.7379150390625,1803.4652099609375,29484853
2023-10-10,WSTETH-USD,1804.10009765625,1819.12109375,1778.9765625,1789.8245849609375,24323100
2023-10-11,WSTETH-USD,1789.7152099609375,1802.2293701171875,1767.99560546875,1782.9345703125,22502548
2023-10-12,WSTETH-USD,1783.0352783203125,1789.0987548828125,1743.714111328125,1757.071044921875,12129812
2023-10-13,WSTETH-USD,1757.04638671875,1792.2490234375,1756.9119873046875,1771.1971435546875,7788126
2023-10-14,WSTETH-USD,1771.138427734375,1780.906494140625,1763.79345703125,1776.971435546875,9750794
2023-10-15,WSTETH-USD,1776.971435546875,1788.677978515625,1772.7484130859375,1780.7276611328125,12881379
2023-10-16,WSTETH-USD,1781.03955078125,1856.0697021484375,1777.974365234375,1827.9625244140625,41862749
2023-10-17,WSTETH-USD,1827.91943359375,1827.91943359375,1781.9285888671875,1788.8900146484375,49042241
2023-10-18,WSTETH-USD,1788.9169921875,1809.7711181640625,1777.8612060546875,1783.6646728515625,33572852
2023-10-19,WSTETH-USD,1783.662841796875,1796.139892578125,1767.4132080078125,1789.8016357421875,14753465
2023-10-20,WSTETH-USD,1789.7579345703125,1858.616943359375,1787.538818359375,1834.5401611328125,41893812
2023-10-21,WSTETH-USD,1834.132080078125,1872.780517578125,1823.3438720703125,1864.6312255859375,28834849
2023-10-22,WSTETH-USD,1864.5440673828125,1903.7344970703125,1858.11279296875,1900.0294189453125,27686871
2023-10-23,WSTETH-USD,1914.135498046875,2049.458740234375,1901.736572265625,2017.1710205078125,29733684
2023-10-24,WSTETH-USD,2017.1710205078125,2117.0166015625,2012.51220703125,2039.019287109375,54307924
2023-10-25,WSTETH-USD,2039.0565185546875,2075.980224609375,2011.6275634765625,2047.408447265625,33830321
2023-10-26,WSTETH-USD,2047.4527587890625,2130.783203125,2020.494384765625,2062.742431640625,34806813
2023-10-27,WSTETH-USD,2062.895751953125,2062.895751953125,2006.6844482421875,2038.447021484375,42623662
2023-10-28,WSTETH-USD,2038.3848876953125,2056.46923828125,2029.9820556640625,2032.1021728515625,13676277
2023-10-29,WSTETH-USD,2032.2103271484375,2070.564453125,2021.0093994140625,2056.200927734375,13122724
2023-10-30,WSTETH-USD,2056.1435546875,2090.51513671875,2037.4864501953125,2071.77197265625,37502136
2023-10-31,WSTETH-USD,2071.66357421875,2081.9638671875,2042.306640625,2081.6162109375,35750576
2023-11-01,WSTETH-USD,2081.558349609375,2123.214111328125,2045.9822998046875,2115.197265625,40547872
2023-11-02,WSTETH-USD,2115.039306640625,2140.71728515625,2049.56787109375,2064.812255859375,103767445
2023-11-03,WSTETH-USD,2061.03564453125,2101.683837890625,2038.935791015625,2096.73388671875,34099630
2023-11-04,WSTETH-USD,2096.9404296875,2137.79296875,2090.3125,2125.49853515625,18347497
2023-11-05,WSTETH-USD,2125.64697265625,2186.226806640625,2117.29150390625,2170.51123046875,52302503
2023-11-06,WSTETH-USD,2170.1572265625,2191.42919921875,2146.145751953125,2176.443359375,28080648
2023-11-07,WSTETH-USD,2176.315673828125,2185.156982421875,2123.153564453125,2164.15185546875,33571783
2023-11-08,WSTETH-USD,2164.129638671875,2181.142822265625,2148.477783203125,2165.8232421875,25815240
2023-11-09,WSTETH-USD,2165.24951171875,2435.241455078125,2159.683349609375,2427.780029296875,55103984
2023-11-10,WSTETH-USD,2428.458984375,2443.657470703125,2367.1083984375,2384.2744140625,67097308
2023-11-11,WSTETH-USD,2383.50341796875,2391.499755859375,2333.361083984375,2346.996826171875,32943603
2023-11-12,WSTETH-USD,2347.451416015625,2367.322021484375,2316.304931640625,2340.1455078125,24166421
2023-11-13,WSTETH-USD,2342.448486328125,2423.136962890625,2327.9677734375,2358.434326171875,58385130
2023-11-14,WSTETH-USD,2356.2646484375,2371.760498046875,2246.558349609375,2269.99853515625,22175117
2023-11-15,WSTETH-USD,2269.95556640625,2361.77294921875,2257.611083984375,2360.112060546875,30868476
2023-11-16,WSTETH-USD,2359.517578125,2389.197509765625,2229.765869140625,2249.310302734375,34425501
2023-11-17,WSTETH-USD,2248.575439453125,2280.38916015625,2192.190673828125,2244.294921875,31521382
2023-11-18,WSTETH-USD,2247.380859375,2258.498046875,2197.71484375,2251.3984375,17924607
2023-11-19,WSTETH-USD,2251.561279296875,2308.093017578125,2233.123046875,2306.20849609375,24671629
2023-11-20,WSTETH-USD,2306.640625,2365.00048828125,2289.5,2320.60107421875,22887783
2023-11-21,WSTETH-USD,2320.773681640625,2334.032958984375,2225.747314453125,2225.747314453125,29078520
2023-11-22,WSTETH-USD,2223.576416015625,2395.708984375,2219.82958984375,2369.298828125,41717404
2023-11-23,WSTETH-USD,2369.158203125,2392.046142578125,2343.681884765625,2365.984130859375,26690346
2023-11-24,WSTETH-USD,2365.509033203125,2442.460693359375,2363.257080078125,2384.57763671875,22661562
2023-11-25,WSTETH-USD,2383.998046875,2399.007080078125,2373.170654296875,2393.24658203125,10619778
2023-11-26,WSTETH-USD,2391.35107421875,2400.474853515625,2343.517578125,2369.162353515625,13499703
2023-11-27,WSTETH-USD,2369.17724609375,2376.367919921875,2285.19775390625,2324.359375,27170542
2023-11-28,WSTETH-USD,2324.37109375,2374.87890625,2294.82763671875,2350.863037109375,24555806
2023-11-29,WSTETH-USD,2350.2021484375,2376.826904296875,2322.984619140625,2330.66455078125,24817515
2023-11-30,WSTETH-USD,2331.029052734375,2352.6484375,2322.3125,2352.408203125,13647338
2023-12-01,WSTETH-USD,2352.461669921875,2416.90283203125,2347.3984375,2397.42333984375,12897776
2023-12-02,WSTETH-USD,2397.27001953125,2492.31591796875,2396.436279296875,2482.642333984375,28916232
2023-12-03,WSTETH-USD,2484.133056640625,2534.329833984375,2465.018798828125,2516.99462890625,15814327
2023-12-04,WSTETH-USD,2517.2548828125,2600.47802734375,2517.12744140625,2573.69580078125,20905035
2023-12-05,WSTETH-USD,2573.7333984375,2639.70849609375,2520.766845703125,2631.681396484375,30250179
2023-12-06,WSTETH-USD,2630.8515625,2645.981689453125,2560.386474609375,2563.495361328125,16436192
2023-12-07,WSTETH-USD,2563.356689453125,2725.907958984375,2558.62158203125,2707.825927734375,15316706
2023-12-08,WSTETH-USD,2707.525390625,2737.599365234375,2692.153564453125,2712.583740234375,50773588
2023-12-09,WSTETH-USD,2710.408203125,2754.6826171875,2679.91162109375,2686.947509765625,66642311
2023-12-10,WSTETH-USD,2686.876953125,2723.2001953125,2671.825439453125,2699.8515625,24229022
2023-12-11,WSTETH-USD,2700.115478515625,2704.07373046875,2485.122314453125,2551.682373046875,36532685
2023-12-12,WSTETH-USD,2551.462890625,2574.294189453125,2492.594482421875,2531.238525390625,25301974
2023-12-13,WSTETH-USD,2530.820068359375,2613.235107421875,2475.8681640625,2599.032958984375,65231426
2023-12-14,WSTETH-USD,2598.759521484375,2668.696044921875,2583.36328125,2660.005615234375,21206407
2023-12-15,WSTETH-USD,2660.19775390625,2660.48486328125,2548.635986328125,2549.314453125,14825290
2023-12-16,WSTETH-USD,2549.356689453125,2596.746337890625,2545.274658203125,2556.669189453125,15649289
2023-12-17,WSTETH-USD,2557.44189453125,2574.543701171875,2526.40380859375,2527.171142578125,21663754
2023-12-18,WSTETH-USD,2526.7861328125,2548.3876953125,2440.7373046875,2543.944580078125,44446913
2023-12-19,WSTETH-USD,2543.6015625,2586.155517578125,2461.3974609375,2501.9033203125,61203251
2023-12-20,WSTETH-USD,2502.103271484375,2596.679931640625,2493.7099609375,2523.544677734375,88280469
2023-12-21,WSTETH-USD,2525.168212890625,2609.333984375,2513.5693359375,2573.209228515625,31020757
2023-12-22,WSTETH-USD,2573.196044921875,2683.609375,2568.541259765625,2672.470947265625,35087393
2023-12-23,WSTETH-USD,2672.1474609375,2676.397705078125,2609.893798828125,2651.845458984375,27685175
2023-12-24,WSTETH-USD,2651.512939453125,2667.219482421875,2587.3564453125,2604.555419921875,39251441
2023-12-25,WSTETH-USD,2602.365234375,2641.259765625,2592.237548828125,2614.778564453125,35839120
2023-12-26,WSTETH-USD,2615.319091796875,2615.319091796875,2519.627197265625,2563.5791015625,36957216
2023-12-27,WSTETH-USD,2563.2275390625,2738.494873046875,2547.4697265625,2732.90966796875,38012118
2023-12-28,WSTETH-USD,2732.774169921875,2804.95703125,2693.417724609375,2699.8779296875,31599576
2023-12-29,WSTETH-USD,2700.33251953125,2738.7724609375,2608.642578125,2641.50927734375,35448689
2023-12-30,WSTETH-USD,2641.98193359375,2668.2158203125,2610.181640625,2636.317626953125,34069740
2023-12-31,WSTETH-USD,2635.70703125,2662.642333984375,2602.853271484375,2620.879638671875,22776299
2024-01-01,WSTETH-USD,2620.791748046875,2700.19775390625,2609.26025390625,2699.93017578125,30375713
2024-01-02,WSTETH-USD,2700.460693359375,2791.813232421875,2698.043701171875,2711.393310546875,56476118
2024-01-03,WSTETH-USD,2711.667236328125,2741.791015625,2520.621826171875,2544.400146484375,26103716
2024-01-04,WSTETH-USD,2544.65087890625,2629.440185546875,2538.8173828125,2619.5263671875,79320363
2024-01-05,WSTETH-USD,2619.5263671875,2619.5263671875,2563.419677734375,2594.958984375,42527153
2024-01-06,WSTETH-USD,2594.997314453125,2599.174560546875,2568.467529296875,2580.201416015625,16137072
2024-01-07,WSTETH-USD,2580.201416015625,2588.083251953125,2557.42919921875,2557.502197265625,31521760
2024-01-08,WSTETH-USD,2557.474609375,2702.524658203125,2513.27490234375,2689.700927734375,42940332
2024-01-09,WSTETH-USD,2689.71533203125,2690.426025390625,2602.5595703125,2659.14208984375,55656841
2024-01-10,WSTETH-USD,2659.227294921875,2955.341064453125,2659.171875,2953.135009765625,62533803
2024-01-11,WSTETH-USD,2951.25634765625,3062.420654296875,2950.549560546875,3004.68017578125,52636182
2024-01-12,WSTETH-USD,3004.916015625,3097.709228515625,2907.047607421875,2917.802734375,89294712
2024-01-13,WSTETH-USD,2918.125,2967.1982421875,2892.311279296875,2966.132080078125,15252283
2024-01-14,WSTETH-USD,2965.957763671875,2965.957763671875,2871.61474609375,2873.678466796875,26715968
2024-01-15,WSTETH-USD,2873.3671875,2923.345703125,2866.346923828125,2907.377685546875,32042364
2024-01-16,WSTETH-USD,2907.363037109375,2993.217041015625,2899.950439453125,2988.54052734375,24845620
2024-01-17,WSTETH-USD,2988.091552734375,2988.091552734375,2913.32763671875,2915.439208984375,64312093
2024-01-18,WSTETH-USD,2915.406982421875,2927.206298828125,2824.220703125,2840.3095703125,64464772
2024-01-19,WSTETH-USD,2840.30712890625,2869.1875,2819.99853515625,2867.996826171875,33581765
2024-01-20,WSTETH-USD,2867.996826171875,2868.076416015625,2840.171630859375,2848.508544921875,25599431
2024-01-21,WSTETH-USD,2848.508544921875,2856.97802734375,2840.36962890625,2840.390625,26350693
2024-01-22,WSTETH-USD,2840.341064453125,2840.995361328125,2682.2099609375,2682.2099609375,30860447
2024-01-23,WSTETH-USD,2682.329345703125,2697.847412109375,2521.933837890625,2573.829345703125,113929520
2024-01-24,WSTETH-USD,2575.757568359375,2590.439453125,2551.7373046875,2569.9296875,26614463
2024-01-25,WSTETH-USD,2569.518798828125,2574.52392578125,2529.791748046875,2558.73974609375,56613485
2024-01-26,WSTETH-USD,2558.58740234375,2619.484619140625,2547.491455078125,2610.435791015625,72594664
2024-01-27,WSTETH-USD,2610.435791015625,2621.257080078125,2608.4453125,2617.14208984375,28756695
2024-01-28,WSTETH-USD,2617.19384765625,2645.10986328125,2598.1201171875,2600.34912109375,46550232
2024-01-29,WSTETH-USD,2600.34912109375,2667.06787109375,2598.775146484375,2667.009521484375,63201361
2024-01-30,WSTETH-USD,2667.158447265625,2748.1435546875,2660.6865234375,2721.58349609375,16904827
2024-01-31,WSTETH-USD,2721.73095703125,2721.85791015625,2645.215576171875,2645.65869140625,56584532
2024-02-01,WSTETH-USD,2645.65869140625,2658.9208984375,2607.392333984375,2654.5205078125,32596737
2024-02-02,WSTETH-USD,2654.5205078125,2672.9580078125,2652.75,2661.02099609375,53054309
2024-02-03,WSTETH-USD,2661.02099609375,2681.287353515625,2656.4814453125,2656.4814453125,59878520
2024-02-04,WSTETH-USD,2656.567626953125,2663.16162109375,2643.260009765625,2648.878173828125,69168718
2024-02-05,WSTETH-USD,2648.890625,2688.734619140625,2637.11328125,2653.73486328125,68120266
2024-02-06,WSTETH-USD,2653.73486328125,2750.7919921875,2653.73486328125,2747.02001953125,32967605
2024-02-07,WSTETH-USD,2747.02001953125,2801.62060546875,2728.26904296875,2799.220458984375,43197950
2024-02-08,WSTETH-USD,2799.216552734375,2820.87646484375,2796.8857421875,2804.811767578125,29426895
2024-02-09,WSTETH-USD,2804.861572265625,2896.396728515625,2802.07666015625,2880.625732421875,59186126
2024-02-10,WSTETH-USD,2880.5498046875,2897.99658203125,2877.339111328125,2885.860107421875,26982440
2024-02-11,WSTETH-USD,2885.890869140625,2915.326416015625,2884.712158203125,2896.8671875,19559166
2024-02-12,WSTETH-USD,2896.8671875,3052.53955078125,2872.853271484375,3051.88525390625,39454601
2024-02-13,WSTETH-USD,3051.88525390625,3091.2998046875,3033.958740234375,3045.23193359375,77621004
2024-02-14,WSTETH-USD,3045.501708984375,3202.702880859375,3041.078857421875,3202.522705078125,277236788
2024-02-15,WSTETH-USD,3202.522705078125,3271.45654296875,3202.0458984375,3264.74267578125,60731352
2024-02-16,WSTETH-USD,3264.764404296875,3288.571533203125,3214.79931640625,3228.717041015625,28462829
2024-02-17,WSTETH-USD,3230.24951171875,3230.710205078125,3177.1376953125,3211.062255859375,40505083
2024-02-18,WSTETH-USD,3211.184326171875,3321.949462890625,3211.184326171875,3321.4541015625,32029887
2024-02-19,WSTETH-USD,3321.495361328125,3407.695556640625,3318.08935546875,3397.0439453125,54818838
2024-02-20,WSTETH-USD,3399.58056640625,3473.536865234375,3369.203857421875,3471.112060546875,37620474
2024-02-21,WSTETH-USD,3471.111083984375,3473.5849609375,3354.737060546875,3409.475341796875,70070059
2024-02-22,WSTETH-USD,3409.475341796875,3474.216064453125,3379.17138671875,3447.21337890625,54828960
2024-02-23,WSTETH-USD,3447.416015625,3451.062744140625,3386.567138671875,3393.30029296875,34235970
2024-02-24,WSTETH-USD,3393.30029296875,3459.5537109375,3380.1904296875,3459.037109375,30366231
2024-02-25,WSTETH-USD,3459.037109375,3591.39453125,3457.588623046875,3591.39453125,38116932
2024-02-26,WSTETH-USD,3591.248779296875,3681.11767578125,3550.467529296875,3677.385986328125,37940396
2024-02-27,WSTETH-USD,3677.397216796875,3778.52001953125,3675.945556640625,3760.528076171875,101072091
2024-02-28,WSTETH-USD,3760.3818359375,3932.508544921875,3752.737548828125,3871.669921875,56237656
2024-02-29,WSTETH-USD,3870.76025390625,4041.320068359375,3870.736083984375,3891.24560546875,29206056
2024-03-01,WSTETH-USD,3891.24560546875,3978.017333984375,3891.14794921875,3975.230712890625,35159195
2024-03-02,WSTETH-USD,3975.22998046875,3980.98193359375,3950.318359375,3954.52783203125,73973969
2024-03-03,WSTETH-USD,3954.53271484375,4026.832275390625,3941.973876953125,4024.9921875,26550235
2024-03-04,WSTETH-USD,4026.486328125,4166.58251953125,4020.296875,4159.47705078125,35668766
2024-03-05,WSTETH-USD,4159.47705078125,4388.11474609375,3933.350341796875,4090.765869140625,49104001
2024-03-06,WSTETH-USD,4090.765869140625,4472.0126953125,4085.0263671875,4425.8564453125,55664644
2024-03-07,WSTETH-USD,4425.8564453125,4514.52392578125,4372.97607421875,4476.52880859375,30139807
2024-03-08,WSTETH-USD,4476.52880859375,4592.26220703125,4476.52880859375,4522.48291015625,67242443
2024-03-09,WSTETH-USD,4522.48291015625,4563.896484375,4519.2275390625,4534.20361328125,30482591
2024-03-10,WSTETH-USD,4534.20361328125,4577.7099609375,4481.35693359375,4496.9912109375,67470048
2024-03-11,WSTETH-USD,4496.9912109375,4701.43212890625,4444.9990234375,4700.82177734375,57664748
2024-03-12,WSTETH-USD,4700.900390625,4709.77197265625,4568.82568359375,4593.42431640625,77631337
2024-03-13,WSTETH-USD,4593.42431640625,4701.05126953125,4593.42431640625,4633.53515625,67460952
2024-03-14,WSTETH-USD,4633.45458984375,4637.7041015625,4431.44189453125,4485.3271484375,47352952
2024-03-15,WSTETH-USD,4485.3271484375,4521.80322265625,4227.92578125,4292.9306640625,127608240
2024-03-16,WSTETH-USD,4292.9306640625,4343.365234375,4083.125244140625,4085.8154296875,40494698
2024-03-17,WSTETH-USD,4085.760009765625,4215.63232421875,4018.722900390625,4214.39013671875,48244794
2024-03-18,WSTETH-USD,4219.94677734375,4219.94677734375,4045.848876953125,4077.546142578125,59883970
2024-03-19,WSTETH-USD,4077.748046875,4084.28955078125,3725.8125,3725.8125,61906368
2024-03-20,WSTETH-USD,3725.8125,4038.566162109375,3589.477783203125,4035.57568359375,85283609
2024-03-21,WSTETH-USD,4035.4345703125,4114.8564453125,3984.0859375,4043.640380859375,62236878
2024-03-22,WSTETH-USD,4043.584228515625,4085.783203125,3803.3359375,3832.034423828125,64516747
2024-03-23,WSTETH-USD,3832.291015625,3952.443115234375,3832.291015625,3911.8984375,27652234
2024-03-24,WSTETH-USD,3911.872314453125,3978.086181640625,3855.0693359375,3976.968994140625,49469472
2024-03-25,WSTETH-USD,3976.986328125,4215.37890625,3970.05615234375,4179.240234375,47909505
2024-03-26,WSTETH-USD,4179.240234375,4238.6220703125,4147.203125,4163.58740234375,61401030
2024-03-27,WSTETH-USD,4163.58740234375,4196.11376953125,4055.157958984375,4058.99267578125,112899742
2024-03-28,WSTETH-USD,4059.66064453125,4159.58740234375,4042.4453125,4131.154296875,86152630
2024-03-29,WSTETH-USD,4131.138671875,4140.7763671875,4042.8916015625,4067.616455078125,32684756
2024-03-30,WSTETH-USD,4067.616455078125,4119.0478515625,4057.288818359375,4063.94189453125,45996953
2024-03-31,WSTETH-USD,4063.94189453125,4211.34423828125,4063.94189453125,4210.57861328125,41889038
2024-04-01,WSTETH-USD,4210.6767578125,4212.1494140625,3982.88330078125,4063.40673828125,42855711
2024-04-02,WSTETH-USD,4063.40185546875,4063.40185546875,3783.705810546875,3806.5537109375,44243997
2024-04-03,WSTETH-USD,3806.369140625,3875.03369140625,3772.82275390625,3846.466552734375,36922493
2024-04-04,WSTETH-USD,3846.466552734375,3943.565185546875,3802.2607421875,3856.53466796875,32274325
2024-04-05,WSTETH-USD,3856.53466796875,3863.772216796875,3763.5087890625,3856.486572265625,28766052
2024-04-06,WSTETH-USD,3856.486572265625,3905.77197265625,3853.585693359375,3897.355712890625,21835974
2024-04-07,WSTETH-USD,3897.7763671875,3970.25634765625,3891.947265625,3969.8271484375,27454949
2024-04-08,WSTETH-USD,3969.8271484375,4296.11328125,3966.253662109375,4287.15576171875,44486757
2024-04-09,WSTETH-USD,4287.15576171875,4294.78076171875,4053.002197265625,4068.378662109375,53330070
2024-04-10,WSTETH-USD,4068.378662109375,4100.6953125,4026.25,4099.22314453125,39825305
2024-04-11,WSTETH-USD,4099.22314453125,4170.6376953125,4070.83544921875,4072.497802734375,45738069
2024-04-12,WSTETH-USD,4072.497802734375,4110.9755859375,3730.796630859375,3747.402099609375,48893906
2024-04-13,WSTETH-USD,3747.402099609375,3799.68701171875,3370.168701171875,3509.793701171875,127907172
2024-04-14,WSTETH-USD,3509.629638671875,3667.101318359375,3415.9365234375,3665.946044921875,91067341
2024-04-15,WSTETH-USD,3666.02392578125,3768.739990234375,3583.048583984375,3605.697021484375,49343706
2024-04-16,WSTETH-USD,3605.697021484375,3606.24853515625,3524.07275390625,3584.171630859375,55577089
2024-04-17,WSTETH-USD,3584.171630859375,3602.589111328125,3431.221923828125,3477.0546875,49499354
2024-04-18,WSTETH-USD,3477.0546875,3577.41455078125,3456.354736328125,3562.7763671875,83973643
2024-04-19,WSTETH-USD,3562.7763671875,3611.992919921875,3396.426025390625,3553.547607421875,110373199
2024-04-20,WSTETH-USD,3552.74072265625,3666.982666015625,3533.02392578125,3666.546875,38778335
2024-04-21,WSTETH-USD,3666.546875,3693.683837890625,3651.905517578125,3662.97607421875,71789122
2024-04-22,WSTETH-USD,3662.97607421875,3740.931884765625,3658.453369140625,3723.74462890625,85916384
2024-04-23,WSTETH-USD,3723.74462890625,3763.36083984375,3690.5166015625,3737.920166015625,108678632
2024-04-24,WSTETH-USD,3737.920166015625,3804.63232421875,3641.166748046875,3646.669677734375,103927764
2024-04-25,WSTETH-USD,3646.669677734375,3687.173828125,3597.322509765625,3675.96044921875,112034137
2024-04-26,WSTETH-USD,3675.975341796875,3676.594482421875,3631.657958984375,3643.348388671875,109955517
2024-04-27,WSTETH-USD,3643.348388671875,3775.647216796875,3598.8095703125,3775.05908203125,85167686
2024-04-28,WSTETH-USD,3774.9111328125,3873.61865234375,3774.681640625,3821.5732421875,98346807
2024-04-29,WSTETH-USD,3821.5732421875,3825.5263671875,3656.06396484375,3724.08251953125,158750420
2024-04-30,WSTETH-USD,3724.08251953125,3760.889404296875,3436.176025390625,3492.162109375,83004609
2024-05-01,WSTETH-USD,3492.162109375,3502.337890625,3324.486083984375,3448.018798828125,89486910
2024-05-02,WSTETH-USD,3448.018798828125,3491.263427734375,3395.378173828125,3484.9716796875,86024731
2024-05-03,WSTETH-USD,3484.9716796875,3622.150634765625,3466.7822265625,3618.671875,28519063
2024-05-04,WSTETH-USD,3618.671875,3663.361328125,3613.5244140625,3633.56640625,62911767
2024-05-05,WSTETH-USD,3633.457275390625,3668.384033203125,3597.9453125,3654.896240234375,43681546
2024-05-06,WSTETH-USD,3654.896240234375,3729.451416015625,3573.597900390625,3579.996337890625,85957944
2024-05-07,WSTETH-USD,3579.996337890625,3615.87060546875,3532.712158203125,3532.712158203125,44239931
2024-05-08,WSTETH-USD,3532.712158203125,3532.712158203125,3454.840087890625,3460.035888671875,62000179
2024-05-09,WSTETH-USD,3459.914306640625,3533.891357421875,3459.914306640625,3533.891357421875,59603375
2024-05-10,WSTETH-USD,3533.891357421875,3540.63134765625,3377.522216796875,3383.5419921875,90271912
2024-05-11,WSTETH-USD,3383.5419921875,3412.57568359375,3383.5419921875,3399.405517578125,31998153
2024-05-12,WSTETH-USD,3399.405517578125,3424.088623046875,3396.7138671875,3413.48681640625,19825147
2024-05-13,WSTETH-USD,3413.4951171875,3463.676513671875,3359.310791015625,3438.044189453125,49096666
2024-05-14,WSTETH-USD,3438.044189453125,3443.75732421875,3365.17919921875,3367.268310546875,44107499
2024-05-15,WSTETH-USD,3367.25146484375,3525.10009765625,3358.3984375,3525.10009765625,55923650
2024-05-16,WSTETH-USD,3525.0888671875,3526.771728515625,3421.27685546875,3427.347412109375,51674507
2024-05-17,WSTETH-USD,3427.347412109375,3614.69970703125,3427.347412109375,3599.86474609375,67123975
2024-05-18,WSTETH-USD,3599.86474609375,3651.894775390625,3599.86474609375,3636.71337890625,24605973
2024-05-19,WSTETH-USD,3636.71337890625,3645.879150390625,3579.531982421875,3585.01708984375,47620512
2024-05-20,WSTETH-USD,3585.01708984375,4250.80224609375,3575.40234375,4248.64453125,35584255
2024-05-21,WSTETH-USD,4248.64453125,4402.3310546875,4248.57958984375,4401.74462890625,76116018
2024-05-22,WSTETH-USD,4401.60546875,4428.560546875,4298.4296875,4368.62255859375,42924399
2024-05-23,WSTETH-USD,4368.62255859375,4531.4462890625,4360.66064453125,4400.1396484375,45914171
2024-05-24,WSTETH-USD,4400.2197265625,4440.505859375,4280.06494140625,4355.759765625,70932988
2024-05-25,WSTETH-USD,4355.759765625,4380.14208984375,4344.740234375,4372.80126953125,35570129
2024-05-26,WSTETH-USD,4372.80126953125,4494.81982421875,4368.65673828125,4477.130859375,30055571
2024-05-27,WSTETH-USD,4477.130859375,4607.71533203125,4474.693359375,4550.50634765625,38260368
2024-05-28,WSTETH-USD,4550.810546875,4553.51416015625,4455.6123046875,4488.49072265625,24671714
2024-05-29,WSTETH-USD,4488.49072265625,4504.34423828125,4381.4482421875,4395.7138671875,30535781
2024-05-30,WSTETH-USD,4395.7138671875,4426.96337890625,4351.18017578125,4379.435546875,29039522
2024-05-31,WSTETH-USD,4375.9130859375,4441.85791015625,4361.35205078125,4397.51708984375,22425091
2024-06-01,WSTETH-USD,4397.51708984375,4448.3515625,4394.1494140625,4447.99853515625,24258676
2024-06-02,WSTETH-USD,4447.99853515625,4453.7744140625,4406.072265625,4415.73291015625,31122142
2024-06-03,WSTETH-USD,4415.73291015625,4467.09375,4401.11767578125,4403.34033203125,51074631
2024-06-04,WSTETH-USD,4403.56201171875,4459.0751953125,4391.642578125,4453.1748046875,72575018
2024-06-05,WSTETH-USD,4453.1748046875,4491.501953125,4439.14453125,4491.501953125,21092902
2024-06-06,WSTETH-USD,4491.5654296875,4522.20703125,4449.72802734375,4450.5947265625,62477351
2024-06-07,WSTETH-USD,4450.5947265625,4461.98681640625,4289.1552734375,4304.828125,41330595
2024-06-08,WSTETH-USD,4305.140625,4315.791015625,4295.83203125,4297.62744140625,23184868
2024-06-09,WSTETH-USD,4297.62744140625,4322.90625,4293.6708984375,4321.37548828125,7663630
2024-06-10,WSTETH-USD,4321.36865234375,4322.5439453125,4282.6474609375,4286.728515625,55101679
2024-06-11,WSTETH-USD,4286.79345703125,4287.06494140625,4031.88916015625,4083.625,76593932
2024-06-12,WSTETH-USD,4083.625,4192.8193359375,4073.741943359375,4158.79248046875,20291656
2024-06-13,WSTETH-USD,4158.79248046875,4160.68212890625,4034.78564453125,4056.41064453125,30612216
2024-06-14,WSTETH-USD,4056.41064453125,4115.40771484375,3956.14501953125,4067.946044921875,36721145
2024-06-15,WSTETH-USD,4067.946044921875,4165.03515625,4066.599609375,4161.822265625,18827474
2024-06-16,WSTETH-USD,4161.6650390625,4224.09619140625,4151.72314453125,4222.64990234375,24236666
2024-06-17,WSTETH-USD,4222.64990234375,4230.72216796875,4103.17529296875,4123.26123046875,48432525
2024-06-18,WSTETH-USD,4123.26123046875,4123.634765625,3968.722900390625,4063.096435546875,34149759
2024-06-19,WSTETH-USD,4063.12451171875,4168.58154296875,4061.72607421875,4163.71923828125,60850817
2024-06-20,WSTETH-USD,4163.71923828125,4203.65966796875,4107.82470703125,4113.7978515625,40019567
2024-06-21,WSTETH-USD,4113.7978515625,4117.18798828125,4072.3544921875,4114.365234375,49350555
2024-06-22,WSTETH-USD,4114.34765625,4114.35107421875,4081.8623046875,4091.072021484375,37282169
2024-06-23,WSTETH-USD,4091.068115234375,4105.806640625,4033.189697265625,4033.463134765625,24233021
2024-06-24,WSTETH-USD,4033.4912109375,4033.889892578125,3833.187744140625,3904.3642578125,48324011
2024-06-25,WSTETH-USD,3904.25146484375,3991.609130859375,3900.828369140625,3979.301025390625,35052541
2024-06-26,WSTETH-USD,3979.320556640625,3991.66259765625,3927.551513671875,3949.112060546875,51332943
2024-06-27,WSTETH-USD,3949.112060546875,4042.180419921875,3942.115478515625,4030.78515625,117494322
2024-06-28,WSTETH-USD,4030.82421875,4047.344970703125,3948.037353515625,3949.6025390625,54797922
2024-06-29,WSTETH-USD,3949.678466796875,3974.162353515625,3949.42333984375,3951.86376953125,39731605
2024-06-30,WSTETH-USD,3951.865234375,4020.18505859375,3933.18896484375,4018.111328125,56850167
2024-07-01,WSTETH-USD,4018.009765625,4089.342041015625,4017.712890625,4038.764404296875,42079468
2024-07-02,WSTETH-USD,4038.763671875,4044.474609375,3992.151123046875,4004.573974609375,39789301
2024-07-03,WSTETH-USD,4004.575439453125,4007.364013671875,3835.282470703125,3859.605224609375,74756570
2024-07-04,WSTETH-USD,3859.57373046875,3868.3193359375,3635.18017578125,3635.18017578125,59530368
2024-07-05,WSTETH-USD,3633.39453125,3633.39453125,3336.396240234375,3490.321044921875,76389795
2024-07-06,WSTETH-USD,3490.33154296875,3591.269287109375,3475.83984375,3590.188232421875,36994256
2024-07-07,WSTETH-USD,3590.239013671875,3590.3701171875,3445.447265625,3445.62353515625,38700320
2024-07-08,WSTETH-USD,3445.628662109375,3572.658203125,3338.14794921875,3538.98193359375,40913535
2024-07-09,WSTETH-USD,3539.03369140625,3614.120849609375,3535.0361328125,3590.563720703125,32878910
2024-07-10,WSTETH-USD,3590.5498046875,3654.1240234375,3571.76025390625,3634.512939453125,37412465
2024-07-11,WSTETH-USD,3634.512939453125,3714.665771484375,3609.14892578125,3634.645263671875,31569112
2024-07-12,WSTETH-USD,3634.721435546875,3682.38818359375,3594.208251953125,3663.20703125,35398808
2024-07-13,WSTETH-USD,3663.264404296875,3720.29736328125,3658.198486328125,3717.342529296875,37181088
2024-07-14,WSTETH-USD,3716.960205078125,3811.1806640625,3716.152099609375,3809.1318359375,16499320
2024-07-15,WSTETH-USD,3808.676513671875,4073.8037109375,3800.88232421875,4073.8037109375,47336984
2024-07-16,WSTETH-USD,4073.7509765625,4077.88623046875,3967.86376953125,4046.47216796875,42487501
2024-07-17,WSTETH-USD,4046.35546875,4085.387451171875,3983.42333984375,3983.551025390625,44600124
2024-07-18,WSTETH-USD,3983.65771484375,4060.392578125,3977.30712890625,4009.17822265625,20254910
2024-07-19,WSTETH-USD,4009.17822265625,4122.39013671875,3984.054443359375,4115.6650390625,26758613
2024-07-20,WSTETH-USD,4115.6650390625,4122.51123046875,4093.438720703125,4120.9345703125,25660821
2024-07-21,WSTETH-USD,4120.9345703125,4130.09716796875,4084.108154296875,4129.30322265625,19084356
2024-07-22,WSTETH-USD,4129.30322265625,4139.64990234375,4050.296142578125,4050.467529296875,30060868
2024-07-23,WSTETH-USD,4050.467529296875,4124.56005859375,4027.141357421875,4079.671630859375,25279413
2024-07-24,WSTETH-USD,4079.6240234375,4081.272705078125,3918.994384765625,3921.999755859375,29743186
2024-07-25,WSTETH-USD,3921.97998046875,3922.51025390625,3657.90234375,3723.867431640625,57994031
2024-07-26,WSTETH-USD,3723.867431640625,3840.6552734375,3723.720703125,3840.6552734375,28361283
2024-07-27,WSTETH-USD,3840.6552734375,3878.673095703125,3802.4658203125,3830.001708984375,16893067
2024-07-28,WSTETH-USD,3829.947998046875,3838.060546875,3781.35693359375,3834.0546875,33603708
2024-07-29,WSTETH-USD,3834.0546875,3971.929931640625,3833.638671875,3903.012451171875,30988491
2024-07-30,WSTETH-USD,3902.886474609375,3926.509765625,3838.041259765625,3844.78662109375,15030851
2024-07-31,WSTETH-USD,3844.78662109375,3905.80322265625,3792.78271484375,3793.66064453125,29674091
2024-08-01,WSTETH-USD,3793.66064453125,3799.5849609375,3633.83251953125,3726.099609375,41763433
2024-08-02,WSTETH-USD,3726.099609375,3758.56201171875,3510.802734375,3512.0126953125,51783267
2024-08-03,WSTETH-USD,3512.0126953125,3526.537353515625,3388.728759765625,3411.03466796875,46002228
2024-08-04,WSTETH-USD,3411.03466796875,3422.52587890625,3163.842041015625,3178.63671875,52767716
2024-08-05,WSTETH-USD,3178.588134765625,3178.5966796875,2562.353515625,2856.220458984375,206861073
2024-08-06,WSTETH-USD,2856.220458984375,2973.5087890625,2852.783935546875,2885.568603515625,44730461
2024-08-07,WSTETH-USD,2885.568603515625,2974.221923828125,2741.774658203125,2756.470947265625,40574342
2024-08-08,WSTETH-USD,2756.470947265625,3159.783203125,2747.414306640625,3155.78369140625,52821843
2024-08-09,WSTETH-USD,3155.575439453125,3160.27294921875,3033.54443359375,3048.635498046875,38090810
2024-08-10,WSTETH-USD,3048.635498046875,3094.2197265625,3043.56982421875,3063.110107421875,33741546
2024-08-11,WSTETH-USD,3063.230712890625,3173.58447265625,3005.92578125,3005.92578125,48414276
2024-08-12,WSTETH-USD,3005.92578125,3189.282958984375,2982.354248046875,3189.282958984375,27866781
2024-08-13,WSTETH-USD,3189.282958984375,3199.279296875,3091.50439453125,3182.62548828125,64492047
2024-08-14,WSTETH-USD,3182.62548828125,3234.092041015625,3121.1171875,3131.70654296875,28916176
2024-08-15,WSTETH-USD,3131.72705078125,3137.205810546875,2982.692138671875,3024.468994140625,67670167
2024-08-16,WSTETH-USD,3024.28759765625,3082.792724609375,3015.31298828125,3052.54443359375,26103516
2024-08-17,WSTETH-USD,3052.631103515625,3074.268798828125,3049.93115234375,3068.55078125,22628932
2024-08-18,WSTETH-USD,3068.55078125,3140.810302734375,3063.683349609375,3100.49072265625,12216217
2024-08-19,WSTETH-USD,3101.58203125,3106.808349609375,3030.185546875,3082.21533203125,29841352
2024-08-20,WSTETH-USD,3092.767578125,3148.134521484375,3031.04248046875,3042.61572265625,41396771
2024-08-21,WSTETH-USD,3035.554931640625,3108.5751953125,3018.832763671875,3094.515625,36715326
2024-08-22,WSTETH-USD,3094.515625,3103.7607421875,3060.856689453125,3085.99853515625,38862394
2024-08-23,WSTETH-USD,3085.99853515625,3269.302978515625,3085.99853515625,3252.781005859375,45128530
2024-08-24,WSTETH-USD,3252.84521484375,3292.87255859375,3236.64697265625,3247.701171875,36088487
2024-08-25,WSTETH-USD,3247.701171875,3269.032958984375,3230.1162109375,3246.270263671875,23283269
2024-08-26,WSTETH-USD,3246.270263671875,3247.677978515625,3155.50634765625,3160.667236328125,18205696
2024-08-27,WSTETH-USD,3160.667236328125,3168.698974609375,2881.83447265625,2896.234375,35141763
2024-08-28,WSTETH-USD,2896.229248046875,2983.6796875,2863.47998046875,2974.583984375,27783512
2024-08-29,WSTETH-USD,2974.583984375,3035.88525390625,2967.643798828125,2972.18212890625,32313135
2024-08-30,WSTETH-USD,2972.23681640625,2974.497802734375,2886.31689453125,2970.922119140625,21192704
2024-08-31,WSTETH-USD,2970.92236328125,2973.671875,2948.154052734375,2959.7314453125,16407363
2024-09-01,WSTETH-USD,2959.70458984375,2960.1845703125,2872.95263671875,2877.119873046875,17147891
2024-09-02,WSTETH-USD,2877.12255859375,2991.25048828125,2866.898193359375,2989.869873046875,33731735
2024-09-03,WSTETH-USD,2989.55322265625,2993.563720703125,2875.209228515625,2875.209228515625,21081113
2024-09-04,WSTETH-USD,2875.10400390625,2895.688232421875,2763.231689453125,2888.7109375,42629491
2024-09-05,WSTETH-USD,2888.7548828125,2895.782958984375,2785.81396484375,2787.32666015625,26177535
2024-09-06,WSTETH-USD,2787.28271484375,2823.038330078125,2576.906982421875,2612.248779296875,43205738
2024-09-07,WSTETH-USD,2612.248779296875,2703.21337890625,2612.0458984375,2675.8173828125,29851398
2024-09-08,WSTETH-USD,2675.8173828125,2710.801025390625,2659.205078125,2706.32421875,16963243
2024-09-09,WSTETH-USD,2706.32421875,2770.12890625,2696.799072265625,2768.299072265625,20852604
2024-09-10,WSTETH-USD,2768.299072265625,2812.34521484375,2748.807373046875,2812.0771484375,18260942
2024-09-11,WSTETH-USD,2812.0771484375,2812.10400390625,2711.1279296875,2758.01318359375,20296398
2024-09-12,WSTETH-USD,2758.01318359375,2790.693359375,2748.13818359375,2778.740478515625,24306712
2024-09-13,WSTETH-USD,2778.74072265625,2874.627197265625,2759.00927734375,2872.799560546875,15411121
2024-09-14,WSTETH-USD,2872.720458984375,2876.309814453125,2838.030029296875,2846.310791015625,9657792
2024-09-15,WSTETH-USD,2846.310302734375,2853.31494140625,2740.525390625,2742.528564453125,13916154
2024-09-16,WSTETH-USD,2742.63037109375,2742.667236328125,2674.580322265625,2698.107177734375,13575639
2024-09-17,WSTETH-USD,2698.107421875,2776.413818359375,2684.507080078125,2754.806396484375,14575604
2024-09-18,WSTETH-USD,2754.901611328125,2758.89306640625,2706.602783203125,2758.479248046875,12638227
2024-09-19,WSTETH-USD,2758.916259765625,2909.232666015625,2758.916259765625,2906.322265625,21024216
2024-09-20,WSTETH-USD,2906.322265625,3010.27197265625,2887.43994140625,3006.41015625,14345698
2024-09-21,WSTETH-USD,3006.41015625,3052.615234375,2995.30078125,3052.546142578125,12478950
2024-09-22,WSTETH-USD,3052.818359375,3067.859619140625,3021.37548828125,3043.7666015625,14181119
2024-09-23,WSTETH-USD,3043.72998046875,3152.131103515625,3027.633544921875,3123.583740234375,19255298
2024-09-24,WSTETH-USD,3123.583740234375,3130.451416015625,3079.755126953125,3126.158447265625,40741524
2024-09-25,WSTETH-USD,3126.160888671875,3126.912841796875,3032.364501953125,3037.19873046875,27450348
2024-09-26,WSTETH-USD,3037.19873046875,3120.777099609375,3028.653564453125,3105.31640625,40255368
2024-09-27,WSTETH-USD,3105.295166015625,3189.143798828125,3091.7001953125,3181.9189453125,24267185
2024-09-28,WSTETH-USD,3181.9189453125,3182.95458984375,3141.837890625,3155.396484375,27624915
2024-09-29,WSTETH-USD,3155.40380859375,3157.838134765625,3118.789306640625,3135.82763671875,20091500
2024-09-30,WSTETH-USD,3135.82763671875,3136.43994140625,3062.615478515625,3071.45361328125,16960749
2024-10-01,WSTETH-USD,3071.469970703125,3117.0576171875,2890.87646484375,2894.6337890625,22133105
2024-10-02,WSTETH-USD,2894.551025390625,2934.9130859375,2793.30810546875,2797.4111328125,20237225
2024-10-03,WSTETH-USD,2797.406982421875,2826.13623046875,2745.95751953125,2771.68115234375,20378719
2024-10-04,WSTETH-USD,2772.176513671875,2863.097412109375,2766.674072265625,2853.161865234375,17895883
2024-10-05,WSTETH-USD,2853.017822265625,2860.336669921875,2829.825927734375,2849.71240234375,9722170
2024-10-06,WSTETH-USD,2849.71240234375,2887.748291015625,2845.073486328125,2878.40625,12895295
2024-10-07,WSTETH-USD,2878.38134765625,2945.543212890625,2871.1943359375,2871.1943359375,12673511
2024-10-08,WSTETH-USD,2871.1494140625,2888.02880859375,2859.0166015625,2884.559326171875,13794987
2024-10-09,WSTETH-USD,2879.48046875,2892.2900390625,2826.214111328125,2826.220947265625,12163234
2024-10-10,WSTETH-USD,2797.62841796875,2836.062255859375,2788.837646484375,2805.14453125,15226641
2024-10-11,WSTETH-USD,2805.14453125,2898.252685546875,2805.14453125,2887.984375,13998605
2024-10-12,WSTETH-USD,2888.000732421875,2928.3466796875,2881.10302734375,2926.6435546875,16892240
2024-10-13,WSTETH-USD,2926.6435546875,2928.041015625,2897.84814453125,2912.353759765625,11129737
2024-10-14,WSTETH-USD,2912.400634765625,3113.294677734375,2900.895751953125,3104.609130859375,57103302
2024-10-15,WSTETH-USD,3104.589599609375,3110.737060546875,3045.015625,3061.166748046875,22708091
2024-10-16,WSTETH-USD,3064.510009765625,3106.445068359375,3064.15625,3088.05908203125,45982424
2024-10-17,WSTETH-USD,3088.05908203125,3108.23486328125,3070.644287109375,3076.52978515625,30068862
2024-10-18,WSTETH-USD,3076.52978515625,3131.9912109375,3073.1806640625,3119.982421875,36280535
2024-10-19,WSTETH-USD,3119.979736328125,3131.408203125,3116.922607421875,3128.659912109375,20360117
2024-10-20,WSTETH-USD,3128.659912109375,3226.474853515625,3118.60302734375,3226.474853515625,13621402
2024-10-21,WSTETH-USD,3237.74560546875,3252.187255859375,3150.003662109375,3155.775146484375,31930411
2024-10-22,WSTETH-USD,3155.697265625,3156.843505859375,3093.877197265625,3100.771240234375,56004227
2024-10-23,WSTETH-USD,3100.771240234375,3101.46728515625,2939.251953125,2963.72509765625,16257574
2024-10-24,WSTETH-USD,2974.377197265625,3017.287841796875,2966.5322265625,2995.423583984375,22297791
2024-10-25,WSTETH-USD,2994.931884765625,3011.509765625,2879.7626953125,2881.5400390625,17490971
2024-10-26,WSTETH-USD,2881.75439453125,2937.9873046875,2880.550048828125,2935.482177734375,25172011
2024-10-27,WSTETH-USD,2935.450439453125,2959.94287109375,2914.565185546875,2959.03662109375,13905542
2024-10-28,WSTETH-USD,2958.905517578125,3018.529296875,2933.393310546875,3016.104248046875,18852806
2024-10-29,WSTETH-USD,3016.104248046875,3138.347412109375,3014.86669921875,3115.633544921875,49220878
2024-10-30,WSTETH-USD,3116.076171875,3186.20361328125,3091.970947265625,3147.4443359375,23797163
2024-10-31,WSTETH-USD,3147.42138671875,3151.0791015625,2979.500732421875,2983.6767578125,15587613
2024-11-01,WSTETH-USD,2983.665283203125,3038.0009765625,2954.6611328125,2972.090576171875,17457400
2024-11-02,WSTETH-USD,2972.0830078125,2977.297607421875,2939.495361328125,2946.673583984375,20019531
2024-11-03,WSTETH-USD,2946.673583984375,2949.32275390625,2869.103515625,2913.95458984375,20134521
2024-11-04,WSTETH-USD,2907.965576171875,2929.369384765625,2826.120361328125,2840.152099609375,17021935
2024-11-05,WSTETH-USD,2840.152099609375,2910.316650390625,2830.09521484375,2871.923828125,24580873
2024-11-06,WSTETH-USD,2871.906005859375,3212.163330078125,2870.801513671875,3210.84423828125,43927874
2024-11-07,WSTETH-USD,3217.85888671875,3438.0068359375,3201.027587890625,3404.36669921875,45369881
2024-11-08,WSTETH-USD,3421.502685546875,3500.576171875,3421.502685546875,3499.197998046875,35593864
2024-11-09,WSTETH-USD,3501.358154296875,3691.5126953125,3501.358154296875,3686.1318359375,28940005
2024-11-10,WSTETH-USD,3689.101318359375,3817.9365234375,3683.23876953125,3775.901123046875,50587145
2024-11-11,WSTETH-USD,3776.122802734375,3966.9716796875,3715.686767578125,3966.592529296875,28551753
2024-11-12,WSTETH-USD,3966.592529296875,4015.02490234375,3838.328857421875,3861.757080078125,40761703
2024-11-13,WSTETH-USD,3861.757080078125,3908.501953125,3736.318115234375,3766.29638671875,22870561
2024-11-14,WSTETH-USD,3766.29638671875,3821.478759765625,3633.11865234375,3635.195068359375,28511743
2024-11-15,WSTETH-USD,3635.3359375,3680.48095703125,3588.982421875,3670.0048828125,24600437
2024-11-16,WSTETH-USD,3667.40087890625,3766.342529296875,3648.294921875,3713.60693359375,30364870
2024-11-17,WSTETH-USD,3713.574462890625,3730.6298828125,3634.014404296875,3641.56005859375,19602933
2024-11-18,WSTETH-USD,3641.56005859375,3773.9169921875,3633.462158203125,3773.46337890625,42750443
2024-11-19,WSTETH-USD,3772.8935546875,3778.5419921875,3661.573486328125,3686.515380859375,35435751
2024-11-20,WSTETH-USD,3686.5068359375,3702.120849609375,3615.8076171875,3638.76171875,33058792
2024-11-21,WSTETH-USD,3638.7646484375,3988.907470703125,3624.142578125,3988.047607421875,39412258
2024-11-22,WSTETH-USD,3987.979248046875,4018.572509765625,3895.1201171875,3935.0224609375,22029470
2024-11-23,WSTETH-USD,3935.0224609375,4079.63427734375,3931.6591796875,4031.64013671875,20813198
2024-11-24,WSTETH-USD,4031.905029296875,4067.241455078125,3930.38427734375,3982.3798828125,18605946
2024-11-25,WSTETH-USD,3982.3798828125,4155.73095703125,3954.921630859375,4065.29248046875,29514277
2024-11-26,WSTETH-USD,4065.29248046875,4088.119873046875,3904.06201171875,3943.310791015625,21681667
2024-11-27,WSTETH-USD,3943.330810546875,4341.40625,3929.804443359375,4334.54296875,30567272
2024-11-28,WSTETH-USD,4334.25537109375,4334.3583984375,4207.37353515625,4247.1884765625,20946889
2024-11-29,WSTETH-USD,4247.1884765625,4294.96728515625,4209.6650390625,4262.7744140625,18606470
2024-11-30,WSTETH-USD,4262.58984375,4405.51904296875,4253.43115234375,4398.76904296875,32502177
2024-12-01,WSTETH-USD,4398.76904296875,4419.6337890625,4351.4716796875,4407.64013671875,19527434
2024-12-02,WSTETH-USD,4406.302734375,4429.775390625,4247.49560546875,4304.7021484375,39828336
2024-12-03,WSTETH-USD,4304.7021484375,4338.10986328125,4219.8134765625,4294.11181640625,45198552
2024-12-04,WSTETH-USD,4294.11181640625,4580.03515625,4293.4453125,4552.587890625,41417786
2024-12-05,WSTETH-USD,4552.56201171875,4663.18994140625,4491.53466796875,4534.37548828125,37175965
2024-12-06,WSTETH-USD,4533.84619140625,4837.0625,4514.26513671875,4776.9912109375,102526467
2024-12-07,WSTETH-USD,4776.9912109375,4776.9912109375,4725.322265625,4750.08251953125,27384924
2024-12-08,WSTETH-USD,4749.0166015625,4752.05126953125,4693.9892578125,4736.5810546875,28538256
2024-12-09,WSTETH-USD,4742.5185546875,4743.99853515625,4334.37109375,4406.2255859375,35776626
2024-12-10,WSTETH-USD,4406.7734375,4468.33056640625,4263.22802734375,4317.39599609375,69256110
2024-12-11,WSTETH-USD,4316.2197265625,4539.7021484375,4277.50732421875,4538.37255859375,43138806
2024-12-12,WSTETH-USD,4538.37255859375,4699.65380859375,4527.24609375,4600.703125,73546830
2024-12-13,WSTETH-USD,4600.53955078125,4658.77587890625,4596.658203125,4629.4921875,46699008
2024-12-14,WSTETH-USD,4635.51904296875,4658.5,4552.27978515625,4583.3603515625,42168753
2024-12-15,WSTETH-USD,4583.92578125,4663.1591796875,4572.23046875,4662.15380859375,41582830
2024-12-16,WSTETH-USD,4661.50927734375,4805.5146484375,4629.5615234375,4753.64892578125,53059144
2024-12-17,WSTETH-USD,4753.595703125,4779.42236328125,4644.72265625,4652.46484375,34646734
2024-12-18,WSTETH-USD,4652.46484375,4655.06689453125,4323.53564453125,4323.53564453125,41987983
2024-12-19,WSTETH-USD,4323.53564453125,4383.86572265625,4036.3896484375,4074.68701171875,47440770
2024-12-20,WSTETH-USD,4074.677490234375,4122.08349609375,3738.981689453125,4116.6806640625,47469035
2024-12-21,WSTETH-USD,4117.0986328125,4179.1611328125,3934.00537109375,3952.380615234375,24507419
2024-12-22,WSTETH-USD,3952.380615234375,4014.5625,3871.547607421875,3887.769287109375,20640465
2024-12-23,WSTETH-USD,3887.769287109375,4077.92578125,3856.097900390625,4062.711669921875,41969098
2024-12-24,WSTETH-USD,4062.711669921875,4155.947265625,4004.144775390625,4144.2822265625,26989271
2024-12-25,WSTETH-USD,4144.4501953125,4172.4375,4109.1787109375,4134.6328125,33582748
2024-12-26,WSTETH-USD,4134.7001953125,4142.84619140625,3939.998779296875,3952.774169921875,27593781
2024-12-27,WSTETH-USD,3952.774169921875,4051.882080078125,3935.44677734375,3947.222900390625,25373423
2024-12-28,WSTETH-USD,3947.222900390625,4040.2841796875,3947.222900390625,4035.48046875,23155940
2024-12-29,WSTETH-USD,4035.48046875,4039.750244140625,3965.024169921875,3982.7529296875,14263203
2024-12-30,WSTETH-USD,3982.708984375,4060.841064453125,3940.76318359375,3987.183837890625,27982254
2024-12-31,WSTETH-USD,3987.30712890625,4064.228515625,3954.736328125,3961.750732421875,23874397
2025-01-01,WSTETH-USD,3961.750732421875,3984.599853515625,3952.664306640625,3983.135009765625,14482743
2025-01-02,WSTETH-USD,3983.135009765625,4129.705078125,3982.523193359375,4094.789306640625,21268325
2025-01-03,WSTETH-USD,4094.789306640625,4298.59716796875,4084.409423828125,4293.53662109375,21599830
2025-01-04,WSTETH-USD,4291.85107421875,4349.28955078125,4262.33935546875,4349.07373046875,18144682
2025-01-05,WSTETH-USD,4349.0859375,4353.27783203125,4290.42431640625,4326.82763671875,13932576
2025-01-06,WSTETH-USD,4326.82763671875,4414.71142578125,4309.228515625,4377.740234375,20101997
2025-01-07,WSTETH-USD,4377.84423828125,4386.431640625,4028.1513671875,4028.8701171875,12001248
2025-01-08,WSTETH-USD,4028.8701171875,4049.913330078125,3892.96728515625,3953.3974609375,17350354
2025-01-09,WSTETH-USD,3953.3974609375,3984.57080078125,3806.806884765625,3829.99267578125,18197917
2025-01-10,WSTETH-USD,3829.99267578125,3937.462646484375,3829.954833984375,3890.027099609375,16295255
2025-01-11,WSTETH-USD,3888.89453125,3926.509765625,3844.17333984375,3909.216552734375,7808274
2025-01-12,WSTETH-USD,3909.144775390625,3910.974365234375,3861.3271484375,3880.88037109375,9717085
2025-01-13,WSTETH-USD,3880.854736328125,3930.959716796875,3580.989501953125,3722.358642578125,25178711
2025-01-14,WSTETH-USD,3722.347900390625,3844.38916015625,3721.07275390625,3838.788330078125,17690031
2025-01-15,WSTETH-USD,3838.788330078125,4097.7451171875,3803.1572265625,4091.999755859375,16992950
2025-01-16,WSTETH-USD,4092.357666015625,4098.013671875,3929.736328125,3932.618896484375,15543449
2025-01-17,WSTETH-USD,3932.618896484375,4149.8525390625,3932.44189453125,4134.318359375,14358038
2025-01-18,WSTETH-USD,4134.318359375,4142.52197265625,3868.924072265625,3922.80078125,20632194
2025-01-19,WSTETH-USD,3922.895263671875,4069.111328125,3745.621337890625,3821.2783203125,34758652
2025-01-20,WSTETH-USD,3821.3154296875,4034.50341796875,3787.89794921875,3911.1708984375,56729353
2025-01-21,WSTETH-USD,3911.452392578125,3962.08056640625,3841.749267578125,3947.255859375,42842141
2025-01-22,WSTETH-USD,3947.255859375,3964.0859375,3861.986083984375,3864.740966796875,16693714
2025-01-23,WSTETH-USD,3864.740966796875,3926.035400390625,3806.84375,3925.10302734375,18670612
2025-01-24,WSTETH-USD,3925.10302734375,4048.839599609375,3910.44775390625,3948.4248046875,19874227
2025-01-25,WSTETH-USD,3948.37353515625,3976.0244140625,3904.60498046875,3961.420166015625,11659750
2025-01-26,WSTETH-USD,3961.420166015625,3978.2646484375,3894.42578125,3894.42578125,11230007
2025-01-27,WSTETH-USD,3894.42578125,3894.42578125,3632.8515625,3770.72607421875,15728919
2025-01-28,WSTETH-USD,3770.72607421875,3822.787841796875,3653.447265625,3656.217041015625,12704146
2025-01-29,WSTETH-USD,3658.48046875,3751.862060546875,3658.48046875,3722.996337890625,14502703
2025-01-30,WSTETH-USD,3722.70751953125,3891.00439453125,3712.7255859375,3878.958984375,14460906
2025-01-31,WSTETH-USD,3878.87060546875,4026.600830078125,3845.058837890625,3933.330078125,21189182
2025-02-01,WSTETH-USD,3933.41845703125,3951.435791015625,3732.32470703125,3732.383544921875,10237069
2025-02-02,WSTETH-USD,3732.383544921875,3757.72412109375,3387.94580078125,3402.847900390625,25478661
2025-02-03,WSTETH-USD,3402.895751953125,3408.5244140625,2751.885498046875,3382.548583984375,72535080
2025-02-04,WSTETH-USD,3382.548583984375,3427.269287109375,3170.5302734375,3235.841552734375,29203473
2025-02-05,WSTETH-USD,3236.50439453125,3345.008544921875,3234.409912109375,3306.364501953125,23566281
2025-02-06,WSTETH-USD,3306.289306640625,3389.310546875,3202.0400390625,3203.824951171875,12645063
2025-02-07,WSTETH-USD,3203.89892578125,3304.755859375,3068.895751953125,3107.100341796875,20239462
2025-02-08,WSTETH-USD,3106.72412109375,3155.24951171875,3101.31494140625,3142.324951171875,6911850
2025-02-09,WSTETH-USD,3142.324951171875,3180.68359375,3046.1435546875,3130.66943359375,17614395
2025-02-10,WSTETH-USD,3130.66943359375,3198.570068359375,3072.124267578125,3169.981201171875,12962459
2025-02-11,WSTETH-USD,3169.981201171875,3237.415283203125,3100.115966796875,3107.768310546875,13204391
2025-02-12,WSTETH-USD,3107.768310546875,3276.404541015625,3083.46630859375,3265.475830078125,12849182
2025-02-13,WSTETH-USD,3265.475830078125,3271.226318359375,3140.7412109375,3188.45556640625,11716235
2025-02-14,WSTETH-USD,3188.45556640625,3296.739013671875,3183.195068359375,3246.9306640625,10266011
2025-02-15,WSTETH-USD,3246.9306640625,3260.878662109375,3207.325439453125,3214.39404296875,11119018
2025-02-16,WSTETH-USD,3214.397216796875,3230.903564453125,3180.5166015625,3180.64599609375,6328184
2025-02-17,WSTETH-USD,3180.656005859375,3351.50390625,3176.386962890625,3273.5068359375,17177886
2025-02-18,WSTETH-USD,3273.548828125,3277.57958984375,3132.152587890625,3178.886474609375,12965148
2025-02-19,WSTETH-USD,3178.886474609375,3256.806640625,3175.84716796875,3241.408203125,19942151
2025-02-20,WSTETH-USD,3241.408203125,3286.975830078125,3239.677978515625,3270.0615234375,11039806
2025-02-21,WSTETH-USD,3270.046142578125,3375.8134765625,3139.066162109375,3162.802001953125,37765107
2025-02-22,WSTETH-USD,3162.77880859375,3326.697998046875,3162.76708984375,3304.00830078125,10129329
2025-02-23,WSTETH-USD,3304.00341796875,3361.226318359375,3288.38330078125,3357.869873046875,7235400
2025-02-24,WSTETH-USD,3357.869873046875,3366.138671875,3009.5595703125,3010.01416015625,15898104
2025-02-25,WSTETH-USD,3009.642333984375,3014.2998046875,2840.661376953125,2986.037841796875,22504663
2025-02-26,WSTETH-USD,2985.972900390625,2986.22412109375,2731.438232421875,2789.7099609375,15944215
2025-02-27,WSTETH-USD,2789.685791015625,2830.544677734375,2694.076904296875,2732.1728515625,10239373
2025-02-28,WSTETH-USD,2732.1728515625,2742.361572265625,2503.3740234375,2659.68994140625,25365668
2025-03-01,WSTETH-USD,2659.668212890625,2707.0615234375,2568.8046875,2642.535888671875,10016728
2025-03-02,WSTETH-USD,2642.61962890625,3019.234619140625,2623.379150390625,3009.466552734375,19820960
2025-03-03,WSTETH-USD,3009.522705078125,3009.8046875,2536.745849609375,2559.039306640625,11687631
2025-03-04,WSTETH-USD,2558.938720703125,2609.394775390625,2436.808349609375,2593.706298828125,21663176
2025-03-05,WSTETH-USD,2593.32177734375,2672.92822265625,2585.57275390625,2672.129150390625,11877917
2025-03-06,WSTETH-USD,2672.10009765625,2752.6650390625,2620.2939453125,2639.555908203125,13010277
2025-03-07,WSTETH-USD,2639.2705078125,2663.65283203125,2543.977294921875,2549.30322265625,9847510
2025-03-08,WSTETH-USD,2549.353759765625,2653.6181640625,2541.431884765625,2637.071044921875,10074788
2025-03-09,WSTETH-USD,2637.071044921875,2640.03759765625,2407.547119140625,2409.724609375,12569956
2025-03-10,WSTETH-USD,2409.724609375,2518.5400390625,2195.1640625,2247.683349609375,19418374
2025-03-11,WSTETH-USD,2247.880615234375,2328.616943359375,2151.954833984375,2307.500244140625,14754216
2025-03-12,WSTETH-USD,2307.500244140625,2312.691650390625,2212.99462890625,2278.803955078125,10928689
2025-03-13,WSTETH-USD,2278.803955078125,2281.992431640625,2207.32666015625,2230.24609375,8474422
2025-03-14,WSTETH-USD,2230.237548828125,2314.15380859375,2229.863037109375,2295.07080078125,6267291
2025-03-15,WSTETH-USD,2295.060546875,2325.813232421875,2285.093017578125,2322.23974609375,3959177
2025-03-16,WSTETH-USD,2322.23974609375,2322.23974609375,2244.496826171875,2255.435791015625,4285914
2025-03-17,WSTETH-USD,2255.435791015625,2327.979248046875,2255.435791015625,2310.39892578125,6566590
2025-03-18,WSTETH-USD,2310.510009765625,2310.510009765625,2250.330810546875,2298.27294921875,10111743
2025-03-19,WSTETH-USD,2298.27294921875,2456.024658203125,2298.10107421875,2456.024658203125,6247114
2025-03-20,WSTETH-USD,2456.15966796875,2457.364990234375,2348.279541015625,2365.861328125,4856819
2025-03-21,WSTETH-USD,2365.71728515625,2375.26416015625,2334.750732421875,2355.795166015625,2961892
2025-03-22,WSTETH-USD,2355.795166015625,2389.802001953125,2354.635009765625,2374.8779296875,4908248
2025-03-23,WSTETH-USD,2374.901611328125,2413.39892578125,2373.735107421875,2391.39404296875,3294532
2025-03-24,WSTETH-USD,2391.39404296875,2507.080810546875,2382.679931640625,2489.283203125,3946140
2025-03-25,WSTETH-USD,2489.646728515625,2499.7021484375,2455.04736328125,2471.930419921875,3326242
2025-03-26,WSTETH-USD,2471.930419921875,2481.0361328125,2391.245849609375,2402.59228515625,5934617
2025-03-27,WSTETH-USD,2402.590576171875,2430.49365234375,2399.74365234375,2401.0556640625,5619535
2025-03-28,WSTETH-USD,2401.122802734375,2405.263916015625,2245.8857421875,2259.529296875,7300571
2025-03-29,WSTETH-USD,2259.529296875,2283.811279296875,2173.738037109375,2181.54833984375,8272477
2025-03-30,WSTETH-USD,2181.54833984375,2206.46728515625,2146.498291015625,2160.8369140625,4220888
2025-03-31,WSTETH-USD,2160.8369140625,2198.26220703125,2145.259521484375,2184.79345703125,6037184
2025-04-01,WSTETH-USD,2184.794677734375,2295.523193359375,2184.00341796875,2288.834716796875,4729990
2025-04-02,WSTETH-USD,2288.834716796875,2298.387451171875,2151.47314453125,2151.47314453125,6828258
2025-04-03,WSTETH-USD,2151.476318359375,2198.51708984375,2125.6201171875,2170.129638671875,7361498
2025-04-04,WSTETH-USD,2170.129638671875,2190.46728515625,2129.681884765625,2168.655517578125,4847008
2025-04-05,WSTETH-USD,2168.655517578125,2178.565673828125,2137.24951171875,2153.2275390625,4386993
2025-04-06,WSTETH-USD,2153.2275390625,2168.772216796875,1869.9927978515625,1886.9820556640625,13592426
2025-04-07,WSTETH-USD,1886.8824462890625,1909.923095703125,1726.008544921875,1877.1358642578125,23908469
2025-04-08,WSTETH-USD,1877.1358642578125,1911.1680908203125,1753.677978515625,1762.475830078125,8995769
2025-04-09,WSTETH-USD,1762.475830078125,2004.8323974609375,1697.57421875,1995.3165283203125,11350477
2025-04-10,WSTETH-USD,1995.3314208984375,1996.0921630859375,1788.363037109375,1824.6005859375,4193323
2025-04-11,WSTETH-USD,1824.6005859375,1885.115478515625,1816.37890625,1876.6229248046875,3509719
2025-04-12,WSTETH-USD,1876.5279541015625,1985.644287109375,1858.0235595703125,1972.946044921875,4990663
2025-04-13,WSTETH-USD,1972.946044921875,1972.946044921875,1891.8031005859375,1909.272216796875,4626197
2025-04-14,WSTETH-USD,1909.272216796875,2007.4388427734375,1909.2645263671875,1945.8992919921875,4154174
2025-04-15,WSTETH-USD,1945.8992919921875,1973.203125,1911.7427978515625,1911.7427978515625,5952824
2025-04-16,WSTETH-USD,1911.453125,1915.8092041015625,1872.8126220703125,1896.656982421875,4345985
2025-04-17,WSTETH-USD,1896.656982421875,1928.2230224609375,1895.501953125,1905.7110595703125,4861920
2025-04-18,WSTETH-USD,1905.7110595703125,1912.0931396484375,1893.1138916015625,1908.9114990234375,2768391
2025-04-19,WSTETH-USD,1908.9114990234375,1936.2862548828125,1904.2596435546875,1934.7354736328125,2803584
2025-04-20,WSTETH-USD,1934.7354736328125,1937.493896484375,1887.3768310546875,1895.2000732421875,2792388
2025-04-21,WSTETH-USD,1895.2000732421875,1976.9989013671875,1886.7535400390625,1889.897216796875,2678831
2025-04-22,WSTETH-USD,1889.897216796875,2098.138916015625,1878.7877197265625,2097.61962890625,5273906
2025-04-23,WSTETH-USD,2097.61962890625,2174.81884765625,2096.474609375,2152.34814453125,5630580
2025-04-24,WSTETH-USD,2152.34814453125,2152.905517578125,2085.5625,2121.283447265625,5000657
2025-04-25,WSTETH-USD,2121.283447265625,2167.735595703125,2103.3515625,2151.46533203125,4438036
2025-04-26,WSTETH-USD,2150.552734375,2177.568115234375,2145.4912109375,2176.155029296875,4716495
2025-04-27,WSTETH-USD,2176.155029296875,2205.7490234375,2150.330078125,2151.287353515625,7460181
2025-04-28,WSTETH-USD,2151.287353515625,2182.235107421875,2109.33349609375,2156.36962890625,8908512
2025-04-29,WSTETH-USD,2156.36962890625,2200.602783203125,2148.958984375,2153.531494140625,5432094
2025-04-30,WSTETH-USD,2153.531494140625,2173.03515625,2107.75244140625,2154.59375,2152840
2025-05-01,WSTETH-USD,2154.59375,2235.744873046875,2154.482177734375,2208.31103515625,5350784
2025-05-02,WSTETH-USD,2208.31103515625,2229.247314453125,2187.191650390625,2209.2353515625,3467525
2025-05-03,WSTETH-USD,2209.2353515625,2209.6611328125,2190.73388671875,2205.493408203125,5050268
2025-05-04,WSTETH-USD,2205.493408203125,2209.600341796875,2181.809814453125,2182.090087890625,3625566
2025-05-05,WSTETH-USD,2182.090087890625,2194.347900390625,2157.57373046875,2184.78076171875,5773803
2025-05-06,WSTETH-USD,2184.78076171875,2184.78076171875,2122.46337890625,2157.16650390625,6066251
2025-05-07,WSTETH-USD,2157.16650390625,2213.410888671875,2157.0146484375,2177.38720703125,4336873
2025-05-08,WSTETH-USD,2177.2724609375,2630.970947265625,2175.8037109375,2630.970947265625,9660658
2025-05-09,WSTETH-USD,2631.056884765625,2925.664306640625,2628.0361328125,2808.871826171875,5717294
2025-05-10,WSTETH-USD,2808.63623046875,3073.57470703125,2801.580322265625,3072.895751953125,8369011
2025-05-11,WSTETH-USD,3072.895751953125,3083.593017578125,2967.009521484375,3010.530517578125,9909168
2025-05-12,WSTETH-USD,3010.530517578125,3083.668701171875,2948.271728515625,2993.68310546875,6845649
2025-05-13,WSTETH-USD,2993.68310546875,3242.6513671875,2925.718505859375,3218.791259765625,8512718
2025-05-14,WSTETH-USD,3218.791259765625,3244.32568359375,3093.74609375,3126.33984375,6195203
2025-05-15,WSTETH-USD,3126.33984375,3150.509033203125,3035.698974609375,3055.180419921875,12348909
2025-05-16,WSTETH-USD,3055.294921875,3157.409912109375,3055.294921875,3066.586669921875,8300625
2025-05-17,WSTETH-USD,3066.586669921875,3070.100830078125,2962.9970703125,2972.773681640625,1798830
2025-05-18,WSTETH-USD,2972.773681640625,3091.91552734375,2870.205078125,2964.046142578125,5675795
2025-05-19,WSTETH-USD,2964.046142578125,3030.243408203125,2859.74658203125,3030.210693359375,7965639
2025-05-20,WSTETH-USD,3030.210693359375,3080.509765625,2977.800048828125,3036.3125,10675101
2025-05-21,WSTETH-USD,3036.3125,3122.802490234375,2974.47509765625,3072.634521484375,9517432
2025-05-22,WSTETH-USD,3072.634521484375,3220.010498046875,3072.08154296875,3186.37255859375,8949307
2025-05-23,WSTETH-USD,3186.37255859375,3263.68603515625,3037.1494140625,3039.383544921875,8891413
2025-05-24,WSTETH-USD,3039.383544921875,3082.086669921875,3032.182861328125,3042.466064453125,4557061
2025-05-25,WSTETH-USD,3042.466064453125,3050.828125,2989.527099609375,3050.828125,6919211
2025-05-26,WSTETH-USD,3050.828125,3105.240478515625,3049.266845703125,3080.0712890625,7346382
2025-05-27,WSTETH-USD,3080.06884765625,3237.565673828125,3044.656494140625,3209.381103515625,7602558
2025-05-28,WSTETH-USD,3209.3212890625,3213.17578125,3165.459716796875,3204.096435546875,5342093
2025-05-29,WSTETH-USD,3204.096435546875,3324.26171875,3180.374755859375,3180.5107421875,6324221
2025-05-30,WSTETH-USD,3180.5107421875,3185.087890625,3053.66650390625,3054.7978515625,6664908
2025-05-31,WSTETH-USD,3054.86279296875,3059.86669921875,3019.9462890625,3050.808349609375,6133144
2025-06-01,WSTETH-USD,3050.84716796875,3051.7998046875,2996.631591796875,3050.320068359375,4771649
2025-06-02,WSTETH-USD,3050.320068359375,3134.06201171875,2991.8701171875,3133.811279296875,4165560
2025-06-03,WSTETH-USD,3133.798095703125,3162.8193359375,3125.6787109375,3129.172607421875,5633885
2025-06-04,WSTETH-USD,3129.172607421875,3197.10107421875,3125.63037109375,3144.10400390625,4897461
2025-06-05,WSTETH-USD,3144.10400390625,3165.49365234375,2924.0380859375,2942.33837890625,6102621
2025-06-06,WSTETH-USD,2942.33837890625,3030.94091796875,2907.262939453125,2991.45556640625,3012771
2025-06-07,WSTETH-USD,2991.45556640625,3049.255859375,2976.52001953125,3042.68310546875,2575760
2025-06-08,WSTETH-USD,3042.68310546875,3058.542724609375,3020.024658203125,3033.452880859375,1200029
2025-06-09,WSTETH-USD,3033.452880859375,3211.59130859375,3001.286376953125,3211.110595703125,4180084
2025-06-10,WSTETH-USD,3210.925048828125,3370.28271484375,3210.241943359375,3367.827880859375,10768288
2025-06-11,WSTETH-USD,3367.827880859375,3445.065185546875,3332.228515625,3352.672607421875,6584207
2025-06-12,WSTETH-USD,3352.672607421875,3352.672607421875,3190.0078125,3210.79150390625,6416902
2025-06-13,WSTETH-USD,3210.79150390625,3210.906982421875,2989.090576171875,3089.36181640625,13441228
2025-06-14,WSTETH-USD,3089.36181640625,3097.07958984375,3022.697509765625,3045.422607421875,5549794
2025-06-15,WSTETH-USD,3045.422607421875,3072.5615234375,3031.028076171875,3055.529296875,3307824
2025-06-16,WSTETH-USD,3055.529296875,3209.052001953125,3045.172607421875,3122.78466796875,2680819
2025-06-17,WSTETH-USD,3122.4423828125,3144.10595703125,3014.734130859375,3026.129638671875,3009565
2025-06-18,WSTETH-USD,3026.129638671875,3058.061767578125,3014.013916015625,3044.65380859375,3150964
2025-06-19,WSTETH-USD,3044.644287109375,3056.03076171875,3013.6572265625,3040.060302734375,5717737
2025-06-20,WSTETH-USD,3040.060302734375,3083.699462890625,2900.377685546875,2902.848876953125,2592020
2025-06-21,WSTETH-USD,2902.848876953125,2946.910400390625,2716.367431640625,2739.24267578125,6450370
2025-06-22,WSTETH-USD,2740.060302734375,2771.2314453125,2591.243896484375,2681.033935546875,6513602
2025-06-23,WSTETH-USD,2681.033935546875,2905.0390625,2680.731689453125,2904.832763671875,6359022
2025-06-24,WSTETH-USD,2904.650634765625,2960.003173828125,2892.976806640625,2946.579833984375,10318211
2025-06-25,WSTETH-USD,2946.579833984375,2958.2919921875,2918.16455078125,2920.098876953125,1462531
2025-06-26,WSTETH-USD,2920.078857421875,3007.0927734375,2910.16015625,2912.16357421875,8931420
2025-06-27,WSTETH-USD,2912.16357421875,2961.148681640625,2898.5458984375,2923.029052734375,3725588
2025-06-28,WSTETH-USD,2923.029052734375,2943.447021484375,2913.627685546875,2940.24267578125,2319257
2025-06-29,WSTETH-USD,2940.24267578125,3025.2255859375,2932.18017578125,3023.621337890625,5503972
2025-06-30,WSTETH-USD,3023.737060546875,3037.76513671875,2959.848388671875,3003.862060546875,7147604
2025-07-01,WSTETH-USD,3003.56201171875,3007.3955078125,2898.576171875,2901.78466796875,4809809
2025-07-02,WSTETH-USD,2901.78466796875,3137.829345703125,2895.40234375,3116.60693359375,8818553
2025-07-03,WSTETH-USD,3116.60693359375,3147.9248046875,3101.671875,3128.402099609375,1626853
2025-07-04,WSTETH-USD,3128.402099609375,3132.67041015625,2996.82177734375,3021.34912109375,3865736
2025-07-05,WSTETH-USD,3021.34912109375,3045.672119140625,3017.4912109375,3038.5546875,3577811
2025-07-06,WSTETH-USD,3038.53076171875,3135.707275390625,3032.038818359375,3104.582763671875,3892649
2025-07-07,WSTETH-USD,3104.582763671875,3115.200927734375,3053.423828125,3064.797607421875,18019657
2025-07-08,WSTETH-USD,3064.797607421875,3152.502685546875,3054.10546875,3152.018798828125,6750976
2025-07-09,WSTETH-USD,3151.987548828125,3348.86865234375,3140.7861328125,3347.31103515625,6968965
2025-07-10,WSTETH-USD,3347.183349609375,3559.650146484375,3339.564453125,3559.39013671875,9620051
2025-07-11,WSTETH-USD,3559.43896484375,3640.013916015625,3536.917236328125,3582.25048828125,4093069
2025-07-12,WSTETH-USD,3582.09326171875,3586.70458984375,3523.465087890625,3545.873291015625,1875979
2025-07-13,WSTETH-USD,3545.87353515625,3614.638671875,3541.443603515625,3584.70263671875,5277704
2025-07-14,WSTETH-USD,3584.7158203125,3688.104736328125,3584.196044921875,3637.024658203125,7493162
2025-07-15,WSTETH-USD,3637.157470703125,3762.07666015625,3575.202392578125,3762.05908203125,9145967
2025-07-16,WSTETH-USD,3761.345458984375,4095.319091796875,3757.046142578125,4063.29296875,12682538
2025-07-17,WSTETH-USD,4063.43896484375,4209.576171875,4028.162841796875,4205.24609375,14265983
2025-07-18,WSTETH-USD,4204.623046875,4408.83544921875,4189.60791015625,4264.98388671875,24167881
2025-07-19,WSTETH-USD,4264.99072265625,4332.85888671875,4251.36865234375,4320.43603515625,7973986
2025-07-20,WSTETH-USD,4320.771484375,4579.8896484375,4320.771484375,4525.3876953125,24768500
2025-07-21,WSTETH-USD,4525.57861328125,4630.25244140625,4484.8994140625,4536.38037109375,5848369
2025-07-22,WSTETH-USD,4536.23193359375,4551.39404296875,4391.34814453125,4508.5703125,31024664
2025-07-23,WSTETH-USD,4508.55029296875,4513.40771484375,4279.123046875,4364.3515625,12319158
2025-07-24,WSTETH-USD,4364.36083984375,4511.896484375,4265.71875,4478.59326171875,14669012
2025-07-25,WSTETH-USD,4478.59375,4496.69189453125,4353.76513671875,4491.14013671875,5994793
2025-07-26,WSTETH-USD,4491.14013671875,4545.99169921875,4482.47900390625,4521.2998046875,6660916
2025-07-27,WSTETH-USD,4521.2998046875,4662.771484375,4518.46533203125,4662.771484375,4423846
2025-07-28,WSTETH-USD,4662.77099609375,4745.40283203125,4550.27587890625,4572.58642578125,4547732
2025-07-29,WSTETH-USD,4573.138671875,4675.00048828125,4539.12060546875,4573.8671875,6387544
2025-07-30,WSTETH-USD,4573.97021484375,4607.3798828125,4507.21875,4576.56689453125,5647708
2025-07-31,WSTETH-USD,4576.56884765625,4667.4169921875,4474.68115234375,4476.10791015625,12315661
2025-08-01,WSTETH-USD,4475.951171875,4487.69677734375,4206.5830078125,4216.95166015625,15780311
2025-08-02,WSTETH-USD,4216.85693359375,4259.029296875,4091.679443359375,4112.1865234375,4658846
2025-08-03,WSTETH-USD,4112.2177734375,4231.529296875,4094.68115234375,4224.7431640625,5483010
2025-08-04,WSTETH-USD,4224.72314453125,4499.4384765625,4219.474609375,4490.896484375,13522538
2025-08-05,WSTETH-USD,4491.18701171875,4492.04248046875,4312.4619140625,4351.400390625,16932825
2025-08-06,WSTETH-USD,4351.45703125,4444.6845703125,4320.6240234375,4444.6845703125,10531326
2025-08-07,WSTETH-USD,4444.6796875,4714.84521484375,4422.361328125,4713.5322265625,13112979
2025-08-08,WSTETH-USD,4714.27734375,4893.99365234375,4703.7763671875,4859.6015625,6722764
2025-08-09,WSTETH-USD,4859.35498046875,5160.63818359375,4855.87890625,5147.099609375,11011068
2025-08-10,WSTETH-USD,5147.03857421875,5189.755859375,5058.16455078125,5112.38525390625,14324532
2025-08-11,WSTETH-USD,5112.375,5235.76806640625,5049.083984375,5105.77001953125,17041680
2025-08-12,WSTETH-USD,5105.77001953125,5562.30810546875,5105.42626953125,5545.94873046875,17380799
2025-08-13,WSTETH-USD,5545.5234375,5746.087890625,5527.79296875,5745.61962890625,13982674
2025-08-14,WSTETH-USD,5745.62744140625,5751.478515625,5430.98046875,5487.044921875,17036747
2025-08-15,WSTETH-USD,5487.1162109375,5607.17138671875,5313.8251953125,5346.4365234375,21231613
2025-08-16,WSTETH-USD,5346.4365234375,5409.11572265625,5313.9619140625,5343.55322265625,2829752
2025-08-17,WSTETH-USD,5343.5791015625,5508.20947265625,5333.86962890625,5429.328125,7925574
2025-08-18,WSTETH-USD,5429.1806640625,5429.37841796875,5142.20068359375,5244.20947265625,20256996
2025-08-19,WSTETH-USD,5244.20947265625,5244.373046875,4951.79736328125,4951.79736328125,21804771
2025-08-20,WSTETH-USD,4932.890625,5258.93115234375,4929.9765625,5242.41162109375,13892138
2025-08-21,WSTETH-USD,5242.41162109375,5242.41162109375,5103.54638671875,5112.88037109375,10997324
2025-08-22,WSTETH-USD,5112.880859375,5869.2431640625,5112.75634765625,5828.51611328125,23291257
2025-08-23,WSTETH-USD,5828.69970703125,5828.92529296875,5678.9306640625,5756.76123046875,7238390
2025-08-24,WSTETH-USD,5756.76123046875,5962.77685546875,5729.23388671875,5786.89013671875,10504435
2025-08-25,WSTETH-USD,5787.0595703125,5789.89794921875,5295.595703125,5295.79931640625,12208324
2025-08-26,WSTETH-USD,5295.79931640625,5560.759765625,5255.23779296875,5552.8388671875,15252386
2025-08-27,WSTETH-USD,5552.71826171875,5615.6142578125,5467.50390625,5467.56787109375,14090267
2025-08-28,WSTETH-USD,5467.7333984375,5560.5283203125,5394.11767578125,5442.66748046875,7862218
2025-08-29,WSTETH-USD,5442.818359375,5443.87060546875,5221.138671875,5274.69287109375,9459147
2025-08-30,WSTETH-USD,5273.35205078125,5320.8076171875,5213.69091796875,5273.98974609375,5659114
2025-08-31,WSTETH-USD,5273.9541015625,5416.09423828125,5273.90673828125,5360.73876953125,5868700
2025-09-01,WSTETH-USD,5360.56689453125,5408.26708984375,5154.52197265625,5186.564453125,7520714
2025-09-02,WSTETH-USD,5186.56494140625,5323.2001953125,5180.6220703125,5228.4658203125,15909384
2025-09-03,WSTETH-USD,5228.47607421875,5416.19384765625,5209.14794921875,5399.16552734375,37914727
2025-09-04,WSTETH-USD,5399.16552734375,5410.830078125,5189.5244140625,5224.90283203125,29513305
2025-09-05,WSTETH-USD,5224.9033203125,5381.2353515625,5189.11962890625,5216.5234375,8455642
2025-09-06,WSTETH-USD,5216.55322265625,5228.220703125,5177.86083984375,5187.056640625,1507357
2025-09-07,WSTETH-USD,5187.056640625,5213.33056640625,5185.45751953125,5202.65869140625,2368622
2025-09-08,WSTETH-USD,5202.30224609375,5256.91455078125,5197.87109375,5220.78466796875,1139284
2025-09-09,WSTETH-USD,5220.78466796875,5282.11572265625,5190.85302734375,5206.50439453125,3213587
2025-09-10,WSTETH-USD,5206.48046875,5330.4072265625,5200.84912109375,5264.67236328125,3859784
2025-09-11,WSTETH-USD,5264.67236328125,5381.9501953125,5263.0498046875,5381.9501953125,11630734
2025-09-12,WSTETH-USD,5381.95068359375,5689.47998046875,5379.42333984375,5689.47998046875,13275110
2025-09-13,WSTETH-USD,5689.9501953125,5744.064453125,5604.8388671875,5644.9287109375,7883433
2025-09-14,WSTETH-USD,5644.6982421875,5659.74755859375,5572.5517578125,5588.216796875,5972122
2025-09-15,WSTETH-USD,5588.1005859375,5639.91357421875,5444.5888671875,5473.2998046875,9219991
2025-09-16,WSTETH-USD,5473.31103515625,5484.267578125,5386.66259765625,5460.41015625,3230385
2025-09-17,WSTETH-USD,5460.16259765625,5540.0224609375,5415.751953125,5537.212890625,10058071
2025-09-18,WSTETH-USD,5537.21337890625,5603.2197265625,5537.193359375,5565.92822265625,12213154
2025-09-19,WSTETH-USD,5566.14892578125,5580.32470703125,5402.357421875,5410.7998046875,11440452
2025-09-20,WSTETH-USD,5410.7998046875,5458.80224609375,5410.7998046875,5441.2724609375,7913100
2025-09-21,WSTETH-USD,5441.2724609375,5444.10986328125,5418.67236328125,5418.67236328125,7485302
2025-09-22,WSTETH-USD,5418.67236328125,5418.67236328125,5041.591796875,5083.76806640625,16303766
2025-09-23,WSTETH-USD,5083.76806640625,5111.04541015625,5045.89111328125,5064.13330078125,11700523
2025-09-24,WSTETH-USD,5064.09423828125,5082.03076171875,5027.5625,5046.6845703125,17297304
2025-09-25,WSTETH-USD,5046.6845703125,5049.39306640625,4694.0380859375,4716.708984375,11808117
2025-09-26,WSTETH-USD,4716.708984375,4892.05615234375,4716.69580078125,4885.5615234375,18892971
2025-09-27,WSTETH-USD,4885.57275390625,4886.70947265625,4852.35107421875,4881.62841796875,13099321
2025-09-28,WSTETH-USD,4881.62841796875,4980.48779296875,4842.6572265625,4980.48779296875,9685682
2025-09-29,WSTETH-USD,4980.6572265625,5133.3349609375,4980.482421875,5128.04541015625,12159556
2025-09-30,WSTETH-USD,5128.0458984375,5129.03564453125,4984.1328125,5033.43310546875,6469782
2025-10-01,WSTETH-USD,5033.43359375,5261.71630859375,5022.54443359375,5259.6484375,8022537
2025-10-02,WSTETH-USD,5259.93798828125,5464.9990234375,5256.126953125,5436.83837890625,6559687
2025-10-03,WSTETH-USD,5436.83837890625,5495.2109375,5427.95361328125,5492.64306640625,7570102
2025-10-04,WSTETH-USD,5492.64306640625,5493.44921875,5422.564453125,5444.33349609375,4045735
2025-10-05,WSTETH-USD,5444.33740234375,5571.24609375,5444.33642578125,5478.31689453125,5994409
2025-10-06,WSTETH-USD,5478.3232421875,5717.6328125,5473.298828125,5704.0615234375,8835152
2025-10-07,WSTETH-USD,5704.0615234375,5731.2607421875,5444.080078125,5444.0966796875,10919734
2025-10-08,WSTETH-USD,5443.0185546875,5499.5087890625,5403.14013671875,5499.36865234375,11354153
2025-10-09,WSTETH-USD,5499.3681640625,5500.37841796875,5252.3310546875,5300.87646484375,17345527
2025-10-10,WSTETH-USD,5300.876953125,5322.0009765625,4199.17529296875,4706.6953125,48014559
2025-10-11,WSTETH-USD,4705.37353515625,4707.75048828125,4510.02294921875,4558.111328125,34980982
2025-10-12,WSTETH-USD,4558.107421875,5036.44970703125,4530.662109375,5034.01611328125,16460244
2025-10-13,WSTETH-USD,5034.0986328125,5188.29541015625,5015.34130859375,5175.7421875,18778855
2025-10-14,WSTETH-USD,5175.73388671875,5175.73876953125,4804.12353515625,5012.033203125,9794951
2025-10-15,WSTETH-USD,5012.02734375,5050.39306640625,4824.8740234375,4838.79443359375,11570482
2025-10-16,WSTETH-USD,4838.8603515625,4927.8369140625,4701.021484375,4717.67138671875,9082452
2025-10-17,WSTETH-USD,4717.67138671875,4768.23193359375,4523.25341796875,4668.48681640625,11513764
2025-10-18,WSTETH-USD,4668.48681640625,4733.412109375,4663.1982421875,4730.52197265625,3620812
2025-10-19,WSTETH-USD,4730.52197265625,4870.4033203125,4707.87353515625,4855.4326171875,3159371
2025-10-20,WSTETH-USD,4855.4326171875,4948.2001953125,4799.09375,4846.61328125,8121825
2025-10-21,WSTETH-USD,4846.61328125,4974.07373046875,4700.8701171875,4756.8154296875,10489740
2025-10-22,WSTETH-USD,4756.8154296875,4756.8154296875,4556.0234375,4597.9072265625,22287023
2025-10-23,WSTETH-USD,4597.9072265625,4743.46826171875,4597.9072265625,4683.8349609375,9333723
2025-10-24,WSTETH-USD,4683.98291015625,4852.8291015625,4683.98291015625,4788.16845703125,19845689
2025-10-25,WSTETH-USD,4788.169921875,4813.921875,4770.08154296875,4811.33740234375,3535932
2025-10-26,WSTETH-USD,4811.10791015625,5069.25927734375,4786.740234375,5067.333984375,13291315
2025-10-27,WSTETH-USD,5062.9697265625,5154.29296875,5010.482421875,5017.7666015625,13100669
2025-10-28,WSTETH-USD,5017.64306640625,5059.7978515625,4814.74169921875,4849.88916015625,10156692
2025-10-29,WSTETH-USD,4849.873046875,4904.775390625,4731.43310546875,4765.755859375,4451082
2025-10-30,WSTETH-USD,4770.8662109375,4798.2275390625,4514.6669921875,4613.58740234375,8245021
2025-10-31,WSTETH-USD,4614.07275390625,4727.22900390625,4614.07275390625,4693.13427734375,13895033
2025-11-01,WSTETH-USD,4692.8837890625,4746.92333984375,4684.21728515625,4714.82861328125,9192050
2025-11-02,WSTETH-USD,4714.8330078125,4756.43408203125,4688.29736328125,4748.78076171875,4855926
2025-11-03,WSTETH-USD,4748.7998046875,4750.763671875,4358.603515625,4381.23046875,36251813
2025-11-04,WSTETH-USD,4381.34033203125,4436.173828125,3785.903564453125,3999.97509765625,67960664
2025-11-05,WSTETH-USD,3997.22900390625,4226.63671875,3882.842529296875,4170.7939453125,39687617
2025-11-06,WSTETH-USD,4170.7880859375,4196.84423828125,3970.107177734375,4030.445556640625,31972253
2025-11-07,WSTETH-USD,4030.4404296875,4220.3701171875,3899.32275390625,4183.34326171875,32718177
2025-11-08,WSTETH-USD,4183.11181640625,4223.56689453125,4091.822265625,4147.14697265625,13159716
2025-11-09,WSTETH-USD,4147.123046875,4383.08447265625,4099.958984375,4349.51123046875,17223471
2025-11-10,WSTETH-USD,4349.619140625,4429.78955078125,4295.3125,4341.1123046875,37030299
2025-11-11,WSTETH-USD,4340.30078125,4398.26416015625,4153.67822265625,4156.515625,38271616
2025-11-12,WSTETH-USD,4156.458984375,4360.443359375,4119.828125,4159.38525390625,22899548
2025-11-13,WSTETH-USD,4159.4462890625,4316.88916015625,3866.62255859375,3944.94189453125,33836220
2025-11-14,WSTETH-USD,3944.481201171875,3948.81640625,3776.725341796875,3795.57666015625,38707390
2025-11-15,WSTETH-USD,3795.062744140625,3902.171142578125,3794.639404296875,3865.333740234375,14641815
2025-11-16,WSTETH-USD,3865.3505859375,3940.75537109375,3724.2392578125,3766.44287109375,25647292
2025-11-17,WSTETH-USD,3766.41162109375,3901.742431640625,3626.253662109375,3672.275146484375,31612834
2025-11-18,WSTETH-USD,3671.97607421875,3843.654541015625,3629.4599609375,3804.5263671875,26289799
2025-11-19,WSTETH-USD,3801.611083984375,3803.208251953125,3508.17626953125,3653.628662109375,32455875
2025-11-20,WSTETH-USD,3654.00537109375,3702.659423828125,3420.27001953125,3464.1455078125,38092838
2025-11-21,WSTETH-USD,3465.91748046875,3486.163330078125,3251.641357421875,3353.234619140625,42010343
2025-11-22,WSTETH-USD,3353.234619140625,3379.537109375,3316.299560546875,3374.4345703125,9114843
2025-11-23,WSTETH-USD,3374.3544921875,3466.425048828125,3374.005859375,3422.997802734375,21124870
2025-11-24,WSTETH-USD,3422.997802734375,3624.661376953125,3377.687255859375,3605.97216796875,29853033
2025-11-25,WSTETH-USD,3605.97216796875,3611.152587890625,3507.124267578125,3604.364013671875,37582171
2025-11-26,WSTETH-USD,3604.364013671875,3695.81689453125,3532.62939453125,3685.2685546875,26957053
2025-11-27,WSTETH-USD,3685.734619140625,3721.30126953125,3649.59130859375,3682.431640625,35336740
2025-11-28,WSTETH-USD,3680.795654296875,3752.190185546875,3661.232421875,3705.1943359375,33346124
2025-11-29,WSTETH-USD,3706.3427734375,3713.241455078125,3638.513671875,3649.365234375,14112700
2025-11-30,WSTETH-USD,3649.365234375,3709.10009765625,3648.7294921875,3677.26171875,9102494
2025-12-01,WSTETH-USD,3676.6015625,3681.894775390625,3340.369140625,3420.203125,36592391
2025-12-02,WSTETH-USD,3420.17724609375,3686.951416015625,3408.9453125,3665.72509765625,15712949
2025-12-03,WSTETH-USD,3665.767822265625,3883.2890625,3656.362060546875,3883.2890625,24318963
2025-12-04,WSTETH-USD,3883.583984375,3925.982666015625,3788.201904296875,3831.931396484375,25387900
2025-12-05,WSTETH-USD,3831.965087890625,3881.469482421875,3679.48291015625,3688.88818359375,8024761
2025-12-06,WSTETH-USD,3688.88818359375,3728.088623046875,3686.27392578125,3710.639892578125,7749898
2025-12-07,WSTETH-USD,3710.639892578125,3832.624755859375,3600.9853515625,3720.20263671875,10246651
2025-12-08,WSTETH-USD,3720.20263671875,3856.577392578125,3720.19677734375,3814.8916015625,5041399
2025-12-09,WSTETH-USD,3814.844482421875,4130.06982421875,3793.4453125,4061.1875,30440442
2025-12-10,WSTETH-USD,4059.487548828125,4162.4619140625,4032.212158203125,4069.83203125,14248953
2025-12-11,WSTETH-USD,4069.608642578125,4069.608642578125,3882.94384765625,3954.1435546875,37313496
2025-12-12,WSTETH-USD,3954.1435546875,3975.73046875,3742.29833984375,3771.94970703125,24617995
2025-12-13,WSTETH-USD,3771.94970703125,3821.115234375,3771.87060546875,3803.475341796875,8877688
2025-12-14,WSTETH-USD,3803.516845703125,3814.0859375,3745.350341796875,3746.86962890625,7412895
2025-12-15,WSTETH-USD,3746.94677734375,3862.4482421875,3576.469482421875,3608.72314453125,26082698
2025-12-16,WSTETH-USD,3608.864013671875,3624.671875,3558.27392578125,3611.564208984375,13566405
2025-12-17,WSTETH-USD,3611.564208984375,3665.9453125,3440.593994140625,3452.42041015625,13342435
2025-12-18,WSTETH-USD,3452.44091796875,3625.508056640625,3421.0185546875,3455.712890625,15237306
2025-12-19,WSTETH-USD,3455.71337890625,3652.9345703125,3446.52001953125,3648.040283203125,8452780
2025-12-20,WSTETH-USD,3648.031982421875,3650.982666015625,3636.51806640625,3637.396240234375,7384323
2025-12-21,WSTETH-USD,3637.396240234375,3663.8505859375,3620.406982421875,3661.6298828125,12089105
2025-12-22,WSTETH-USD,3661.6298828125,3735.185546875,3644.636962890625,3665.2021484375,19230636
2025-12-23,WSTETH-USD,3665.193359375,3690.774658203125,3578.20654296875,3619.6142578125,10536101
2025-12-24,WSTETH-USD,3619.4521484375,3624.703857421875,3568.72314453125,3604.44921875,3657608
2025-12-25,WSTETH-USD,3604.44921875,3612.122314453125,3561.2919921875,3562.08642578125,7783184
2025-12-26,WSTETH-USD,3564.93603515625,3639.23046875,3557.96826171875,3577.776611328125,8234968
2025-12-27,WSTETH-USD,3577.776611328125,3589.356201171875,3572.690185546875,3588.583984375,8078457
2025-12-28,WSTETH-USD,3588.583984375,3604.585205078125,3585.842041015625,3599.160888671875,7199615
2025-12-29,WSTETH-USD,3599.579833984375,3719.122314453125,3572.75244140625,3587.020263671875,4382037
2025-12-30,WSTETH-USD,3586.837646484375,3650.78564453125,3577.85693359375,3629.391357421875,13246098
2025-12-31,WSTETH-USD,3629.482177734375,3673.03564453125,3624.99169921875,3636.444091796875,9306432
2026-01-01,WSTETH-USD,3636.405517578125,3663.6923828125,3636.353515625,3663.6923828125,13488293
2026-01-02,WSTETH-USD,3663.652099609375,3832.814453125,3661.021240234375,3823.846923828125,4114970
2026-01-03,WSTETH-USD,3823.992919921875,3827.79638671875,3784.6953125,3820.70947265625,5325318
2026-01-04,WSTETH-USD,3819.571533203125,3855.54150390625,3816.4482421875,3838.09521484375,2760654
2026-01-05,WSTETH-USD,3838.0546875,3967.74658203125,3838.0546875,3957.427734375,7089795
2026-01-06,WSTETH-USD,3957.8701171875,4024.659423828125,3932.614013671875,4024.659423828125,7801303
2026-01-07,WSTETH-USD,4024.659423828125,4025.244384765625,3841.450927734375,3868.648681640625,11160414
2026-01-08,WSTETH-USD,3868.648681640625,3878.30419921875,3766.901123046875,3804.98681640625,10481189
2026-01-09,WSTETH-USD,3804.82861328125,3820.274169921875,3765.969970703125,3774.665283203125,11004914
2026-01-10,WSTETH-USD,3774.623046875,3788.439453125,3770.514404296875,3770.514404296875,4819798
2026-01-11,WSTETH-USD,3770.514404296875,3829.299072265625,3770.514404296875,3810.771484375,2821902
2026-01-12,WSTETH-USD,3810.7802734375,3862.23291015625,3784.45849609375,3792.137939453125,4786883
2026-01-13,WSTETH-USD,3792.137939453125,4073.359375,3792.108642578125,4065.986083984375,18609725
2026-01-14,WSTETH-USD,4066.0224609375,4127.16357421875,4030.884521484375,4111.689453125,19684194
2026-01-15,WSTETH-USD,4111.328125,4123.73193359375,4025.22802734375,4054.39111328125,10808432
2026-01-16,WSTETH-USD,4054.515625,4060.792724609375,4002.52587890625,4026.140380859375,23018732
2026-01-17,WSTETH-USD,4026.104248046875,4063.6845703125,4024.886474609375,4048.74951171875,9951000
2026-01-18,WSTETH-USD,4048.74951171875,4107.73974609375,4043.5537109375,4043.5537109375,9398252
2026-01-19,WSTETH-USD,4043.260009765625,4047.787353515625,3908.709716796875,3911.3330078125,34722133
2026-01-20,WSTETH-USD,3911.220458984375,3916.714599609375,3622.5224609375,3625.520751953125,12708698
2026-01-21,WSTETH-USD,3625.520751953125,3714.50390625,3549.00830078125,3675.0712890625,7794503
2026-01-22,WSTETH-USD,3675.0712890625,3704.00439453125,3593.4052734375,3610.767333984375,6803421
2026-01-23,WSTETH-USD,3610.7333984375,3663.170654296875,3571.943603515625,3616.454345703125,15691524
2026-01-24,WSTETH-USD,3616.527587890625,3625.484619140625,3613.666015625,3616.099609375,2854345
2026-01-25,WSTETH-USD,3616.136962890625,3616.560302734375,3427.936767578125,3437.126708984375,7260460
2026-01-26,WSTETH-USD,3437.126708984375,3584.72314453125,3437.126708984375,3584.543701171875,6610932
2026-01-27,WSTETH-USD,3584.5673828125,3700.89501953125,3565.544189453125,3700.89501953125,9182812
2026-01-28,WSTETH-USD,3700.88232421875,3715.305908203125,3665.43896484375,3690.05029296875,7568631
2026-01-29,WSTETH-USD,3689.937255859375,3689.937255859375,3418.17822265625,3450.999755859375,13095768
2026-01-30,WSTETH-USD,3450.953369140625,3453.46826171875,3285.951904296875,3304.00830078125,7117970
2026-01-31,WSTETH-USD,3304.00830078125,3312.31591796875,2873.317138671875,2976.391845703125,34946379
2026-02-01,WSTETH-USD,2976.391845703125,3007.29248046875,2771.807373046875,2788.62451171875,24014288
2026-02-02,WSTETH-USD,2976.391845703125,3007.29248046875,2771.807373046875,2788.62451171875,24014288
2026-02-03,WSTETH-USD,2861.831298828125,2873.001953125,2604.79736328125,2731.772705078125,36657204
2026-02-04,WSTETH-USD,2731.782470703125,2795.108642578125,2565.154296875,2616.281982421875,21429327
2026-02-05,WSTETH-USD,2616.27490234375,2631.341796875,2253.919921875,2268.04248046875,53618469
2026-02-06,WSTETH-USD,2261.095947265625,2536.452880859375,2185.308349609375,2528.83349609375,49038001
2026-02-07,WSTETH-USD,2528.83349609375,2573.056396484375,2465.95947265625,2559.364990234375,22167025
2026-02-08,WSTETH-USD,2559.38427734375,2609.1162109375,2544.12158203125,2567.435791015625,5548721
2026-02-09,WSTETH-USD,2567.426513671875,2607.46728515625,2478.187744140625,2591.7333984375,11632898
2026-02-10,WSTETH-USD,2591.7333984375,2595.601318359375,2456.728759765625,2464.073486328125,9435670
